construct,standard,host,arabic,aramaic,assamese,bengali,dari,gujarati,hebrew,hindi,kannada,kashmiri,malayalam,marathi,nepali,odia,pali,pashto,persian,phoenician,prakrit,punjabi,sanskrit,shahmukhi,sindhi,syriac,tamil,telugu,urdu
C_MAIN,main,c,projected:perso-arabic,projected:aramaic,projected:bengali,projected:bengali,projected:perso-arabic,projected:gujarati,projected:hebrew,authored,projected:kannada,projected:sharada,projected:malayalam,projected:devanagari,projected:devanagari,projected:oriya,projected:devanagari,projected:perso-arabic,projected:perso-arabic,projected:phoenician,projected:devanagari,projected:gurmukhi,projected:devanagari,projected:perso-arabic,projected:khudawadi,projected:syriac,projected:tamil,projected:telugu,projected:perso-arabic
C_BASSTUB_C,basstub.c,c,projected:perso-arabic,projected:aramaic,projected:bengali,projected:bengali,projected:perso-arabic,projected:gujarati,projected:hebrew,authored,projected:kannada,projected:sharada,projected:malayalam,projected:devanagari,projected:devanagari,projected:oriya,projected:devanagari,projected:perso-arabic,projected:perso-arabic,projected:phoenician,projected:devanagari,projected:gurmukhi,projected:devanagari,projected:perso-arabic,projected:khudawadi,projected:syriac,projected:tamil,projected:telugu,projected:perso-arabic
C_ALLOC_H,alloc.h,c,projected:perso-arabic,projected:aramaic,projected:bengali,projected:bengali,projected:perso-arabic,projected:gujarati,projected:hebrew,authored,projected:kannada,projected:sharada,projected:malayalam,projected:devanagari,projected:devanagari,projected:oriya,projected:devanagari,projected:perso-arabic,projected:perso-arabic,projected:phoenician,projected:devanagari,projected:gurmukhi,projected:devanagari,projected:perso-arabic,projected:khudawadi,projected:syriac,projected:tamil,projected:telugu,projected:perso-arabic
C_ASSERT_H,assert.h,c,projected:perso-arabic,projected:aramaic,projected:bengali,projected:bengali,projected:perso-arabic,projected:gujarati,projected:hebrew,authored,projected:kannada,projected:sharada,projected:malayalam,projected:devanagari,projected:devanagari,projected:oriya,projected:devanagari,projected:perso-arabic,projected:perso-arabic,projected:phoenician,projected:devanagari,projected:gurmukhi,projected:devanagari,projected:perso-arabic,projected:khudawadi,projected:syriac,projected:tamil,projected:telugu,projected:perso-arabic
C_BIOS_H,bios.h,c,projected:perso-arabic,projected:aramaic,projected:bengali,projected:bengali,projected:perso-arabic,projected:gujarati,projected:hebrew,authored,projected:kannada,projected:sharada,projected:malayalam,projected:devanagari,projected:devanagari,projected:oriya,projected:devanagari,projected:perso-arabic,projected:perso-arabic,projected:phoenician,projected:devanagari,projected:gurmukhi,projected:devanagari,projected:perso-arabic,projected:khudawadi,projected:syriac,projected:tamil,projected:telugu,projected:perso-arabic
C_CONIO_H,conio.h,c,projected:perso-arabic,projected:aramaic,projected:bengali,projected:bengali,projected:perso-arabic,projected:gujarati,projected:hebrew,authored,projected:kannada,projected:sharada,projected:malayalam,projected:devanagari,projected:devanagari,projected:oriya,projected:devanagari,projected:perso-arabic,projected:perso-arabic,projected:phoenician,projected:devanagari,projected:gurmukhi,projected:devanagari,projected:perso-arabic,projected:khudawadi,projected:syriac,projected:tamil,projected:telugu,projected:perso-arabic
C_CTYPE_H,ctype.h,c,projected:perso-arabic,projected:aramaic,projected:bengali,projected:bengali,projected:perso-arabic,projected:gujarati,projected:hebrew,authored,projected:kannada,projected:sharada,projected:malayalam,projected:devanagari,projected:devanagari,projected:oriya,projected:devanagari,projected:perso-arabic,projected:perso-arabic,projected:phoenician,projected:devanagari,projected:gurmukhi,projected:devanagari,projected:perso-arabic,projected:khudawadi,projected:syriac,projected:tamil,projected:telugu,projected:perso-arabic
C_DIR_H,dir.h,c,projected:perso-arabic,projected:aramaic,projected:bengali,projected:bengali,projected:perso-arabic,projected:gujarati,projected:hebrew,authored,projected:kannada,projected:sharada,projected:malayalam,projected:devanagari,projected:devanagari,projected:oriya,projected:devanagari,projected:perso-arabic,projected:perso-arabic,projected:phoenician,projected:devanagari,projected:gurmukhi,projected:devanagari,projected:perso-arabic,projected:khudawadi,projected:syriac,projected:tamil,projected:telugu,projected:perso-arabic
C_DOS_H,dos.h,c,projected:perso-arabic,projected:aramaic,projected:bengali,projected:bengali,projected:perso-arabic,projected:gujarati,projected:hebrew,authored,projected:kannada,projected:sharada,projected:malayalam,projected:devanagari,projected:devanagari,projected:oriya,projected:devanagari,projected:perso-arabic,projected:perso-arabic,projected:phoenician,projected:devanagari,projected:gurmukhi,projected:devanagari,projected:perso-arabic,projected:khudawadi,projected:syriac,projected:tamil,projected:telugu,projected:perso-arabic
C_ERRNO_H,errno.h,c,projected:perso-arabic,projected:aramaic,projected:bengali,projected:bengali,projected:perso-arabic,projected:gujarati,projected:hebrew,authored,projected:kannada,projected:sharada,projected:malayalam,projected:devanagari,projected:devanagari,projected:oriya,projected:devanagari,projected:perso-arabic,projected:perso-arabic,projected:phoenician,projected:devanagari,projected:gurmukhi,projected:devanagari,projected:perso-arabic,projected:khudawadi,projected:syriac,projected:tamil,projected:telugu,projected:perso-arabic
C_FLOAT_H,float.h,c,projected:perso-arabic,projected:aramaic,projected:bengali,projected:bengali,projected:perso-arabic,projected:gujarati,projected:hebrew,authored,projected:kannada,projected:sharada,projected:malayalam,projected:devanagari,projected:devanagari,projected:oriya,projected:devanagari,projected:perso-arabic,projected:perso-arabic,projected:phoenician,projected:devanagari,projected:gurmukhi,projected:devanagari,projected:perso-arabic,projected:khudawadi,projected:syriac,projected:tamil,projected:telugu,projected:perso-arabic
C_IO_H,io.h,c,projected:perso-arabic,projected:aramaic,projected:bengali,projected:bengali,projected:perso-arabic,projected:gujarati,projected:hebrew,authored,projected:kannada,projected:sharada,projected:malayalam,projected:devanagari,projected:devanagari,projected:oriya,projected:devanagari,projected:perso-arabic,projected:perso-arabic,projected:phoenician,projected:devanagari,projected:gurmukhi,projected:devanagari,projected:perso-arabic,projected:khudawadi,projected:syriac,projected:tamil,projected:telugu,projected:perso-arabic
C_LIMITS_H,limits.h,c,projected:perso-arabic,projected:aramaic,projected:bengali,projected:bengali,projected:perso-arabic,projected:gujarati,projected:hebrew,authored,projected:kannada,projected:sharada,projected:malayalam,projected:devanagari,projected:devanagari,projected:oriya,projected:devanagari,projected:perso-arabic,projected:perso-arabic,projected:phoenician,projected:devanagari,projected:gurmukhi,projected:devanagari,projected:perso-arabic,projected:khudawadi,projected:syriac,projected:tamil,projected:telugu,projected:perso-arabic
C_LOCALE_H,locale.h,c,projected:perso-arabic,projected:aramaic,projected:bengali,projected:bengali,projected:perso-arabic,projected:gujarati,projected:hebrew,authored,projected:kannada,projected:sharada,projected:malayalam,projected:devanagari,projected:devanagari,projected:oriya,projected:devanagari,projected:perso-arabic,projected:perso-arabic,projected:phoenician,projected:devanagari,projected:gurmukhi,projected:devanagari,projected:perso-arabic,projected:khudawadi,projected:syriac,projected:tamil,projected:telugu,projected:perso-arabic
C_MATH_H,math.h,c,projected:perso-arabic,projected:aramaic,projected:bengali,projected:bengali,projected:perso-arabic,projected:gujarati,projected:hebrew,authored,projected:kannada,projected:sharada,projected:malayalam,projected:devanagari,projected:devanagari,projected:oriya,projected:devanagari,projected:perso-arabic,projected:perso-arabic,projected:phoenician,projected:devanagari,projected:gurmukhi,projected:devanagari,projected:perso-arabic,projected:khudawadi,projected:syriac,projected:tamil,projected:telugu,projected:perso-arabic
C_MEM_H,mem.h,c,projected:perso-arabic,projected:aramaic,projected:bengali,projected:bengali,projected:perso-arabic,projected:gujarati,projected:hebrew,authored,projected:kannada,projected:sharada,projected:malayalam,projected:devanagari,projected:devanagari,projected:oriya,projected:devanagari,projected:perso-arabic,projected:perso-arabic,projected:phoenician,projected:devanagari,projected:gurmukhi,projected:devanagari,projected:perso-arabic,projected:khudawadi,projected:syriac,projected:tamil,projected:telugu,projected:perso-arabic
C_PROCESS_H,process.h,c,projected:perso-arabic,projected:aramaic,projected:bengali,projected:bengali,projected:perso-arabic,projected:gujarati,projected:hebrew,authored,projected:kannada,projected:sharada,projected:malayalam,projected:devanagari,projected:devanagari,projected:oriya,projected:devanagari,projected:perso-arabic,projected:perso-arabic,projected:phoenician,projected:devanagari,projected:gurmukhi,projected:devanagari,projected:perso-arabic,projected:khudawadi,projected:syriac,projected:tamil,projected:telugu,projected:perso-arabic
C_SETJMP_H,setjmp.h,c,projected:perso-arabic,projected:aramaic,projected:bengali,projected:bengali,projected:perso-arabic,projected:gujarati,projected:hebrew,authored,projected:kannada,projected:sharada,projected:malayalam,projected:devanagari,projected:devanagari,projected:oriya,projected:devanagari,projected:perso-arabic,projected:perso-arabic,projected:phoenician,projected:devanagari,projected:gurmukhi,projected:devanagari,projected:perso-arabic,projected:khudawadi,projected:syriac,projected:tamil,projected:telugu,projected:perso-arabic
C_SIGNAL_H,signal.h,c,projected:perso-arabic,projected:aramaic,projected:bengali,projected:bengali,projected:perso-arabic,projected:gujarati,projected:hebrew,authored,projected:kannada,projected:sharada,projected:malayalam,projected:devanagari,projected:devanagari,projected:oriya,projected:devanagari,projected:perso-arabic,projected:perso-arabic,projected:phoenician,projected:devanagari,projected:gurmukhi,projected:devanagari,projected:perso-arabic,projected:khudawadi,projected:syriac,projected:tamil,projected:telugu,projected:perso-arabic
C_STDARG_H,stdarg.h,c,projected:perso-arabic,projected:aramaic,projected:bengali,projected:bengali,projected:perso-arabic,projected:gujarati,projected:hebrew,authored,projected:kannada,projected:sharada,projected:malayalam,projected:devanagari,projected:devanagari,projected:oriya,projected:devanagari,projected:perso-arabic,projected:perso-arabic,projected:phoenician,projected:devanagari,projected:gurmukhi,projected:devanagari,projected:perso-arabic,projected:khudawadi,projected:syriac,projected:tamil,projected:telugu,projected:perso-arabic
C_STDDEF_H,stddef.h,c,projected:perso-arabic,projected:aramaic,projected:bengali,projected:bengali,projected:perso-arabic,projected:gujarati,projected:hebrew,authored,projected:kannada,projected:sharada,projected:malayalam,projected:devanagari,projected:devanagari,projected:oriya,projected:devanagari,projected:perso-arabic,projected:perso-arabic,projected:phoenician,projected:devanagari,projected:gurmukhi,projected:devanagari,projected:perso-arabic,projected:khudawadi,projected:syriac,projected:tamil,projected:telugu,projected:perso-arabic
C_STDIO_H,stdio.h,c,projected:perso-arabic,projected:aramaic,projected:bengali,projected:bengali,projected:perso-arabic,projected:gujarati,projected:hebrew,authored,projected:kannada,projected:sharada,projected:malayalam,projected:devanagari,projected:devanagari,projected:oriya,projected:devanagari,projected:perso-arabic,projected:perso-arabic,projected:phoenician,projected:devanagari,projected:gurmukhi,projected:devanagari,projected:perso-arabic,projected:khudawadi,projected:syriac,projected:tamil,projected:telugu,projected:perso-arabic
C_STDLIB_H,stdlib.h,c,projected:perso-arabic,projected:aramaic,projected:bengali,projected:bengali,projected:perso-arabic,projected:gujarati,projected:hebrew,authored,projected:kannada,projected:sharada,projected:malayalam,projected:devanagari,projected:devanagari,projected:oriya,projected:devanagari,projected:perso-arabic,projected:perso-arabic,projected:phoenician,projected:devanagari,projected:gurmukhi,projected:devanagari,projected:perso-arabic,projected:khudawadi,projected:syriac,projected:tamil,projected:telugu,projected:perso-arabic
C_STRING_H,string.h,c,projected:perso-arabic,projected:aramaic,projected:bengali,projected:bengali,projected:perso-arabic,projected:gujarati,projected:hebrew,authored,projected:kannada,projected:sharada,projected:malayalam,projected:devanagari,projected:devanagari,projected:oriya,projected:devanagari,projected:perso-arabic,projected:perso-arabic,projected:phoenician,projected:devanagari,projected:gurmukhi,projected:devanagari,projected:perso-arabic,projected:khudawadi,projected:syriac,projected:tamil,projected:telugu,projected:perso-arabic
C_STAT_H,stat.h,c,projected:perso-arabic,projected:aramaic,projected:bengali,projected:bengali,projected:perso-arabic,projected:gujarati,projected:hebrew,authored,projected:kannada,projected:sharada,projected:malayalam,projected:devanagari,projected:devanagari,projected:oriya,projected:devanagari,projected:perso-arabic,projected:perso-arabic,projected:phoenician,projected:devanagari,projected:gurmukhi,projected:devanagari,projected:perso-arabic,projected:khudawadi,projected:syriac,projected:tamil,projected:telugu,projected:perso-arabic
C_TIME_H,time.h,c,projected:perso-arabic,projected:aramaic,projected:bengali,projected:bengali,projected:perso-arabic,projected:gujarati,projected:hebrew,authored,projected:kannada,projected:sharada,projected:malayalam,projected:devanagari,projected:devanagari,projected:oriya,projected:devanagari,projected:perso-arabic,projected:perso-arabic,projected:phoenician,projected:devanagari,projected:gurmukhi,projected:devanagari,projected:perso-arabic,projected:khudawadi,projected:syriac,projected:tamil,projected:telugu,projected:perso-arabic
C_TIMEB_H,timeb.h,c,projected:perso-arabic,projected:aramaic,projected:bengali,projected:bengali,projected:perso-arabic,projected:gujarati,projected:hebrew,authored,projected:kannada,projected:sharada,projected:malayalam,projected:devanagari,projected:devanagari,projected:oriya,projected:devanagari,projected:perso-arabic,projected:perso-arabic,projected:phoenician,projected:devanagari,projected:gurmukhi,projected:devanagari,projected:perso-arabic,projected:khudawadi,projected:syriac,projected:tamil,projected:telugu,projected:perso-arabic
C__,{,c,projected:perso-arabic,projected:aramaic,projected:bengali,projected:bengali,projected:perso-arabic,projected:gujarati,projected:hebrew,authored,projected:kannada,projected:sharada,projected:malayalam,projected:devanagari,projected:devanagari,projected:oriya,projected:devanagari,projected:perso-arabic,projected:perso-arabic,projected:phoenician,projected:devanagari,projected:gurmukhi,projected:devanagari,projected:perso-arabic,projected:khudawadi,projected:syriac,projected:tamil,projected:telugu,projected:perso-arabic
C__,},c,projected:perso-arabic,projected:aramaic,projected:bengali,projected:bengali,projected:perso-arabic,projected:gujarati,projected:hebrew,authored,projected:kannada,projected:sharada,projected:malayalam,projected:devanagari,projected:devanagari,projected:oriya,projected:devanagari,projected:perso-arabic,projected:perso-arabic,projected:phoenician,projected:devanagari,projected:gurmukhi,projected:devanagari,projected:perso-arabic,projected:khudawadi,projected:syriac,projected:tamil,projected:telugu,projected:perso-arabic
C__DEFINE,#define,c,projected:perso-arabic,projected:aramaic,projected:bengali,projected:bengali,projected:perso-arabic,projected:gujarati,projected:hebrew,authored,projected:kannada,projected:sharada,projected:malayalam,projected:devanagari,projected:devanagari,projected:oriya,projected:devanagari,projected:perso-arabic,projected:perso-arabic,projected:phoenician,projected:devanagari,projected:gurmukhi,projected:devanagari,projected:perso-arabic,projected:khudawadi,projected:syriac,projected:tamil,projected:telugu,projected:perso-arabic
C__ELIF,#elif,c,projected:perso-arabic,projected:aramaic,projected:bengali,projected:bengali,projected:perso-arabic,projected:gujarati,projected:hebrew,authored,projected:kannada,projected:sharada,projected:malayalam,projected:devanagari,projected:devanagari,projected:oriya,projected:devanagari,projected:perso-arabic,projected:perso-arabic,projected:phoenician,projected:devanagari,projected:gurmukhi,projected:devanagari,projected:perso-arabic,projected:khudawadi,projected:syriac,projected:tamil,projected:telugu,projected:perso-arabic
C__ELSE,#else,c,projected:perso-arabic,projected:aramaic,projected:bengali,projected:bengali,projected:perso-arabic,projected:gujarati,projected:hebrew,authored,projected:kannada,projected:sharada,projected:malayalam,projected:devanagari,projected:devanagari,projected:oriya,projected:devanagari,projected:perso-arabic,projected:perso-arabic,projected:phoenician,projected:devanagari,projected:gurmukhi,projected:devanagari,projected:perso-arabic,projected:khudawadi,projected:syriac,projected:tamil,projected:telugu,projected:perso-arabic
C__ENDIF,#endif,c,projected:perso-arabic,projected:aramaic,projected:bengali,projected:bengali,projected:perso-arabic,projected:gujarati,projected:hebrew,authored,projected:kannada,projected:sharada,projected:malayalam,projected:devanagari,projected:devanagari,projected:oriya,projected:devanagari,projected:perso-arabic,projected:perso-arabic,projected:phoenician,projected:devanagari,projected:gurmukhi,projected:devanagari,projected:perso-arabic,projected:khudawadi,projected:syriac,projected:tamil,projected:telugu,projected:perso-arabic
C__ERROR,#error,c,projected:perso-arabic,projected:aramaic,projected:bengali,projected:bengali,projected:perso-arabic,projected:gujarati,projected:hebrew,authored,projected:kannada,projected:sharada,projected:malayalam,projected:devanagari,projected:devanagari,projected:oriya,projected:devanagari,projected:perso-arabic,projected:perso-arabic,projected:phoenician,projected:devanagari,projected:gurmukhi,projected:devanagari,projected:perso-arabic,projected:khudawadi,projected:syriac,projected:tamil,projected:telugu,projected:perso-arabic
C__IF,#if,c,projected:perso-arabic,projected:aramaic,projected:bengali,projected:bengali,projected:perso-arabic,projected:gujarati,projected:hebrew,authored,projected:kannada,projected:sharada,projected:malayalam,projected:devanagari,projected:devanagari,projected:oriya,projected:devanagari,projected:perso-arabic,projected:perso-arabic,projected:phoenician,projected:devanagari,projected:gurmukhi,projected:devanagari,projected:perso-arabic,projected:khudawadi,projected:syriac,projected:tamil,projected:telugu,projected:perso-arabic
C__IFDEF,#ifdef,c,projected:perso-arabic,projected:aramaic,projected:bengali,projected:bengali,projected:perso-arabic,projected:gujarati,projected:hebrew,authored,projected:kannada,projected:sharada,projected:malayalam,projected:devanagari,projected:devanagari,projected:oriya,projected:devanagari,projected:perso-arabic,projected:perso-arabic,projected:phoenician,projected:devanagari,projected:gurmukhi,projected:devanagari,projected:perso-arabic,projected:khudawadi,projected:syriac,projected:tamil,projected:telugu,projected:perso-arabic
C__IFNDEF,#ifndef,c,projected:perso-arabic,projected:aramaic,projected:bengali,projected:bengali,projected:perso-arabic,projected:gujarati,projected:hebrew,authored,projected:kannada,projected:sharada,projected:malayalam,projected:devanagari,projected:devanagari,projected:oriya,projected:devanagari,projected:perso-arabic,projected:perso-arabic,projected:phoenician,projected:devanagari,projected:gurmukhi,projected:devanagari,projected:perso-arabic,projected:khudawadi,projected:syriac,projected:tamil,projected:telugu,projected:perso-arabic
C__INCLUDE,#include,c,projected:perso-arabic,projected:aramaic,projected:bengali,projected:bengali,projected:perso-arabic,projected:gujarati,projected:hebrew,authored,projected:kannada,projected:sharada,projected:malayalam,projected:devanagari,projected:devanagari,projected:oriya,projected:devanagari,projected:perso-arabic,projected:perso-arabic,projected:phoenician,projected:devanagari,projected:gurmukhi,projected:devanagari,projected:perso-arabic,projected:khudawadi,projected:syriac,projected:tamil,projected:telugu,projected:perso-arabic
C__LINE,#line,c,projected:perso-arabic,projected:aramaic,projected:bengali,projected:bengali,projected:perso-arabic,projected:gujarati,projected:hebrew,authored,projected:kannada,projected:sharada,projected:malayalam,projected:devanagari,projected:devanagari,projected:oriya,projected:devanagari,projected:perso-arabic,projected:perso-arabic,projected:phoenician,projected:devanagari,projected:gurmukhi,projected:devanagari,projected:perso-arabic,projected:khudawadi,projected:syriac,projected:tamil,projected:telugu,projected:perso-arabic
C__PRAGMA,#pragma,c,projected:perso-arabic,projected:aramaic,projected:bengali,projected:bengali,projected:perso-arabic,projected:gujarati,projected:hebrew,authored,projected:kannada,projected:sharada,projected:malayalam,projected:devanagari,projected:devanagari,projected:oriya,projected:devanagari,projected:perso-arabic,projected:perso-arabic,projected:phoenician,projected:devanagari,projected:gurmukhi,projected:devanagari,projected:perso-arabic,projected:khudawadi,projected:syriac,projected:tamil,projected:telugu,projected:perso-arabic
C__UNDEF,#undef,c,projected:perso-arabic,projected:aramaic,projected:bengali,projected:bengali,projected:perso-arabic,projected:gujarati,projected:hebrew,authored,projected:kannada,projected:sharada,projected:malayalam,projected:devanagari,projected:devanagari,projected:oriya,projected:devanagari,projected:perso-arabic,projected:perso-arabic,projected:phoenician,projected:devanagari,projected:gurmukhi,projected:devanagari,projected:perso-arabic,projected:khudawadi,projected:syriac,projected:tamil,projected:telugu,projected:perso-arabic
C_BUFSIZ,BUFSIZ,c,projected:perso-arabic,projected:aramaic,projected:bengali,projected:bengali,projected:perso-arabic,projected:gujarati,projected:hebrew,authored,projected:kannada,projected:sharada,projected:malayalam,projected:devanagari,projected:devanagari,projected:oriya,projected:devanagari,projected:perso-arabic,projected:perso-arabic,projected:phoenician,projected:devanagari,projected:gurmukhi,projected:devanagari,projected:perso-arabic,projected:khudawadi,projected:syriac,projected:tamil,projected:telugu,projected:perso-arabic
C_CHAR_BIT,CHAR_BIT,c,projected:perso-arabic,projected:aramaic,projected:bengali,projected:bengali,projected:perso-arabic,projected:gujarati,projected:hebrew,authored,projected:kannada,projected:sharada,projected:malayalam,projected:devanagari,projected:devanagari,projected:oriya,projected:devanagari,projected:perso-arabic,projected:perso-arabic,projected:phoenician,projected:devanagari,projected:gurmukhi,projected:devanagari,projected:perso-arabic,projected:khudawadi,projected:syriac,projected:tamil,projected:telugu,projected:perso-arabic
C_CHAR_MAX,CHAR_MAX,c,projected:perso-arabic,projected:aramaic,projected:bengali,projected:bengali,projected:perso-arabic,projected:gujarati,projected:hebrew,authored,projected:kannada,projected:sharada,projected:malayalam,projected:devanagari,projected:devanagari,projected:oriya,projected:devanagari,projected:perso-arabic,projected:perso-arabic,projected:phoenician,projected:devanagari,projected:gurmukhi,projected:devanagari,projected:perso-arabic,projected:khudawadi,projected:syriac,projected:tamil,projected:telugu,projected:perso-arabic
C_CHAR_MIN,CHAR_MIN,c,projected:perso-arabic,projected:aramaic,projected:bengali,projected:bengali,projected:perso-arabic,projected:gujarati,projected:hebrew,authored,projected:kannada,projected:sharada,projected:malayalam,projected:devanagari,projected:devanagari,projected:oriya,projected:devanagari,projected:perso-arabic,projected:perso-arabic,projected:phoenician,projected:devanagari,projected:gurmukhi,projected:devanagari,projected:perso-arabic,projected:khudawadi,projected:syriac,projected:tamil,projected:telugu,projected:perso-arabic
C_CHILD_MAX,CHILD_MAX,c,projected:perso-arabic,projected:aramaic,projected:bengali,projected:bengali,projected:perso-arabic,projected:gujarati,projected:hebrew,authored,projected:kannada,projected:sharada,projected:malayalam,projected:devanagari,projected:devanagari,projected:oriya,projected:devanagari,projected:perso-arabic,projected:perso-arabic,projected:phoenician,projected:devanagari,projected:gurmukhi,projected:devanagari,projected:perso-arabic,projected:khudawadi,projected:syriac,projected:tamil,projected:telugu,projected:perso-arabic
C_CLK_TCK,CLK_TCK,c,projected:perso-arabic,projected:aramaic,projected:bengali,projected:bengali,projected:perso-arabic,projected:gujarati,projected:hebrew,authored,projected:kannada,projected:sharada,projected:malayalam,projected:devanagari,projected:devanagari,projected:oriya,projected:devanagari,projected:perso-arabic,projected:perso-arabic,projected:phoenician,projected:devanagari,projected:gurmukhi,projected:devanagari,projected:perso-arabic,projected:khudawadi,projected:syriac,projected:tamil,projected:telugu,projected:perso-arabic
C_DBL_DIG,DBL_DIG,c,projected:perso-arabic,projected:aramaic,projected:bengali,projected:bengali,projected:perso-arabic,projected:gujarati,projected:hebrew,authored,projected:kannada,projected:sharada,projected:malayalam,projected:devanagari,projected:devanagari,projected:oriya,projected:devanagari,projected:perso-arabic,projected:perso-arabic,projected:phoenician,projected:devanagari,projected:gurmukhi,projected:devanagari,projected:perso-arabic,projected:khudawadi,projected:syriac,projected:tamil,projected:telugu,projected:perso-arabic
C_DBL_EPSILON,DBL_EPSILON,c,projected:perso-arabic,projected:aramaic,projected:bengali,projected:bengali,projected:perso-arabic,projected:gujarati,projected:hebrew,authored,projected:kannada,projected:sharada,projected:malayalam,projected:devanagari,projected:devanagari,projected:oriya,projected:devanagari,projected:perso-arabic,projected:perso-arabic,projected:phoenician,projected:devanagari,projected:gurmukhi,projected:devanagari,projected:perso-arabic,projected:khudawadi,projected:syriac,projected:tamil,projected:telugu,projected:perso-arabic
C_DBL_MANT_DIG,DBL_MANT_DIG,c,projected:perso-arabic,projected:aramaic,projected:bengali,projected:bengali,projected:perso-arabic,projected:gujarati,projected:hebrew,authored,projected:kannada,projected:sharada,projected:malayalam,projected:devanagari,projected:devanagari,projected:oriya,projected:devanagari,projected:perso-arabic,projected:perso-arabic,projected:phoenician,projected:devanagari,projected:gurmukhi,projected:devanagari,projected:perso-arabic,projected:khudawadi,projected:syriac,projected:tamil,projected:telugu,projected:perso-arabic
C_DBL_MAX,DBL_MAX,c,projected:perso-arabic,projected:aramaic,projected:bengali,projected:bengali,projected:perso-arabic,projected:gujarati,projected:hebrew,authored,projected:kannada,projected:sharada,projected:malayalam,projected:devanagari,projected:devanagari,projected:oriya,projected:devanagari,projected:perso-arabic,projected:perso-arabic,projected:phoenician,projected:devanagari,projected:gurmukhi,projected:devanagari,projected:perso-arabic,projected:khudawadi,projected:syriac,projected:tamil,projected:telugu,projected:perso-arabic
C_DBL_MIN,DBL_MIN,c,projected:perso-arabic,projected:aramaic,projected:bengali,projected:bengali,projected:perso-arabic,projected:gujarati,projected:hebrew,authored,projected:kannada,projected:sharada,projected:malayalam,projected:devanagari,projected:devanagari,projected:oriya,projected:devanagari,projected:perso-arabic,projected:perso-arabic,projected:phoenician,projected:devanagari,projected:gurmukhi,projected:devanagari,projected:perso-arabic,projected:khudawadi,projected:syriac,projected:tamil,projected:telugu,projected:perso-arabic
C_DIR,DIR,c,projected:perso-arabic,projected:aramaic,projected:bengali,projected:bengali,projected:perso-arabic,projected:gujarati,projected:hebrew,authored,projected:kannada,projected:sharada,projected:malayalam,projected:devanagari,projected:devanagari,projected:oriya,projected:devanagari,projected:perso-arabic,projected:perso-arabic,projected:phoenician,projected:devanagari,projected:gurmukhi,projected:devanagari,projected:perso-arabic,projected:khudawadi,projected:syriac,projected:tamil,projected:telugu,projected:perso-arabic
C_EDOM,EDOM,c,projected:perso-arabic,projected:aramaic,projected:bengali,projected:bengali,projected:perso-arabic,projected:gujarati,projected:hebrew,authored,projected:kannada,projected:sharada,projected:malayalam,projected:devanagari,projected:devanagari,projected:oriya,projected:devanagari,projected:perso-arabic,projected:perso-arabic,projected:phoenician,projected:devanagari,projected:gurmukhi,projected:devanagari,projected:perso-arabic,projected:khudawadi,projected:syriac,projected:tamil,projected:telugu,projected:perso-arabic
C_EOF,EOF,c,projected:perso-arabic,projected:aramaic,projected:bengali,projected:bengali,projected:perso-arabic,projected:gujarati,projected:hebrew,authored,projected:kannada,projected:sharada,projected:malayalam,projected:devanagari,projected:devanagari,projected:oriya,projected:devanagari,projected:perso-arabic,projected:perso-arabic,projected:phoenician,projected:devanagari,projected:gurmukhi,projected:devanagari,projected:perso-arabic,projected:khudawadi,projected:syriac,projected:tamil,projected:telugu,projected:perso-arabic
C_ERANGE,ERANGE,c,projected:perso-arabic,projected:aramaic,projected:bengali,projected:bengali,projected:perso-arabic,projected:gujarati,projected:hebrew,authored,projected:kannada,projected:sharada,projected:malayalam,projected:devanagari,projected:devanagari,projected:oriya,projected:devanagari,projected:perso-arabic,projected:perso-arabic,projected:phoenician,projected:devanagari,projected:gurmukhi,projected:devanagari,projected:perso-arabic,projected:khudawadi,projected:syriac,projected:tamil,projected:telugu,projected:perso-arabic
C_EXIT_FAILURE,EXIT_FAILURE,c,projected:perso-arabic,projected:aramaic,projected:bengali,projected:bengali,projected:perso-arabic,projected:gujarati,projected:hebrew,authored,projected:kannada,projected:sharada,projected:malayalam,projected:devanagari,projected:devanagari,projected:oriya,projected:devanagari,projected:perso-arabic,projected:perso-arabic,projected:phoenician,projected:devanagari,projected:gurmukhi,projected:devanagari,projected:perso-arabic,projected:khudawadi,projected:syriac,projected:tamil,projected:telugu,projected:perso-arabic
C_EXIT_SUCCESS,EXIT_SUCCESS,c,projected:perso-arabic,projected:aramaic,projected:bengali,projected:bengali,projected:perso-arabic,projected:gujarati,projected:hebrew,authored,projected:kannada,projected:sharada,projected:malayalam,projected:devanagari,projected:devanagari,projected:oriya,projected:devanagari,projected:perso-arabic,projected:perso-arabic,projected:phoenician,projected:devanagari,projected:gurmukhi,projected:devanagari,projected:perso-arabic,projected:khudawadi,projected:syriac,projected:tamil,projected:telugu,projected:perso-arabic
C_FILE,FILE,c,projected:perso-arabic,projected:aramaic,projected:bengali,projected:bengali,projected:perso-arabic,projected:gujarati,projected:hebrew,authored,projected:kannada,projected:sharada,projected:malayalam,projected:devanagari,projected:devanagari,projected:oriya,projected:devanagari,projected:perso-arabic,projected:perso-arabic,projected:phoenician,projected:devanagari,projected:gurmukhi,projected:devanagari,projected:perso-arabic,projected:khudawadi,projected:syriac,projected:tamil,projected:telugu,projected:perso-arabic
C_FILENAME_MAX,FILENAME_MAX,c,projected:perso-arabic,projected:aramaic,projected:bengali,projected:bengali,projected:perso-arabic,projected:gujarati,projected:hebrew,authored,projected:kannada,projected:sharada,projected:malayalam,projected:devanagari,projected:devanagari,projected:oriya,projected:devanagari,projected:perso-arabic,projected:perso-arabic,projected:phoenician,projected:devanagari,projected:gurmukhi,projected:devanagari,projected:perso-arabic,projected:khudawadi,projected:syriac,projected:tamil,projected:telugu,projected:perso-arabic
C_FLT_DIG,FLT_DIG,c,projected:perso-arabic,projected:aramaic,projected:bengali,projected:bengali,projected:perso-arabic,projected:gujarati,projected:hebrew,authored,projected:kannada,projected:sharada,projected:malayalam,projected:devanagari,projected:devanagari,projected:oriya,projected:devanagari,projected:perso-arabic,projected:perso-arabic,projected:phoenician,projected:devanagari,projected:gurmukhi,projected:devanagari,projected:perso-arabic,projected:khudawadi,projected:syriac,projected:tamil,projected:telugu,projected:perso-arabic
C_FLT_EPSILON,FLT_EPSILON,c,projected:perso-arabic,projected:aramaic,projected:bengali,projected:bengali,projected:perso-arabic,projected:gujarati,projected:hebrew,authored,projected:kannada,projected:sharada,projected:malayalam,projected:devanagari,projected:devanagari,projected:oriya,projected:devanagari,projected:perso-arabic,projected:perso-arabic,projected:phoenician,projected:devanagari,projected:gurmukhi,projected:devanagari,projected:perso-arabic,projected:khudawadi,projected:syriac,projected:tamil,projected:telugu,projected:perso-arabic
C_FLT_MANT_DIG,FLT_MANT_DIG,c,projected:perso-arabic,projected:aramaic,projected:bengali,projected:bengali,projected:perso-arabic,projected:gujarati,projected:hebrew,authored,projected:kannada,projected:sharada,projected:malayalam,projected:devanagari,projected:devanagari,projected:oriya,projected:devanagari,projected:perso-arabic,projected:perso-arabic,projected:phoenician,projected:devanagari,projected:gurmukhi,projected:devanagari,projected:perso-arabic,projected:khudawadi,projected:syriac,projected:tamil,projected:telugu,projected:perso-arabic
C_FLT_MAX,FLT_MAX,c,projected:perso-arabic,projected:aramaic,projected:bengali,projected:bengali,projected:perso-arabic,projected:gujarati,projected:hebrew,authored,projected:kannada,projected:sharada,projected:malayalam,projected:devanagari,projected:devanagari,projected:oriya,projected:devanagari,projected:perso-arabic,projected:perso-arabic,projected:phoenician,projected:devanagari,projected:gurmukhi,projected:devanagari,projected:perso-arabic,projected:khudawadi,projected:syriac,projected:tamil,projected:telugu,projected:perso-arabic
C_FLT_MIN,FLT_MIN,c,projected:perso-arabic,projected:aramaic,projected:bengali,projected:bengali,projected:perso-arabic,projected:gujarati,projected:hebrew,authored,projected:kannada,projected:sharada,projected:malayalam,projected:devanagari,projected:devanagari,projected:oriya,projected:devanagari,projected:perso-arabic,projected:perso-arabic,projected:phoenician,projected:devanagari,projected:gurmukhi,projected:devanagari,projected:perso-arabic,projected:khudawadi,projected:syriac,projected:tamil,projected:telugu,projected:perso-arabic
C_FLT_RADIX,FLT_RADIX,c,projected:perso-arabic,projected:aramaic,projected:bengali,projected:bengali,projected:perso-arabic,projected:gujarati,projected:hebrew,authored,projected:kannada,projected:sharada,projected:malayalam,projected:devanagari,projected:devanagari,projected:oriya,projected:devanagari,projected:perso-arabic,projected:perso-arabic,projected:phoenician,projected:devanagari,projected:gurmukhi,projected:devanagari,projected:perso-arabic,projected:khudawadi,projected:syriac,projected:tamil,projected:telugu,projected:perso-arabic
C_FOPEN_MAX,FOPEN_MAX,c,projected:perso-arabic,projected:aramaic,projected:bengali,projected:bengali,projected:perso-arabic,projected:gujarati,projected:hebrew,authored,projected:kannada,projected:sharada,projected:malayalam,projected:devanagari,projected:devanagari,projected:oriya,projected:devanagari,projected:perso-arabic,projected:perso-arabic,projected:phoenician,projected:devanagari,projected:gurmukhi,projected:devanagari,projected:perso-arabic,projected:khudawadi,projected:syriac,projected:tamil,projected:telugu,projected:perso-arabic
C_HUGE_VAL,HUGE_VAL,c,projected:perso-arabic,projected:aramaic,projected:bengali,projected:bengali,projected:perso-arabic,projected:gujarati,projected:hebrew,authored,projected:kannada,projected:sharada,projected:malayalam,projected:devanagari,projected:devanagari,projected:oriya,projected:devanagari,projected:perso-arabic,projected:perso-arabic,projected:phoenician,projected:devanagari,projected:gurmukhi,projected:devanagari,projected:perso-arabic,projected:khudawadi,projected:syriac,projected:tamil,projected:telugu,projected:perso-arabic
C_INFINITY,INFINITY,c,projected:perso-arabic,projected:aramaic,projected:bengali,projected:bengali,projected:perso-arabic,projected:gujarati,projected:hebrew,authored,projected:kannada,projected:sharada,projected:malayalam,projected:devanagari,projected:devanagari,projected:oriya,projected:devanagari,projected:perso-arabic,projected:perso-arabic,projected:phoenician,projected:devanagari,projected:gurmukhi,projected:devanagari,projected:perso-arabic,projected:khudawadi,projected:syriac,projected:tamil,projected:telugu,projected:perso-arabic
C_INT_MAX,INT_MAX,c,projected:perso-arabic,projected:aramaic,projected:bengali,projected:bengali,projected:perso-arabic,projected:gujarati,projected:hebrew,authored,projected:kannada,projected:sharada,projected:malayalam,projected:devanagari,projected:devanagari,projected:oriya,projected:devanagari,projected:perso-arabic,projected:perso-arabic,projected:phoenician,projected:devanagari,projected:gurmukhi,projected:devanagari,projected:perso-arabic,projected:khudawadi,projected:syriac,projected:tamil,projected:telugu,projected:perso-arabic
C_INT_MIN,INT_MIN,c,projected:perso-arabic,projected:aramaic,projected:bengali,projected:bengali,projected:perso-arabic,projected:gujarati,projected:hebrew,authored,projected:kannada,projected:sharada,projected:malayalam,projected:devanagari,projected:devanagari,projected:oriya,projected:devanagari,projected:perso-arabic,projected:perso-arabic,projected:phoenician,projected:devanagari,projected:gurmukhi,projected:devanagari,projected:perso-arabic,projected:khudawadi,projected:syriac,projected:tamil,projected:telugu,projected:perso-arabic
C_LDBL_DIG,LDBL_DIG,c,projected:perso-arabic,projected:aramaic,projected:bengali,projected:bengali,projected:perso-arabic,projected:gujarati,projected:hebrew,authored,projected:kannada,projected:sharada,projected:malayalam,projected:devanagari,projected:devanagari,projected:oriya,projected:devanagari,projected:perso-arabic,projected:perso-arabic,projected:phoenician,projected:devanagari,projected:gurmukhi,projected:devanagari,projected:perso-arabic,projected:khudawadi,projected:syriac,projected:tamil,projected:telugu,projected:perso-arabic
C_LDBL_EPSILON,LDBL_EPSILON,c,projected:perso-arabic,projected:aramaic,projected:bengali,projected:bengali,projected:perso-arabic,projected:gujarati,projected:hebrew,authored,projected:kannada,projected:sharada,projected:malayalam,projected:devanagari,projected:devanagari,projected:oriya,projected:devanagari,projected:perso-arabic,projected:perso-arabic,projected:phoenician,projected:devanagari,projected:gurmukhi,projected:devanagari,projected:perso-arabic,projected:khudawadi,projected:syriac,projected:tamil,projected:telugu,projected:perso-arabic
C_LDBL_MANT_DIG,LDBL_MANT_DIG,c,projected:perso-arabic,projected:aramaic,projected:bengali,projected:bengali,projected:perso-arabic,projected:gujarati,projected:hebrew,authored,projected:kannada,projected:sharada,projected:malayalam,projected:devanagari,projected:devanagari,projected:oriya,projected:devanagari,projected:perso-arabic,projected:perso-arabic,projected:phoenician,projected:devanagari,projected:gurmukhi,projected:devanagari,projected:perso-arabic,projected:khudawadi,projected:syriac,projected:tamil,projected:telugu,projected:perso-arabic
C_LDBL_MAX,LDBL_MAX,c,projected:perso-arabic,projected:aramaic,projected:bengali,projected:bengali,projected:perso-arabic,projected:gujarati,projected:hebrew,authored,projected:kannada,projected:sharada,projected:malayalam,projected:devanagari,projected:devanagari,projected:oriya,projected:devanagari,projected:perso-arabic,projected:perso-arabic,projected:phoenician,projected:devanagari,projected:gurmukhi,projected:devanagari,projected:perso-arabic,projected:khudawadi,projected:syriac,projected:tamil,projected:telugu,projected:perso-arabic
C_LDBL_MIN,LDBL_MIN,c,projected:perso-arabic,projected:aramaic,projected:bengali,projected:bengali,projected:perso-arabic,projected:gujarati,projected:hebrew,authored,projected:kannada,projected:sharada,projected:malayalam,projected:devanagari,projected:devanagari,projected:oriya,projected:devanagari,projected:perso-arabic,projected:perso-arabic,projected:phoenician,projected:devanagari,projected:gurmukhi,projected:devanagari,projected:perso-arabic,projected:khudawadi,projected:syriac,projected:tamil,projected:telugu,projected:perso-arabic
C_LONG_MAX,LONG_MAX,c,projected:perso-arabic,projected:aramaic,projected:bengali,projected:bengali,projected:perso-arabic,projected:gujarati,projected:hebrew,authored,projected:kannada,projected:sharada,projected:malayalam,projected:devanagari,projected:devanagari,projected:oriya,projected:devanagari,projected:perso-arabic,projected:perso-arabic,projected:phoenician,projected:devanagari,projected:gurmukhi,projected:devanagari,projected:perso-arabic,projected:khudawadi,projected:syriac,projected:tamil,projected:telugu,projected:perso-arabic
C_LONG_MIN,LONG_MIN,c,projected:perso-arabic,projected:aramaic,projected:bengali,projected:bengali,projected:perso-arabic,projected:gujarati,projected:hebrew,authored,projected:kannada,projected:sharada,projected:malayalam,projected:devanagari,projected:devanagari,projected:oriya,projected:devanagari,projected:perso-arabic,projected:perso-arabic,projected:phoenician,projected:devanagari,projected:gurmukhi,projected:devanagari,projected:perso-arabic,projected:khudawadi,projected:syriac,projected:tamil,projected:telugu,projected:perso-arabic
C_L_TMPNAM,L_tmpnam,c,projected:perso-arabic,projected:aramaic,projected:bengali,projected:bengali,projected:perso-arabic,projected:gujarati,projected:hebrew,authored,projected:kannada,projected:sharada,projected:malayalam,projected:devanagari,projected:devanagari,projected:oriya,projected:devanagari,projected:perso-arabic,projected:perso-arabic,projected:phoenician,projected:devanagari,projected:gurmukhi,projected:devanagari,projected:perso-arabic,projected:khudawadi,projected:syriac,projected:tamil,projected:telugu,projected:perso-arabic
C_NAN,NAN,c,projected:perso-arabic,projected:aramaic,projected:bengali,projected:bengali,projected:perso-arabic,projected:gujarati,projected:hebrew,authored,projected:kannada,projected:sharada,projected:malayalam,projected:devanagari,projected:devanagari,projected:oriya,projected:devanagari,projected:perso-arabic,projected:perso-arabic,projected:phoenician,projected:devanagari,projected:gurmukhi,projected:devanagari,projected:perso-arabic,projected:khudawadi,projected:syriac,projected:tamil,projected:telugu,projected:perso-arabic
C_NDEBUG,NDEBUG,c,projected:perso-arabic,projected:aramaic,projected:bengali,projected:bengali,projected:perso-arabic,projected:gujarati,projected:hebrew,authored,projected:kannada,projected:sharada,projected:malayalam,projected:devanagari,projected:devanagari,projected:oriya,projected:devanagari,projected:perso-arabic,projected:perso-arabic,projected:phoenician,projected:devanagari,projected:gurmukhi,projected:devanagari,projected:perso-arabic,projected:khudawadi,projected:syriac,projected:tamil,projected:telugu,projected:perso-arabic
C_NULL,NULL,c,projected:perso-arabic,projected:aramaic,projected:bengali,projected:bengali,projected:perso-arabic,projected:gujarati,projected:hebrew,authored,projected:kannada,projected:sharada,projected:malayalam,projected:devanagari,projected:devanagari,projected:oriya,projected:devanagari,projected:perso-arabic,projected:perso-arabic,projected:phoenician,projected:devanagari,projected:gurmukhi,projected:devanagari,projected:perso-arabic,projected:khudawadi,projected:syriac,projected:tamil,projected:telugu,projected:perso-arabic
C_RAND_MAX,RAND_MAX,c,projected:perso-arabic,projected:aramaic,projected:bengali,projected:bengali,projected:perso-arabic,projected:gujarati,projected:hebrew,authored,projected:kannada,projected:sharada,projected:malayalam,projected:devanagari,projected:devanagari,projected:oriya,projected:devanagari,projected:perso-arabic,projected:perso-arabic,projected:phoenician,projected:devanagari,projected:gurmukhi,projected:devanagari,projected:perso-arabic,projected:khudawadi,projected:syriac,projected:tamil,projected:telugu,projected:perso-arabic
C_SCHAR_MAX,SCHAR_MAX,c,projected:perso-arabic,projected:aramaic,projected:bengali,projected:bengali,projected:perso-arabic,projected:gujarati,projected:hebrew,authored,projected:kannada,projected:sharada,projected:malayalam,projected:devanagari,projected:devanagari,projected:oriya,projected:devanagari,projected:perso-arabic,projected:perso-arabic,projected:phoenician,projected:devanagari,projected:gurmukhi,projected:devanagari,projected:perso-arabic,projected:khudawadi,projected:syriac,projected:tamil,projected:telugu,projected:perso-arabic
C_SCHAR_MIN,SCHAR_MIN,c,projected:perso-arabic,projected:aramaic,projected:bengali,projected:bengali,projected:perso-arabic,projected:gujarati,projected:hebrew,authored,projected:kannada,projected:sharada,projected:malayalam,projected:devanagari,projected:devanagari,projected:oriya,projected:devanagari,projected:perso-arabic,projected:perso-arabic,projected:phoenician,projected:devanagari,projected:gurmukhi,projected:devanagari,projected:perso-arabic,projected:khudawadi,projected:syriac,projected:tamil,projected:telugu,projected:perso-arabic
C_SEEK_CUR,SEEK_CUR,c,projected:perso-arabic,projected:aramaic,projected:bengali,projected:bengali,projected:perso-arabic,projected:gujarati,projected:hebrew,authored,projected:kannada,projected:sharada,projected:malayalam,projected:devanagari,projected:devanagari,projected:oriya,projected:devanagari,projected:perso-arabic,projected:perso-arabic,projected:phoenician,projected:devanagari,projected:gurmukhi,projected:devanagari,projected:perso-arabic,projected:khudawadi,projected:syriac,projected:tamil,projected:telugu,projected:perso-arabic
C_SEEK_END,SEEK_END,c,projected:perso-arabic,projected:aramaic,projected:bengali,projected:bengali,projected:perso-arabic,projected:gujarati,projected:hebrew,authored,projected:kannada,projected:sharada,projected:malayalam,projected:devanagari,projected:devanagari,projected:oriya,projected:devanagari,projected:perso-arabic,projected:perso-arabic,projected:phoenician,projected:devanagari,projected:gurmukhi,projected:devanagari,projected:perso-arabic,projected:khudawadi,projected:syriac,projected:tamil,projected:telugu,projected:perso-arabic
C_SEEK_SET,SEEK_SET,c,projected:perso-arabic,projected:aramaic,projected:bengali,projected:bengali,projected:perso-arabic,projected:gujarati,projected:hebrew,authored,projected:kannada,projected:sharada,projected:malayalam,projected:devanagari,projected:devanagari,projected:oriya,projected:devanagari,projected:perso-arabic,projected:perso-arabic,projected:phoenician,projected:devanagari,projected:gurmukhi,projected:devanagari,projected:perso-arabic,projected:khudawadi,projected:syriac,projected:tamil,projected:telugu,projected:perso-arabic
C_SHRT_MAX,SHRT_MAX,c,projected:perso-arabic,projected:aramaic,projected:bengali,projected:bengali,projected:perso-arabic,projected:gujarati,projected:hebrew,authored,projected:kannada,projected:sharada,projected:malayalam,projected:devanagari,projected:devanagari,projected:oriya,projected:devanagari,projected:perso-arabic,projected:perso-arabic,projected:phoenician,projected:devanagari,projected:gurmukhi,projected:devanagari,projected:perso-arabic,projected:khudawadi,projected:syriac,projected:tamil,projected:telugu,projected:perso-arabic
C_SHRT_MIN,SHRT_MIN,c,projected:perso-arabic,projected:aramaic,projected:bengali,projected:bengali,projected:perso-arabic,projected:gujarati,projected:hebrew,authored,projected:kannada,projected:sharada,projected:malayalam,projected:devanagari,projected:devanagari,projected:oriya,projected:devanagari,projected:perso-arabic,projected:perso-arabic,projected:phoenician,projected:devanagari,projected:gurmukhi,projected:devanagari,projected:perso-arabic,projected:khudawadi,projected:syriac,projected:tamil,projected:telugu,projected:perso-arabic
C_SIBGABRT,SIBGABRT,c,projected:perso-arabic,projected:aramaic,projected:bengali,projected:bengali,projected:perso-arabic,projected:gujarati,projected:hebrew,authored,projected:kannada,projected:sharada,projected:malayalam,projected:devanagari,projected:devanagari,projected:oriya,projected:devanagari,projected:perso-arabic,projected:perso-arabic,projected:phoenician,projected:devanagari,projected:gurmukhi,projected:devanagari,projected:perso-arabic,projected:khudawadi,projected:syriac,projected:tamil,projected:telugu,projected:perso-arabic
C_SIGFPE,SIGFPE,c,projected:perso-arabic,projected:aramaic,projected:bengali,projected:bengali,projected:perso-arabic,projected:gujarati,projected:hebrew,authored,projected:kannada,projected:sharada,projected:malayalam,projected:devanagari,projected:devanagari,projected:oriya,projected:devanagari,projected:perso-arabic,projected:perso-arabic,projected:phoenician,projected:devanagari,projected:gurmukhi,projected:devanagari,projected:perso-arabic,projected:khudawadi,projected:syriac,projected:tamil,projected:telugu,projected:perso-arabic
C_SIGILL,SIGILL,c,projected:perso-arabic,projected:aramaic,projected:bengali,projected:bengali,projected:perso-arabic,projected:gujarati,projected:hebrew,authored,projected:kannada,projected:sharada,projected:malayalam,projected:devanagari,projected:devanagari,projected:oriya,projected:devanagari,projected:perso-arabic,projected:perso-arabic,projected:phoenician,projected:devanagari,projected:gurmukhi,projected:devanagari,projected:perso-arabic,projected:khudawadi,projected:syriac,projected:tamil,projected:telugu,projected:perso-arabic
C_SIGINT,SIGINT,c,projected:perso-arabic,projected:aramaic,projected:bengali,projected:bengali,projected:perso-arabic,projected:gujarati,projected:hebrew,authored,projected:kannada,projected:sharada,projected:malayalam,projected:devanagari,projected:devanagari,projected:oriya,projected:devanagari,projected:perso-arabic,projected:perso-arabic,projected:phoenician,projected:devanagari,projected:gurmukhi,projected:devanagari,projected:perso-arabic,projected:khudawadi,projected:syriac,projected:tamil,projected:telugu,projected:perso-arabic
C_SIGSEGV,SIGSEGV,c,projected:perso-arabic,projected:aramaic,projected:bengali,projected:bengali,projected:perso-arabic,projected:gujarati,projected:hebrew,authored,projected:kannada,projected:sharada,projected:malayalam,projected:devanagari,projected:devanagari,projected:oriya,projected:devanagari,projected:perso-arabic,projected:perso-arabic,projected:phoenician,projected:devanagari,projected:gurmukhi,projected:devanagari,projected:perso-arabic,projected:khudawadi,projected:syriac,projected:tamil,projected:telugu,projected:perso-arabic
C_SIGTERM,SIGTERM,c,projected:perso-arabic,projected:aramaic,projected:bengali,projected:bengali,projected:perso-arabic,projected:gujarati,projected:hebrew,authored,projected:kannada,projected:sharada,projected:malayalam,projected:devanagari,projected:devanagari,projected:oriya,projected:devanagari,projected:perso-arabic,projected:perso-arabic,projected:phoenician,projected:devanagari,projected:gurmukhi,projected:devanagari,projected:perso-arabic,projected:khudawadi,projected:syriac,projected:tamil,projected:telugu,projected:perso-arabic
C_SIG_DFL,SIG_DFL,c,projected:perso-arabic,projected:aramaic,projected:bengali,projected:bengali,projected:perso-arabic,projected:gujarati,projected:hebrew,authored,projected:kannada,projected:sharada,projected:malayalam,projected:devanagari,projected:devanagari,projected:oriya,projected:devanagari,projected:perso-arabic,projected:perso-arabic,projected:phoenician,projected:devanagari,projected:gurmukhi,projected:devanagari,projected:perso-arabic,projected:khudawadi,projected:syriac,projected:tamil,projected:telugu,projected:perso-arabic
C_SIG_ERR,SIG_ERR,c,projected:perso-arabic,projected:aramaic,projected:bengali,projected:bengali,projected:perso-arabic,projected:gujarati,projected:hebrew,authored,projected:kannada,projected:sharada,projected:malayalam,projected:devanagari,projected:devanagari,projected:oriya,projected:devanagari,projected:perso-arabic,projected:perso-arabic,projected:phoenician,projected:devanagari,projected:gurmukhi,projected:devanagari,projected:perso-arabic,projected:khudawadi,projected:syriac,projected:tamil,projected:telugu,projected:perso-arabic
C_SIG_IGN,SIG_IGN,c,projected:perso-arabic,projected:aramaic,projected:bengali,projected:bengali,projected:perso-arabic,projected:gujarati,projected:hebrew,authored,projected:kannada,projected:sharada,projected:malayalam,projected:devanagari,projected:devanagari,projected:oriya,projected:devanagari,projected:perso-arabic,projected:perso-arabic,projected:phoenician,projected:devanagari,projected:gurmukhi,projected:devanagari,projected:perso-arabic,projected:khudawadi,projected:syriac,projected:tamil,projected:telugu,projected:perso-arabic
C_TMP_MAX,TMP_MAX,c,projected:perso-arabic,projected:aramaic,projected:bengali,projected:bengali,projected:perso-arabic,projected:gujarati,projected:hebrew,authored,projected:kannada,projected:sharada,projected:malayalam,projected:devanagari,projected:devanagari,projected:oriya,projected:devanagari,projected:perso-arabic,projected:perso-arabic,projected:phoenician,projected:devanagari,projected:gurmukhi,projected:devanagari,projected:perso-arabic,projected:khudawadi,projected:syriac,projected:tamil,projected:telugu,projected:perso-arabic
C_UCHAR_MAX,UCHAR_MAX,c,projected:perso-arabic,projected:aramaic,projected:bengali,projected:bengali,projected:perso-arabic,projected:gujarati,projected:hebrew,authored,projected:kannada,projected:sharada,projected:malayalam,projected:devanagari,projected:devanagari,projected:oriya,projected:devanagari,projected:perso-arabic,projected:perso-arabic,projected:phoenician,projected:devanagari,projected:gurmukhi,projected:devanagari,projected:perso-arabic,projected:khudawadi,projected:syriac,projected:tamil,projected:telugu,projected:perso-arabic
C_UINT_MAX,UINT_MAX,c,projected:perso-arabic,projected:aramaic,projected:bengali,projected:bengali,projected:perso-arabic,projected:gujarati,projected:hebrew,authored,projected:kannada,projected:sharada,projected:malayalam,projected:devanagari,projected:devanagari,projected:oriya,projected:devanagari,projected:perso-arabic,projected:perso-arabic,projected:phoenician,projected:devanagari,projected:gurmukhi,projected:devanagari,projected:perso-arabic,projected:khudawadi,projected:syriac,projected:tamil,projected:telugu,projected:perso-arabic
C_ULONG_MAX,ULONG_MAX,c,projected:perso-arabic,projected:aramaic,projected:bengali,projected:bengali,projected:perso-arabic,projected:gujarati,projected:hebrew,authored,projected:kannada,projected:sharada,projected:malayalam,projected:devanagari,projected:devanagari,projected:oriya,projected:devanagari,projected:perso-arabic,projected:perso-arabic,projected:phoenician,projected:devanagari,projected:gurmukhi,projected:devanagari,projected:perso-arabic,projected:khudawadi,projected:syriac,projected:tamil,projected:telugu,projected:perso-arabic
C_USHRT_MAX,USHRT_MAX,c,projected:perso-arabic,projected:aramaic,projected:bengali,projected:bengali,projected:perso-arabic,projected:gujarati,projected:hebrew,authored,projected:kannada,projected:sharada,projected:malayalam,projected:devanagari,projected:devanagari,projected:oriya,projected:devanagari,projected:perso-arabic,projected:perso-arabic,projected:phoenician,projected:devanagari,projected:gurmukhi,projected:devanagari,projected:perso-arabic,projected:khudawadi,projected:syriac,projected:tamil,projected:telugu,projected:perso-arabic
C___DATE__,__DATE__,c,projected:perso-arabic,projected:aramaic,projected:bengali,projected:bengali,projected:perso-arabic,projected:gujarati,projected:hebrew,authored,projected:kannada,projected:sharada,projected:malayalam,projected:devanagari,projected:devanagari,projected:oriya,projected:devanagari,projected:perso-arabic,projected:perso-arabic,projected:phoenician,projected:devanagari,projected:gurmukhi,projected:devanagari,projected:perso-arabic,projected:khudawadi,projected:syriac,projected:tamil,projected:telugu,projected:perso-arabic
C___FILE__,__FILE__,c,projected:perso-arabic,projected:aramaic,projected:bengali,projected:bengali,projected:perso-arabic,projected:gujarati,projected:hebrew,authored,projected:kannada,projected:sharada,projected:malayalam,projected:devanagari,projected:devanagari,projected:oriya,projected:devanagari,projected:perso-arabic,projected:perso-arabic,projected:phoenician,projected:devanagari,projected:gurmukhi,projected:devanagari,projected:perso-arabic,projected:khudawadi,projected:syriac,projected:tamil,projected:telugu,projected:perso-arabic
C___LINE__,__LINE__,c,projected:perso-arabic,projected:aramaic,projected:bengali,projected:bengali,projected:perso-arabic,projected:gujarati,projected:hebrew,authored,projected:kannada,projected:sharada,projected:malayalam,projected:devanagari,projected:devanagari,projected:oriya,projected:devanagari,projected:perso-arabic,projected:perso-arabic,projected:phoenician,projected:devanagari,projected:gurmukhi,projected:devanagari,projected:perso-arabic,projected:khudawadi,projected:syriac,projected:tamil,projected:telugu,projected:perso-arabic
C___STDC__,__STDC__,c,projected:perso-arabic,projected:aramaic,projected:bengali,projected:bengali,projected:perso-arabic,projected:gujarati,projected:hebrew,authored,projected:kannada,projected:sharada,projected:malayalam,projected:devanagari,projected:devanagari,projected:oriya,projected:devanagari,projected:perso-arabic,projected:perso-arabic,projected:phoenician,projected:devanagari,projected:gurmukhi,projected:devanagari,projected:perso-arabic,projected:khudawadi,projected:syriac,projected:tamil,projected:telugu,projected:perso-arabic
C___TIME__,__TIME__,c,projected:perso-arabic,projected:aramaic,projected:bengali,projected:bengali,projected:perso-arabic,projected:gujarati,projected:hebrew,authored,projected:kannada,projected:sharada,projected:malayalam,projected:devanagari,projected:devanagari,projected:oriya,projected:devanagari,projected:perso-arabic,projected:perso-arabic,projected:phoenician,projected:devanagari,projected:gurmukhi,projected:devanagari,projected:perso-arabic,projected:khudawadi,projected:syriac,projected:tamil,projected:telugu,projected:perso-arabic
C_ABORT,abort,c,projected:perso-arabic,projected:aramaic,projected:bengali,projected:bengali,projected:perso-arabic,projected:gujarati,projected:hebrew,authored,projected:kannada,projected:sharada,projected:malayalam,projected:devanagari,projected:devanagari,projected:oriya,projected:devanagari,projected:perso-arabic,projected:perso-arabic,projected:phoenician,projected:devanagari,projected:gurmukhi,projected:devanagari,projected:perso-arabic,projected:khudawadi,projected:syriac,projected:tamil,projected:telugu,projected:perso-arabic
C_ABS,abs,c,projected:perso-arabic,projected:aramaic,projected:bengali,projected:bengali,projected:perso-arabic,projected:gujarati,projected:hebrew,authored,projected:kannada,projected:sharada,projected:malayalam,projected:devanagari,projected:devanagari,projected:oriya,projected:devanagari,projected:perso-arabic,projected:perso-arabic,projected:phoenician,projected:devanagari,projected:gurmukhi,projected:devanagari,projected:perso-arabic,projected:khudawadi,projected:syriac,projected:tamil,projected:telugu,projected:perso-arabic
C_ASCTIME,asctime,c,projected:perso-arabic,projected:aramaic,projected:bengali,projected:bengali,projected:perso-arabic,projected:gujarati,projected:hebrew,authored,projected:kannada,projected:sharada,projected:malayalam,projected:devanagari,projected:devanagari,projected:oriya,projected:devanagari,projected:perso-arabic,projected:perso-arabic,projected:phoenician,projected:devanagari,projected:gurmukhi,projected:devanagari,projected:perso-arabic,projected:khudawadi,projected:syriac,projected:tamil,projected:telugu,projected:perso-arabic
C_ASM,asm,c,projected:perso-arabic,projected:aramaic,projected:bengali,projected:bengali,projected:perso-arabic,projected:gujarati,projected:hebrew,authored,projected:kannada,projected:sharada,projected:malayalam,projected:devanagari,projected:devanagari,projected:oriya,projected:devanagari,projected:perso-arabic,projected:perso-arabic,projected:phoenician,projected:devanagari,projected:gurmukhi,projected:devanagari,projected:perso-arabic,projected:khudawadi,projected:syriac,projected:tamil,projected:telugu,projected:perso-arabic
C_ASSERT,assert,c,projected:perso-arabic,projected:aramaic,projected:bengali,projected:bengali,projected:perso-arabic,projected:gujarati,projected:hebrew,authored,projected:kannada,projected:sharada,projected:malayalam,projected:devanagari,projected:devanagari,projected:oriya,projected:devanagari,projected:perso-arabic,projected:perso-arabic,projected:phoenician,projected:devanagari,projected:gurmukhi,projected:devanagari,projected:perso-arabic,projected:khudawadi,projected:syriac,projected:tamil,projected:telugu,projected:perso-arabic
C_ATEXIT,atexit,c,projected:perso-arabic,projected:aramaic,projected:bengali,projected:bengali,projected:perso-arabic,projected:gujarati,projected:hebrew,authored,projected:kannada,projected:sharada,projected:malayalam,projected:devanagari,projected:devanagari,projected:oriya,projected:devanagari,projected:perso-arabic,projected:perso-arabic,projected:phoenician,projected:devanagari,projected:gurmukhi,projected:devanagari,projected:perso-arabic,projected:khudawadi,projected:syriac,projected:tamil,projected:telugu,projected:perso-arabic
C_ATOF,atof,c,projected:perso-arabic,projected:aramaic,projected:bengali,projected:bengali,projected:perso-arabic,projected:gujarati,projected:hebrew,authored,projected:kannada,projected:sharada,projected:malayalam,projected:devanagari,projected:devanagari,projected:oriya,projected:devanagari,projected:perso-arabic,projected:perso-arabic,projected:phoenician,projected:devanagari,projected:gurmukhi,projected:devanagari,projected:perso-arabic,projected:khudawadi,projected:syriac,projected:tamil,projected:telugu,projected:perso-arabic
C_ATOI,atoi,c,projected:perso-arabic,projected:aramaic,projected:bengali,projected:bengali,projected:perso-arabic,projected:gujarati,projected:hebrew,authored,projected:kannada,projected:sharada,projected:malayalam,projected:devanagari,projected:devanagari,projected:oriya,projected:devanagari,projected:perso-arabic,projected:perso-arabic,projected:phoenician,projected:devanagari,projected:gurmukhi,projected:devanagari,projected:perso-arabic,projected:khudawadi,projected:syriac,projected:tamil,projected:telugu,projected:perso-arabic
C_ATOL,atol,c,projected:perso-arabic,projected:aramaic,projected:bengali,projected:bengali,projected:perso-arabic,projected:gujarati,projected:hebrew,authored,projected:kannada,projected:sharada,projected:malayalam,projected:devanagari,projected:devanagari,projected:oriya,projected:devanagari,projected:perso-arabic,projected:perso-arabic,projected:phoenician,projected:devanagari,projected:gurmukhi,projected:devanagari,projected:perso-arabic,projected:khudawadi,projected:syriac,projected:tamil,projected:telugu,projected:perso-arabic
C_AUTO,auto,c,projected:perso-arabic,projected:aramaic,projected:bengali,projected:bengali,projected:perso-arabic,projected:gujarati,projected:hebrew,authored,projected:kannada,projected:sharada,projected:malayalam,projected:devanagari,projected:devanagari,projected:oriya,projected:devanagari,projected:perso-arabic,projected:perso-arabic,projected:phoenician,projected:devanagari,projected:gurmukhi,projected:devanagari,projected:perso-arabic,projected:khudawadi,projected:syriac,projected:tamil,projected:telugu,projected:perso-arabic
C_BREAK,break,c,authored,authored,authored,authored,authored,authored,authored,authored,authored,authored,authored,authored,authored,authored,authored,authored,authored,authored,authored,authored,authored,authored,authored,authored,authored,authored,authored
C_BSEARCH,bsearch,c,projected:perso-arabic,projected:aramaic,projected:bengali,projected:bengali,projected:perso-arabic,projected:gujarati,projected:hebrew,authored,projected:kannada,projected:sharada,projected:malayalam,projected:devanagari,projected:devanagari,projected:oriya,projected:devanagari,projected:perso-arabic,projected:perso-arabic,projected:phoenician,projected:devanagari,projected:gurmukhi,projected:devanagari,projected:perso-arabic,projected:khudawadi,projected:syriac,projected:tamil,projected:telugu,projected:perso-arabic
C_CALLOC,calloc,c,projected:perso-arabic,projected:aramaic,projected:bengali,projected:bengali,projected:perso-arabic,projected:gujarati,projected:hebrew,authored,projected:kannada,projected:sharada,projected:malayalam,projected:devanagari,projected:devanagari,projected:oriya,projected:devanagari,projected:perso-arabic,projected:perso-arabic,projected:phoenician,projected:devanagari,projected:gurmukhi,projected:devanagari,projected:perso-arabic,projected:khudawadi,projected:syriac,projected:tamil,projected:telugu,projected:perso-arabic
C_CASE,case,c,authored,authored,authored,authored,authored,authored,authored,authored,authored,authored,authored,authored,authored,authored,authored,authored,authored,authored,authored,authored,authored,authored,authored,authored,authored,authored,authored
C_CEIL,ceil,c,projected:perso-arabic,projected:aramaic,projected:bengali,projected:bengali,projected:perso-arabic,projected:gujarati,projected:hebrew,authored,projected:kannada,projected:sharada,projected:malayalam,projected:devanagari,projected:devanagari,projected:oriya,projected:devanagari,projected:perso-arabic,projected:perso-arabic,projected:phoenician,projected:devanagari,projected:gurmukhi,projected:devanagari,projected:perso-arabic,projected:khudawadi,projected:syriac,projected:tamil,projected:telugu,projected:perso-arabic
C_CHAR,char,c,authored,authored,authored,authored,authored,authored,authored,authored,authored,authored,authored,authored,authored,authored,authored,authored,authored,authored,authored,authored,authored,authored,authored,authored,authored,authored,authored
C_CHDIR,chdir,c,projected:perso-arabic,projected:aramaic,projected:bengali,projected:bengali,projected:perso-arabic,projected:gujarati,projected:hebrew,authored,projected:kannada,projected:sharada,projected:malayalam,projected:devanagari,projected:devanagari,projected:oriya,projected:devanagari,projected:perso-arabic,projected:perso-arabic,projected:phoenician,projected:devanagari,projected:gurmukhi,projected:devanagari,projected:perso-arabic,projected:khudawadi,projected:syriac,projected:tamil,projected:telugu,projected:perso-arabic
C_CLEARERR,clearerr,c,projected:perso-arabic,projected:aramaic,projected:bengali,projected:bengali,projected:perso-arabic,projected:gujarati,projected:hebrew,authored,projected:kannada,projected:sharada,projected:malayalam,projected:devanagari,projected:devanagari,projected:oriya,projected:devanagari,projected:perso-arabic,projected:perso-arabic,projected:phoenician,projected:devanagari,projected:gurmukhi,projected:devanagari,projected:perso-arabic,projected:khudawadi,projected:syriac,projected:tamil,projected:telugu,projected:perso-arabic
C_CLOCK,clock,c,projected:perso-arabic,projected:aramaic,projected:bengali,projected:bengali,projected:perso-arabic,projected:gujarati,projected:hebrew,authored,projected:kannada,projected:sharada,projected:malayalam,projected:devanagari,projected:devanagari,projected:oriya,projected:devanagari,projected:perso-arabic,projected:perso-arabic,projected:phoenician,projected:devanagari,projected:gurmukhi,projected:devanagari,projected:perso-arabic,projected:khudawadi,projected:syriac,projected:tamil,projected:telugu,projected:perso-arabic
C_CLOCK_T,clock_t,c,projected:perso-arabic,projected:aramaic,projected:bengali,projected:bengali,projected:perso-arabic,projected:gujarati,projected:hebrew,authored,projected:kannada,projected:sharada,projected:malayalam,projected:devanagari,projected:devanagari,projected:oriya,projected:devanagari,projected:perso-arabic,projected:perso-arabic,projected:phoenician,projected:devanagari,projected:gurmukhi,projected:devanagari,projected:perso-arabic,projected:khudawadi,projected:syriac,projected:tamil,projected:telugu,projected:perso-arabic
C_CLOSE,close,c,projected:perso-arabic,projected:aramaic,projected:bengali,projected:bengali,projected:perso-arabic,projected:gujarati,projected:hebrew,authored,projected:kannada,projected:sharada,projected:malayalam,projected:devanagari,projected:devanagari,projected:oriya,projected:devanagari,projected:perso-arabic,projected:perso-arabic,projected:phoenician,projected:devanagari,projected:gurmukhi,projected:devanagari,projected:perso-arabic,projected:khudawadi,projected:syriac,projected:tamil,projected:telugu,projected:perso-arabic
C_CLOSEDIR,closedir,c,projected:perso-arabic,projected:aramaic,projected:bengali,projected:bengali,projected:perso-arabic,projected:gujarati,projected:hebrew,authored,projected:kannada,projected:sharada,projected:malayalam,projected:devanagari,projected:devanagari,projected:oriya,projected:devanagari,projected:perso-arabic,projected:perso-arabic,projected:phoenician,projected:devanagari,projected:gurmukhi,projected:devanagari,projected:perso-arabic,projected:khudawadi,projected:syriac,projected:tamil,projected:telugu,projected:perso-arabic
C_CONST,const,c,authored,authored,authored,authored,authored,authored,authored,authored,authored,authored,authored,authored,authored,authored,authored,authored,authored,authored,authored,authored,authored,authored,authored,authored,authored,authored,authored
C_CONTINUE,continue,c,authored,authored,authored,authored,authored,authored,authored,authored,authored,authored,authored,authored,authored,authored,authored,authored,authored,authored,authored,authored,authored,authored,authored,authored,authored,authored,authored
C_CTIME,ctime,c,projected:perso-arabic,projected:aramaic,projected:bengali,projected:bengali,projected:perso-arabic,projected:gujarati,projected:hebrew,authored,projected:kannada,projected:sharada,projected:malayalam,projected:devanagari,projected:devanagari,projected:oriya,projected:devanagari,projected:perso-arabic,projected:perso-arabic,projected:phoenician,projected:devanagari,projected:gurmukhi,projected:devanagari,projected:perso-arabic,projected:khudawadi,projected:syriac,projected:tamil,projected:telugu,projected:perso-arabic
C_DEFAULT,default,c,authored,authored,authored,authored,authored,authored,authored,authored,authored,authored,authored,authored,authored,authored,authored,authored,authored,authored,authored,authored,authored,authored,authored,authored,authored,authored,authored
C_DIFFTIME,difftime,c,projected:perso-arabic,projected:aramaic,projected:bengali,projected:bengali,projected:perso-arabic,projected:gujarati,projected:hebrew,authored,projected:kannada,projected:sharada,projected:malayalam,projected:devanagari,projected:devanagari,projected:oriya,projected:devanagari,projected:perso-arabic,projected:perso-arabic,projected:phoenician,projected:devanagari,projected:gurmukhi,projected:devanagari,projected:perso-arabic,projected:khudawadi,projected:syriac,projected:tamil,projected:telugu,projected:perso-arabic
C_DIRNAME,dirname,c,projected:perso-arabic,projected:aramaic,projected:bengali,projected:bengali,projected:perso-arabic,projected:gujarati,projected:hebrew,authored,projected:kannada,projected:sharada,projected:malayalam,projected:devanagari,projected:devanagari,projected:oriya,projected:devanagari,projected:perso-arabic,projected:perso-arabic,projected:phoenician,projected:devanagari,projected:gurmukhi,projected:devanagari,projected:perso-arabic,projected:khudawadi,projected:syriac,projected:tamil,projected:telugu,projected:perso-arabic
C_DIV,div,c,projected:perso-arabic,projected:aramaic,projected:bengali,projected:bengali,projected:perso-arabic,projected:gujarati,projected:hebrew,authored,projected:kannada,projected:sharada,projected:malayalam,projected:devanagari,projected:devanagari,projected:oriya,projected:devanagari,projected:perso-arabic,projected:perso-arabic,projected:phoenician,projected:devanagari,projected:gurmukhi,projected:devanagari,projected:perso-arabic,projected:khudawadi,projected:syriac,projected:tamil,projected:telugu,projected:perso-arabic
C_DIV_T,div_t,c,projected:perso-arabic,projected:aramaic,projected:bengali,projected:bengali,projected:perso-arabic,projected:gujarati,projected:hebrew,authored,projected:kannada,projected:sharada,projected:malayalam,projected:devanagari,projected:devanagari,projected:oriya,projected:devanagari,projected:perso-arabic,projected:perso-arabic,projected:phoenician,projected:devanagari,projected:gurmukhi,projected:devanagari,projected:perso-arabic,projected:khudawadi,projected:syriac,projected:tamil,projected:telugu,projected:perso-arabic
C_DO,do,c,authored,authored,authored,authored,authored,authored,authored,authored,authored,authored,authored,authored,authored,authored,authored,authored,authored,authored,authored,authored,authored,authored,authored,authored,authored,authored,authored
C_DOUBLE,double,c,authored,authored,authored,authored,authored,authored,authored,authored,authored,authored,authored,authored,authored,authored,authored,authored,authored,authored,authored,authored,authored,authored,authored,authored,authored,authored,authored
C_ELSE,else,c,authored,authored,authored,authored,authored,authored,authored,authored,authored,authored,authored,authored,authored,authored,authored,authored,authored,authored,authored,authored,authored,authored,authored,authored,authored,authored,authored
C_ENUM,enum,c,projected:perso-arabic,projected:aramaic,projected:bengali,projected:bengali,projected:perso-arabic,projected:gujarati,projected:hebrew,authored,projected:kannada,projected:sharada,projected:malayalam,projected:devanagari,projected:devanagari,projected:oriya,projected:devanagari,projected:perso-arabic,projected:perso-arabic,projected:phoenician,projected:devanagari,projected:gurmukhi,projected:devanagari,projected:perso-arabic,projected:khudawadi,projected:syriac,projected:tamil,projected:telugu,projected:perso-arabic
C_ERRNO,errno,c,projected:perso-arabic,projected:aramaic,projected:bengali,projected:bengali,projected:perso-arabic,projected:gujarati,projected:hebrew,authored,projected:kannada,projected:sharada,projected:malayalam,projected:devanagari,projected:devanagari,projected:oriya,projected:devanagari,projected:perso-arabic,projected:perso-arabic,projected:phoenician,projected:devanagari,projected:gurmukhi,projected:devanagari,projected:perso-arabic,projected:khudawadi,projected:syriac,projected:tamil,projected:telugu,projected:perso-arabic
C_EXIT,exit,c,projected:perso-arabic,projected:aramaic,projected:bengali,projected:bengali,projected:perso-arabic,projected:gujarati,projected:hebrew,authored,projected:kannada,projected:sharada,projected:malayalam,projected:devanagari,projected:devanagari,projected:oriya,projected:devanagari,projected:perso-arabic,projected:perso-arabic,projected:phoenician,projected:devanagari,projected:gurmukhi,projected:devanagari,projected:perso-arabic,projected:khudawadi,projected:syriac,projected:tamil,projected:telugu,projected:perso-arabic
C_EXTERN,extern,c,projected:perso-arabic,projected:aramaic,projected:bengali,projected:bengali,projected:perso-arabic,projected:gujarati,projected:hebrew,authored,projected:kannada,projected:sharada,projected:malayalam,projected:devanagari,projected:devanagari,projected:oriya,projected:devanagari,projected:perso-arabic,projected:perso-arabic,projected:phoenician,projected:devanagari,projected:gurmukhi,projected:devanagari,projected:perso-arabic,projected:khudawadi,projected:syriac,projected:tamil,projected:telugu,projected:perso-arabic
C_FABS,fabs,c,projected:perso-arabic,projected:aramaic,projected:bengali,projected:bengali,projected:perso-arabic,projected:gujarati,projected:hebrew,authored,projected:kannada,projected:sharada,projected:malayalam,projected:devanagari,projected:devanagari,projected:oriya,projected:devanagari,projected:perso-arabic,projected:perso-arabic,projected:phoenician,projected:devanagari,projected:gurmukhi,projected:devanagari,projected:perso-arabic,projected:khudawadi,projected:syriac,projected:tamil,projected:telugu,projected:perso-arabic
C_FCLOSE,fclose,c,projected:perso-arabic,projected:aramaic,projected:bengali,projected:bengali,projected:perso-arabic,projected:gujarati,projected:hebrew,authored,projected:kannada,projected:sharada,projected:malayalam,projected:devanagari,projected:devanagari,projected:oriya,projected:devanagari,projected:perso-arabic,projected:perso-arabic,projected:phoenician,projected:devanagari,projected:gurmukhi,projected:devanagari,projected:perso-arabic,projected:khudawadi,projected:syriac,projected:tamil,projected:telugu,projected:perso-arabic
C_FEOF,feof,c,projected:perso-arabic,projected:aramaic,projected:bengali,projected:bengali,projected:perso-arabic,projected:gujarati,projected:hebrew,authored,projected:kannada,projected:sharada,projected:malayalam,projected:devanagari,projected:devanagari,projected:oriya,projected:devanagari,projected:perso-arabic,projected:perso-arabic,projected:phoenician,projected:devanagari,projected:gurmukhi,projected:devanagari,projected:perso-arabic,projected:khudawadi,projected:syriac,projected:tamil,projected:telugu,projected:perso-arabic
C_FERROR,ferror,c,projected:perso-arabic,projected:aramaic,projected:bengali,projected:bengali,projected:perso-arabic,projected:gujarati,projected:hebrew,authored,projected:kannada,projected:sharada,projected:malayalam,projected:devanagari,projected:devanagari,projected:oriya,projected:devanagari,projected:perso-arabic,projected:perso-arabic,projected:phoenician,projected:devanagari,projected:gurmukhi,projected:devanagari,projected:perso-arabic,projected:khudawadi,projected:syriac,projected:tamil,projected:telugu,projected:perso-arabic
C_FFLUSH,fflush,c,projected:perso-arabic,projected:aramaic,projected:bengali,projected:bengali,projected:perso-arabic,projected:gujarati,projected:hebrew,authored,projected:kannada,projected:sharada,projected:malayalam,projected:devanagari,projected:devanagari,projected:oriya,projected:devanagari,projected:perso-arabic,projected:perso-arabic,projected:phoenician,projected:devanagari,projected:gurmukhi,projected:devanagari,projected:perso-arabic,projected:khudawadi,projected:syriac,projected:tamil,projected:telugu,projected:perso-arabic
C_FGETC,fgetc,c,projected:perso-arabic,projected:aramaic,projected:bengali,projected:bengali,projected:perso-arabic,projected:gujarati,projected:hebrew,authored,projected:kannada,projected:sharada,projected:malayalam,projected:devanagari,projected:devanagari,projected:oriya,projected:devanagari,projected:perso-arabic,projected:perso-arabic,projected:phoenician,projected:devanagari,projected:gurmukhi,projected:devanagari,projected:perso-arabic,projected:khudawadi,projected:syriac,projected:tamil,projected:telugu,projected:perso-arabic
C_FGETPOS,fgetpos,c,projected:perso-arabic,projected:aramaic,projected:bengali,projected:bengali,projected:perso-arabic,projected:gujarati,projected:hebrew,authored,projected:kannada,projected:sharada,projected:malayalam,projected:devanagari,projected:devanagari,projected:oriya,projected:devanagari,projected:perso-arabic,projected:perso-arabic,projected:phoenician,projected:devanagari,projected:gurmukhi,projected:devanagari,projected:perso-arabic,projected:khudawadi,projected:syriac,projected:tamil,projected:telugu,projected:perso-arabic
C_FGETS,fgets,c,projected:perso-arabic,projected:aramaic,projected:bengali,projected:bengali,projected:perso-arabic,projected:gujarati,projected:hebrew,authored,projected:kannada,projected:sharada,projected:malayalam,projected:devanagari,projected:devanagari,projected:oriya,projected:devanagari,projected:perso-arabic,projected:perso-arabic,projected:phoenician,projected:devanagari,projected:gurmukhi,projected:devanagari,projected:perso-arabic,projected:khudawadi,projected:syriac,projected:tamil,projected:telugu,projected:perso-arabic
C_FLOAT,float,c,authored,authored,authored,authored,authored,authored,authored,authored,authored,authored,authored,authored,authored,authored,authored,authored,authored,authored,authored,authored,authored,authored,authored,authored,authored,authored,authored
C_FLOOR,floor,c,projected:perso-arabic,projected:aramaic,projected:bengali,projected:bengali,projected:perso-arabic,projected:gujarati,projected:hebrew,authored,projected:kannada,projected:sharada,projected:malayalam,projected:devanagari,projected:devanagari,projected:oriya,projected:devanagari,projected:perso-arabic,projected:perso-arabic,projected:phoenician,projected:devanagari,projected:gurmukhi,projected:devanagari,projected:perso-arabic,projected:khudawadi,projected:syriac,projected:tamil,projected:telugu,projected:perso-arabic
C_FMOD,fmod,c,projected:perso-arabic,projected:aramaic,projected:bengali,projected:bengali,projected:perso-arabic,projected:gujarati,projected:hebrew,authored,projected:kannada,projected:sharada,projected:malayalam,projected:devanagari,projected:devanagari,projected:oriya,projected:devanagari,projected:perso-arabic,projected:perso-arabic,projected:phoenician,projected:devanagari,projected:gurmukhi,projected:devanagari,projected:perso-arabic,projected:khudawadi,projected:syriac,projected:tamil,projected:telugu,projected:perso-arabic
C_FOPEN,fopen,c,projected:perso-arabic,projected:aramaic,projected:bengali,projected:bengali,projected:perso-arabic,projected:gujarati,projected:hebrew,authored,projected:kannada,projected:sharada,projected:malayalam,projected:devanagari,projected:devanagari,projected:oriya,projected:devanagari,projected:perso-arabic,projected:perso-arabic,projected:phoenician,projected:devanagari,projected:gurmukhi,projected:devanagari,projected:perso-arabic,projected:khudawadi,projected:syriac,projected:tamil,projected:telugu,projected:perso-arabic
C_FOR,for,c,authored,authored,authored,authored,authored,authored,authored,authored,authored,authored,authored,authored,authored,authored,authored,authored,authored,authored,authored,authored,authored,authored,authored,authored,authored,authored,authored
C_FORK,fork,c,projected:perso-arabic,projected:aramaic,projected:bengali,projected:bengali,projected:perso-arabic,projected:gujarati,projected:hebrew,authored,projected:kannada,projected:sharada,projected:malayalam,projected:devanagari,projected:devanagari,projected:oriya,projected:devanagari,projected:perso-arabic,projected:perso-arabic,projected:phoenician,projected:devanagari,projected:gurmukhi,projected:devanagari,projected:perso-arabic,projected:khudawadi,projected:syriac,projected:tamil,projected:telugu,projected:perso-arabic
C_FPOS_T,fpos_t,c,projected:perso-arabic,projected:aramaic,projected:bengali,projected:bengali,projected:perso-arabic,projected:gujarati,projected:hebrew,authored,projected:kannada,projected:sharada,projected:malayalam,projected:devanagari,projected:devanagari,projected:oriya,projected:devanagari,projected:perso-arabic,projected:perso-arabic,projected:phoenician,projected:devanagari,projected:gurmukhi,projected:devanagari,projected:perso-arabic,projected:khudawadi,projected:syriac,projected:tamil,projected:telugu,projected:perso-arabic
C_FPRINTF,fprintf,c,projected:perso-arabic,projected:aramaic,projected:bengali,projected:bengali,projected:perso-arabic,projected:gujarati,projected:hebrew,authored,projected:kannada,projected:sharada,projected:malayalam,projected:devanagari,projected:devanagari,projected:oriya,projected:devanagari,projected:perso-arabic,projected:perso-arabic,projected:phoenician,projected:devanagari,projected:gurmukhi,projected:devanagari,projected:perso-arabic,projected:khudawadi,projected:syriac,projected:tamil,projected:telugu,projected:perso-arabic
C_FPUTC,fputc,c,projected:perso-arabic,projected:aramaic,projected:bengali,projected:bengali,projected:perso-arabic,projected:gujarati,projected:hebrew,authored,projected:kannada,projected:sharada,projected:malayalam,projected:devanagari,projected:devanagari,projected:oriya,projected:devanagari,projected:perso-arabic,projected:perso-arabic,projected:phoenician,projected:devanagari,projected:gurmukhi,projected:devanagari,projected:perso-arabic,projected:khudawadi,projected:syriac,projected:tamil,projected:telugu,projected:perso-arabic
C_FPUTS,fputs,c,projected:perso-arabic,projected:aramaic,projected:bengali,projected:bengali,projected:perso-arabic,projected:gujarati,projected:hebrew,authored,projected:kannada,projected:sharada,projected:malayalam,projected:devanagari,projected:devanagari,projected:oriya,projected:devanagari,projected:perso-arabic,projected:perso-arabic,projected:phoenician,projected:devanagari,projected:gurmukhi,projected:devanagari,projected:perso-arabic,projected:khudawadi,projected:syriac,projected:tamil,projected:telugu,projected:perso-arabic
C_FREAD,fread,c,projected:perso-arabic,projected:aramaic,projected:bengali,projected:bengali,projected:perso-arabic,projected:gujarati,projected:hebrew,authored,projected:kannada,projected:sharada,projected:malayalam,projected:devanagari,projected:devanagari,projected:oriya,projected:devanagari,projected:perso-arabic,projected:perso-arabic,projected:phoenician,projected:devanagari,projected:gurmukhi,projected:devanagari,projected:perso-arabic,projected:khudawadi,projected:syriac,projected:tamil,projected:telugu,projected:perso-arabic
C_FREE,free,c,projected:perso-arabic,projected:aramaic,projected:bengali,projected:bengali,projected:perso-arabic,projected:gujarati,projected:hebrew,authored,projected:kannada,projected:sharada,projected:malayalam,projected:devanagari,projected:devanagari,projected:oriya,projected:devanagari,projected:perso-arabic,projected:perso-arabic,projected:phoenician,projected:devanagari,projected:gurmukhi,projected:devanagari,projected:perso-arabic,projected:khudawadi,projected:syriac,projected:tamil,projected:telugu,projected:perso-arabic
C_FREOPEN,freopen,c,projected:perso-arabic,projected:aramaic,projected:bengali,projected:bengali,projected:perso-arabic,projected:gujarati,projected:hebrew,authored,projected:kannada,projected:sharada,projected:malayalam,projected:devanagari,projected:devanagari,projected:oriya,projected:devanagari,projected:perso-arabic,projected:perso-arabic,projected:phoenician,projected:devanagari,projected:gurmukhi,projected:devanagari,projected:perso-arabic,projected:khudawadi,projected:syriac,projected:tamil,projected:telugu,projected:perso-arabic
C_FRIEND,friend,c,projected:perso-arabic,projected:aramaic,projected:bengali,projected:bengali,projected:perso-arabic,projected:gujarati,projected:hebrew,authored,projected:kannada,projected:sharada,projected:malayalam,projected:devanagari,projected:devanagari,projected:oriya,projected:devanagari,projected:perso-arabic,projected:perso-arabic,projected:phoenician,projected:devanagari,projected:gurmukhi,projected:devanagari,projected:perso-arabic,projected:khudawadi,projected:syriac,projected:tamil,projected:telugu,projected:perso-arabic
C_FSCANF,fscanf,c,projected:perso-arabic,projected:aramaic,projected:bengali,projected:bengali,projected:perso-arabic,projected:gujarati,projected:hebrew,authored,projected:kannada,projected:sharada,projected:malayalam,projected:devanagari,projected:devanagari,projected:oriya,projected:devanagari,projected:perso-arabic,projected:perso-arabic,projected:phoenician,projected:devanagari,projected:gurmukhi,projected:devanagari,projected:perso-arabic,projected:khudawadi,projected:syriac,projected:tamil,projected:telugu,projected:perso-arabic
C_FSEEK,fseek,c,projected:perso-arabic,projected:aramaic,projected:bengali,projected:bengali,projected:perso-arabic,projected:gujarati,projected:hebrew,authored,projected:kannada,projected:sharada,projected:malayalam,projected:devanagari,projected:devanagari,projected:oriya,projected:devanagari,projected:perso-arabic,projected:perso-arabic,projected:phoenician,projected:devanagari,projected:gurmukhi,projected:devanagari,projected:perso-arabic,projected:khudawadi,projected:syriac,projected:tamil,projected:telugu,projected:perso-arabic
C_FSETPOS,fsetpos,c,projected:perso-arabic,projected:aramaic,projected:bengali,projected:bengali,projected:perso-arabic,projected:gujarati,projected:hebrew,authored,projected:kannada,projected:sharada,projected:malayalam,projected:devanagari,projected:devanagari,projected:oriya,projected:devanagari,projected:perso-arabic,projected:perso-arabic,projected:phoenician,projected:devanagari,projected:gurmukhi,projected:devanagari,projected:perso-arabic,projected:khudawadi,projected:syriac,projected:tamil,projected:telugu,projected:perso-arabic
C_FSTAT,fstat,c,projected:perso-arabic,projected:aramaic,projected:bengali,projected:bengali,projected:perso-arabic,projected:gujarati,projected:hebrew,authored,projected:kannada,projected:sharada,projected:malayalam,projected:devanagari,projected:devanagari,projected:oriya,projected:devanagari,projected:perso-arabic,projected:perso-arabic,projected:phoenician,projected:devanagari,projected:gurmukhi,projected:devanagari,projected:perso-arabic,projected:khudawadi,projected:syriac,projected:tamil,projected:telugu,projected:perso-arabic
C_FTELL,ftell,c,projected:perso-arabic,projected:aramaic,projected:bengali,projected:bengali,projected:perso-arabic,projected:gujarati,projected:hebrew,authored,projected:kannada,projected:sharada,projected:malayalam,projected:devanagari,projected:devanagari,projected:oriya,projected:devanagari,projected:perso-arabic,projected:perso-arabic,projected:phoenician,projected:devanagari,projected:gurmukhi,projected:devanagari,projected:perso-arabic,projected:khudawadi,projected:syriac,projected:tamil,projected:telugu,projected:perso-arabic
C_FWRITE,fwrite,c,projected:perso-arabic,projected:aramaic,projected:bengali,projected:bengali,projected:perso-arabic,projected:gujarati,projected:hebrew,authored,projected:kannada,projected:sharada,projected:malayalam,projected:devanagari,projected:devanagari,projected:oriya,projected:devanagari,projected:perso-arabic,projected:perso-arabic,projected:phoenician,projected:devanagari,projected:gurmukhi,projected:devanagari,projected:perso-arabic,projected:khudawadi,projected:syriac,projected:tamil,projected:telugu,projected:perso-arabic
C_GETC,getc,c,projected:perso-arabic,projected:aramaic,projected:bengali,projected:bengali,projected:perso-arabic,projected:gujarati,projected:hebrew,authored,projected:kannada,projected:sharada,projected:malayalam,projected:devanagari,projected:devanagari,projected:oriya,projected:devanagari,projected:perso-arabic,projected:perso-arabic,projected:phoenician,projected:devanagari,projected:gurmukhi,projected:devanagari,projected:perso-arabic,projected:khudawadi,projected:syriac,projected:tamil,projected:telugu,projected:perso-arabic
C_GETCHAR,getchar,c,projected:perso-arabic,projected:aramaic,projected:bengali,projected:bengali,projected:perso-arabic,projected:gujarati,projected:hebrew,authored,projected:kannada,projected:sharada,projected:malayalam,projected:devanagari,projected:devanagari,projected:oriya,projected:devanagari,projected:perso-arabic,projected:perso-arabic,projected:phoenician,projected:devanagari,projected:gurmukhi,projected:devanagari,projected:perso-arabic,projected:khudawadi,projected:syriac,projected:tamil,projected:telugu,projected:perso-arabic
C_GETENV,getenv,c,projected:perso-arabic,projected:aramaic,projected:bengali,projected:bengali,projected:perso-arabic,projected:gujarati,projected:hebrew,authored,projected:kannada,projected:sharada,projected:malayalam,projected:devanagari,projected:devanagari,projected:oriya,projected:devanagari,projected:perso-arabic,projected:perso-arabic,projected:phoenician,projected:devanagari,projected:gurmukhi,projected:devanagari,projected:perso-arabic,projected:khudawadi,projected:syriac,projected:tamil,projected:telugu,projected:perso-arabic
C_GETS,gets,c,projected:perso-arabic,projected:aramaic,projected:bengali,projected:bengali,projected:perso-arabic,projected:gujarati,projected:hebrew,authored,projected:kannada,projected:sharada,projected:malayalam,projected:devanagari,projected:devanagari,projected:oriya,projected:devanagari,projected:perso-arabic,projected:perso-arabic,projected:phoenician,projected:devanagari,projected:gurmukhi,projected:devanagari,projected:perso-arabic,projected:khudawadi,projected:syriac,projected:tamil,projected:telugu,projected:perso-arabic
C_GMTIME,gmtime,c,projected:perso-arabic,projected:aramaic,projected:bengali,projected:bengali,projected:perso-arabic,projected:gujarati,projected:hebrew,authored,projected:kannada,projected:sharada,projected:malayalam,projected:devanagari,projected:devanagari,projected:oriya,projected:devanagari,projected:perso-arabic,projected:perso-arabic,projected:phoenician,projected:devanagari,projected:gurmukhi,projected:devanagari,projected:perso-arabic,projected:khudawadi,projected:syriac,projected:tamil,projected:telugu,projected:perso-arabic
C_GOTO,goto,c,projected:perso-arabic,projected:aramaic,projected:bengali,projected:bengali,projected:perso-arabic,projected:gujarati,projected:hebrew,authored,projected:kannada,projected:sharada,projected:malayalam,projected:devanagari,projected:devanagari,projected:oriya,projected:devanagari,projected:perso-arabic,projected:perso-arabic,projected:phoenician,projected:devanagari,projected:gurmukhi,projected:devanagari,projected:perso-arabic,projected:khudawadi,projected:syriac,projected:tamil,projected:telugu,projected:perso-arabic
C_IF,if,c,authored,authored,authored,authored,authored,authored,authored,authored,authored,authored,authored,authored,authored,authored,authored,authored,authored,authored,authored,authored,authored,authored,authored,authored,authored,authored,authored
C_INLINE,inline,c,projected:perso-arabic,projected:aramaic,projected:bengali,projected:bengali,projected:perso-arabic,projected:gujarati,projected:hebrew,authored,projected:kannada,projected:sharada,projected:malayalam,projected:devanagari,projected:devanagari,projected:oriya,projected:devanagari,projected:perso-arabic,projected:perso-arabic,projected:phoenician,projected:devanagari,projected:gurmukhi,projected:devanagari,projected:perso-arabic,projected:khudawadi,projected:syriac,projected:tamil,projected:telugu,projected:perso-arabic
C_INT,int,c,authored,authored,authored,authored,authored,authored,authored,authored,authored,authored,authored,authored,authored,authored,authored,authored,authored,authored,authored,authored,authored,authored,authored,authored,authored,authored,authored
C_ISALNUM,isalnum,c,projected:perso-arabic,projected:aramaic,projected:bengali,projected:bengali,projected:perso-arabic,projected:gujarati,projected:hebrew,authored,projected:kannada,projected:sharada,projected:malayalam,projected:devanagari,projected:devanagari,projected:oriya,projected:devanagari,projected:perso-arabic,projected:perso-arabic,projected:phoenician,projected:devanagari,projected:gurmukhi,projected:devanagari,projected:perso-arabic,projected:khudawadi,projected:syriac,projected:tamil,projected:telugu,projected:perso-arabic
C_ISALPHA,isalpha,c,projected:perso-arabic,projected:aramaic,projected:bengali,projected:bengali,projected:perso-arabic,projected:gujarati,projected:hebrew,authored,projected:kannada,projected:sharada,projected:malayalam,projected:devanagari,projected:devanagari,projected:oriya,projected:devanagari,projected:perso-arabic,projected:perso-arabic,projected:phoenician,projected:devanagari,projected:gurmukhi,projected:devanagari,projected:perso-arabic,projected:khudawadi,projected:syriac,projected:tamil,projected:telugu,projected:perso-arabic
C_ISCNTRL,iscntrl,c,projected:perso-arabic,projected:aramaic,projected:bengali,projected:bengali,projected:perso-arabic,projected:gujarati,projected:hebrew,authored,projected:kannada,projected:sharada,projected:malayalam,projected:devanagari,projected:devanagari,projected:oriya,projected:devanagari,projected:perso-arabic,projected:perso-arabic,projected:phoenician,projected:devanagari,projected:gurmukhi,projected:devanagari,projected:perso-arabic,projected:khudawadi,projected:syriac,projected:tamil,projected:telugu,projected:perso-arabic
C_ISDIGIT,isdigit,c,projected:perso-arabic,projected:aramaic,projected:bengali,projected:bengali,projected:perso-arabic,projected:gujarati,projected:hebrew,authored,projected:kannada,projected:sharada,projected:malayalam,projected:devanagari,projected:devanagari,projected:oriya,projected:devanagari,projected:perso-arabic,projected:perso-arabic,projected:phoenician,projected:devanagari,projected:gurmukhi,projected:devanagari,projected:perso-arabic,projected:khudawadi,projected:syriac,projected:tamil,projected:telugu,projected:perso-arabic
C_ISFINITE,isfinite,c,projected:perso-arabic,projected:aramaic,projected:bengali,projected:bengali,projected:perso-arabic,projected:gujarati,projected:hebrew,authored,projected:kannada,projected:sharada,projected:malayalam,projected:devanagari,projected:devanagari,projected:oriya,projected:devanagari,projected:perso-arabic,projected:perso-arabic,projected:phoenician,projected:devanagari,projected:gurmukhi,projected:devanagari,projected:perso-arabic,projected:khudawadi,projected:syriac,projected:tamil,projected:telugu,projected:perso-arabic
C_ISGRAPH,isgraph,c,projected:perso-arabic,projected:aramaic,projected:bengali,projected:bengali,projected:perso-arabic,projected:gujarati,projected:hebrew,authored,projected:kannada,projected:sharada,projected:malayalam,projected:devanagari,projected:devanagari,projected:oriya,projected:devanagari,projected:perso-arabic,projected:perso-arabic,projected:phoenician,projected:devanagari,projected:gurmukhi,projected:devanagari,projected:perso-arabic,projected:khudawadi,projected:syriac,projected:tamil,projected:telugu,projected:perso-arabic
C_ISLOWER,islower,c,projected:perso-arabic,projected:aramaic,projected:bengali,projected:bengali,projected:perso-arabic,projected:gujarati,projected:hebrew,authored,projected:kannada,projected:sharada,projected:malayalam,projected:devanagari,projected:devanagari,projected:oriya,projected:devanagari,projected:perso-arabic,projected:perso-arabic,projected:phoenician,projected:devanagari,projected:gurmukhi,projected:devanagari,projected:perso-arabic,projected:khudawadi,projected:syriac,projected:tamil,projected:telugu,projected:perso-arabic
C_ISODIGIT,isodigit,c,projected:perso-arabic,projected:aramaic,projected:bengali,projected:bengali,projected:perso-arabic,projected:gujarati,projected:hebrew,authored,projected:kannada,projected:sharada,projected:malayalam,projected:devanagari,projected:devanagari,projected:oriya,projected:devanagari,projected:perso-arabic,projected:perso-arabic,projected:phoenician,projected:devanagari,projected:gurmukhi,projected:devanagari,projected:perso-arabic,projected:khudawadi,projected:syriac,projected:tamil,projected:telugu,projected:perso-arabic
C_ISPRINT,isprint,c,projected:perso-arabic,projected:aramaic,projected:bengali,projected:bengali,projected:perso-arabic,projected:gujarati,projected:hebrew,authored,projected:kannada,projected:sharada,projected:malayalam,projected:devanagari,projected:devanagari,projected:oriya,projected:devanagari,projected:perso-arabic,projected:perso-arabic,projected:phoenician,projected:devanagari,projected:gurmukhi,projected:devanagari,projected:perso-arabic,projected:khudawadi,projected:syriac,projected:tamil,projected:telugu,projected:perso-arabic
C_ISPUNCT,ispunct,c,projected:perso-arabic,projected:aramaic,projected:bengali,projected:bengali,projected:perso-arabic,projected:gujarati,projected:hebrew,authored,projected:kannada,projected:sharada,projected:malayalam,projected:devanagari,projected:devanagari,projected:oriya,projected:devanagari,projected:perso-arabic,projected:perso-arabic,projected:phoenician,projected:devanagari,projected:gurmukhi,projected:devanagari,projected:perso-arabic,projected:khudawadi,projected:syriac,projected:tamil,projected:telugu,projected:perso-arabic
C_ISSPACE,isspace,c,projected:perso-arabic,projected:aramaic,projected:bengali,projected:bengali,projected:perso-arabic,projected:gujarati,projected:hebrew,authored,projected:kannada,projected:sharada,projected:malayalam,projected:devanagari,projected:devanagari,projected:oriya,projected:devanagari,projected:perso-arabic,projected:perso-arabic,projected:phoenician,projected:devanagari,projected:gurmukhi,projected:devanagari,projected:perso-arabic,projected:khudawadi,projected:syriac,projected:tamil,projected:telugu,projected:perso-arabic
C_ISUPPER,isupper,c,projected:perso-arabic,projected:aramaic,projected:bengali,projected:bengali,projected:perso-arabic,projected:gujarati,projected:hebrew,authored,projected:kannada,projected:sharada,projected:malayalam,projected:devanagari,projected:devanagari,projected:oriya,projected:devanagari,projected:perso-arabic,projected:perso-arabic,projected:phoenician,projected:devanagari,projected:gurmukhi,projected:devanagari,projected:perso-arabic,projected:khudawadi,projected:syriac,projected:tamil,projected:telugu,projected:perso-arabic
C_ISXDIGIT,isxdigit,c,projected:perso-arabic,projected:aramaic,projected:bengali,projected:bengali,projected:perso-arabic,projected:gujarati,projected:hebrew,authored,projected:kannada,projected:sharada,projected:malayalam,projected:devanagari,projected:devanagari,projected:oriya,projected:devanagari,projected:perso-arabic,projected:perso-arabic,projected:phoenician,projected:devanagari,projected:gurmukhi,projected:devanagari,projected:perso-arabic,projected:khudawadi,projected:syriac,projected:tamil,projected:telugu,projected:perso-arabic
C_JMP_BUF,jmp_buf,c,projected:perso-arabic,projected:aramaic,projected:bengali,projected:bengali,projected:perso-arabic,projected:gujarati,projected:hebrew,authored,projected:kannada,projected:sharada,projected:malayalam,projected:devanagari,projected:devanagari,projected:oriya,projected:devanagari,projected:perso-arabic,projected:perso-arabic,projected:phoenician,projected:devanagari,projected:gurmukhi,projected:devanagari,projected:perso-arabic,projected:khudawadi,projected:syriac,projected:tamil,projected:telugu,projected:perso-arabic
C_KILL,kill,c,projected:perso-arabic,projected:aramaic,projected:bengali,projected:bengali,projected:perso-arabic,projected:gujarati,projected:hebrew,authored,projected:kannada,projected:sharada,projected:malayalam,projected:devanagari,projected:devanagari,projected:oriya,projected:devanagari,projected:perso-arabic,projected:perso-arabic,projected:phoenician,projected:devanagari,projected:gurmukhi,projected:devanagari,projected:perso-arabic,projected:khudawadi,projected:syriac,projected:tamil,projected:telugu,projected:perso-arabic
C_LABS,labs,c,projected:perso-arabic,projected:aramaic,projected:bengali,projected:bengali,projected:perso-arabic,projected:gujarati,projected:hebrew,authored,projected:kannada,projected:sharada,projected:malayalam,projected:devanagari,projected:devanagari,projected:oriya,projected:devanagari,projected:perso-arabic,projected:perso-arabic,projected:phoenician,projected:devanagari,projected:gurmukhi,projected:devanagari,projected:perso-arabic,projected:khudawadi,projected:syriac,projected:tamil,projected:telugu,projected:perso-arabic
C_LCONV,lconv,c,projected:perso-arabic,projected:aramaic,projected:bengali,projected:bengali,projected:perso-arabic,projected:gujarati,projected:hebrew,authored,projected:kannada,projected:sharada,projected:malayalam,projected:devanagari,projected:devanagari,projected:oriya,projected:devanagari,projected:perso-arabic,projected:perso-arabic,projected:phoenician,projected:devanagari,projected:gurmukhi,projected:devanagari,projected:perso-arabic,projected:khudawadi,projected:syriac,projected:tamil,projected:telugu,projected:perso-arabic
C_LDIV,ldiv,c,projected:perso-arabic,projected:aramaic,projected:bengali,projected:bengali,projected:perso-arabic,projected:gujarati,projected:hebrew,authored,projected:kannada,projected:sharada,projected:malayalam,projected:devanagari,projected:devanagari,projected:oriya,projected:devanagari,projected:perso-arabic,projected:perso-arabic,projected:phoenician,projected:devanagari,projected:gurmukhi,projected:devanagari,projected:perso-arabic,projected:khudawadi,projected:syriac,projected:tamil,projected:telugu,projected:perso-arabic
C_LDIV_T,ldiv_t,c,projected:perso-arabic,projected:aramaic,projected:bengali,projected:bengali,projected:perso-arabic,projected:gujarati,projected:hebrew,authored,projected:kannada,projected:sharada,projected:malayalam,projected:devanagari,projected:devanagari,projected:oriya,projected:devanagari,projected:perso-arabic,projected:perso-arabic,projected:phoenician,projected:devanagari,projected:gurmukhi,projected:devanagari,projected:perso-arabic,projected:khudawadi,projected:syriac,projected:tamil,projected:telugu,projected:perso-arabic
C_LOCALECONV,localeconv,c,projected:perso-arabic,projected:aramaic,projected:bengali,projected:bengali,projected:perso-arabic,projected:gujarati,projected:hebrew,authored,projected:kannada,projected:sharada,projected:malayalam,projected:devanagari,projected:devanagari,projected:oriya,projected:devanagari,projected:perso-arabic,projected:perso-arabic,projected:phoenician,projected:devanagari,projected:gurmukhi,projected:devanagari,projected:perso-arabic,projected:khudawadi,projected:syriac,projected:tamil,projected:telugu,projected:perso-arabic
C_LOCALTIME,localtime,c,projected:perso-arabic,projected:aramaic,projected:bengali,projected:bengali,projected:perso-arabic,projected:gujarati,projected:hebrew,authored,projected:kannada,projected:sharada,projected:malayalam,projected:devanagari,projected:devanagari,projected:oriya,projected:devanagari,projected:perso-arabic,projected:perso-arabic,projected:phoenician,projected:devanagari,projected:gurmukhi,projected:devanagari,projected:perso-arabic,projected:khudawadi,projected:syriac,projected:tamil,projected:telugu,projected:perso-arabic
C_LONG,long,c,projected:perso-arabic,projected:aramaic,projected:bengali,projected:bengali,projected:perso-arabic,projected:gujarati,projected:hebrew,authored,projected:kannada,projected:sharada,projected:malayalam,projected:devanagari,projected:devanagari,projected:oriya,projected:devanagari,projected:perso-arabic,projected:perso-arabic,projected:phoenician,projected:devanagari,projected:gurmukhi,projected:devanagari,projected:perso-arabic,projected:khudawadi,projected:syriac,projected:tamil,projected:telugu,projected:perso-arabic
C_LONGJMP,longjmp,c,projected:perso-arabic,projected:aramaic,projected:bengali,projected:bengali,projected:perso-arabic,projected:gujarati,projected:hebrew,authored,projected:kannada,projected:sharada,projected:malayalam,projected:devanagari,projected:devanagari,projected:oriya,projected:devanagari,projected:perso-arabic,projected:perso-arabic,projected:phoenician,projected:devanagari,projected:gurmukhi,projected:devanagari,projected:perso-arabic,projected:khudawadi,projected:syriac,projected:tamil,projected:telugu,projected:perso-arabic
C_MALLOC,malloc,c,projected:perso-arabic,projected:aramaic,projected:bengali,projected:bengali,projected:perso-arabic,projected:gujarati,projected:hebrew,authored,projected:kannada,projected:sharada,projected:malayalam,projected:devanagari,projected:devanagari,projected:oriya,projected:devanagari,projected:perso-arabic,projected:perso-arabic,projected:phoenician,projected:devanagari,projected:gurmukhi,projected:devanagari,projected:perso-arabic,projected:khudawadi,projected:syriac,projected:tamil,projected:telugu,projected:perso-arabic
C_MEMCHR,memchr,c,projected:perso-arabic,projected:aramaic,projected:bengali,projected:bengali,projected:perso-arabic,projected:gujarati,projected:hebrew,authored,projected:kannada,projected:sharada,projected:malayalam,projected:devanagari,projected:devanagari,projected:oriya,projected:devanagari,projected:perso-arabic,projected:perso-arabic,projected:phoenician,projected:devanagari,projected:gurmukhi,projected:devanagari,projected:perso-arabic,projected:khudawadi,projected:syriac,projected:tamil,projected:telugu,projected:perso-arabic
C_MEMCMP,memcmp,c,projected:perso-arabic,projected:aramaic,projected:bengali,projected:bengali,projected:perso-arabic,projected:gujarati,projected:hebrew,authored,projected:kannada,projected:sharada,projected:malayalam,projected:devanagari,projected:devanagari,projected:oriya,projected:devanagari,projected:perso-arabic,projected:perso-arabic,projected:phoenician,projected:devanagari,projected:gurmukhi,projected:devanagari,projected:perso-arabic,projected:khudawadi,projected:syriac,projected:tamil,projected:telugu,projected:perso-arabic
C_MEMCPY,memcpy,c,projected:perso-arabic,projected:aramaic,projected:bengali,projected:bengali,projected:perso-arabic,projected:gujarati,projected:hebrew,authored,projected:kannada,projected:sharada,projected:malayalam,projected:devanagari,projected:devanagari,projected:oriya,projected:devanagari,projected:perso-arabic,projected:perso-arabic,projected:phoenician,projected:devanagari,projected:gurmukhi,projected:devanagari,projected:perso-arabic,projected:khudawadi,projected:syriac,projected:tamil,projected:telugu,projected:perso-arabic
C_MEMMOVE,memmove,c,projected:perso-arabic,projected:aramaic,projected:bengali,projected:bengali,projected:perso-arabic,projected:gujarati,projected:hebrew,authored,projected:kannada,projected:sharada,projected:malayalam,projected:devanagari,projected:devanagari,projected:oriya,projected:devanagari,projected:perso-arabic,projected:perso-arabic,projected:phoenician,projected:devanagari,projected:gurmukhi,projected:devanagari,projected:perso-arabic,projected:khudawadi,projected:syriac,projected:tamil,projected:telugu,projected:perso-arabic
C_MEMSET,memset,c,projected:perso-arabic,projected:aramaic,projected:bengali,projected:bengali,projected:perso-arabic,projected:gujarati,projected:hebrew,authored,projected:kannada,projected:sharada,projected:malayalam,projected:devanagari,projected:devanagari,projected:oriya,projected:devanagari,projected:perso-arabic,projected:perso-arabic,projected:phoenician,projected:devanagari,projected:gurmukhi,projected:devanagari,projected:perso-arabic,projected:khudawadi,projected:syriac,projected:tamil,projected:telugu,projected:perso-arabic
C_MKDIR,mkdir,c,projected:perso-arabic,projected:aramaic,projected:bengali,projected:bengali,projected:perso-arabic,projected:gujarati,projected:hebrew,authored,projected:kannada,projected:sharada,projected:malayalam,projected:devanagari,projected:devanagari,projected:oriya,projected:devanagari,projected:perso-arabic,projected:perso-arabic,projected:phoenician,projected:devanagari,projected:gurmukhi,projected:devanagari,projected:perso-arabic,projected:khudawadi,projected:syriac,projected:tamil,projected:telugu,projected:perso-arabic
C_MKTIME,mktime,c,projected:perso-arabic,projected:aramaic,projected:bengali,projected:bengali,projected:perso-arabic,projected:gujarati,projected:hebrew,authored,projected:kannada,projected:sharada,projected:malayalam,projected:devanagari,projected:devanagari,projected:oriya,projected:devanagari,projected:perso-arabic,projected:perso-arabic,projected:phoenician,projected:devanagari,projected:gurmukhi,projected:devanagari,projected:perso-arabic,projected:khudawadi,projected:syriac,projected:tamil,projected:telugu,projected:perso-arabic
C_OFFSETOF,offsetof,c,projected:perso-arabic,projected:aramaic,projected:bengali,projected:bengali,projected:perso-arabic,projected:gujarati,projected:hebrew,authored,projected:kannada,projected:sharada,projected:malayalam,projected:devanagari,projected:devanagari,projected:oriya,projected:devanagari,projected:perso-arabic,projected:perso-arabic,projected:phoenician,projected:devanagari,projected:gurmukhi,projected:devanagari,projected:perso-arabic,projected:khudawadi,projected:syriac,projected:tamil,projected:telugu,projected:perso-arabic
C_OPEN,open,c,projected:perso-arabic,projected:aramaic,projected:bengali,projected:bengali,projected:perso-arabic,projected:gujarati,projected:hebrew,authored,projected:kannada,projected:sharada,projected:malayalam,projected:devanagari,projected:devanagari,projected:oriya,projected:devanagari,projected:perso-arabic,projected:perso-arabic,projected:phoenician,projected:devanagari,projected:gurmukhi,projected:devanagari,projected:perso-arabic,projected:khudawadi,projected:syriac,projected:tamil,projected:telugu,projected:perso-arabic
C_OPENDIR,opendir,c,projected:perso-arabic,projected:aramaic,projected:bengali,projected:bengali,projected:perso-arabic,projected:gujarati,projected:hebrew,authored,projected:kannada,projected:sharada,projected:malayalam,projected:devanagari,projected:devanagari,projected:oriya,projected:devanagari,projected:perso-arabic,projected:perso-arabic,projected:phoenician,projected:devanagari,projected:gurmukhi,projected:devanagari,projected:perso-arabic,projected:khudawadi,projected:syriac,projected:tamil,projected:telugu,projected:perso-arabic
C_OPERATOR,operator,c,projected:perso-arabic,projected:aramaic,projected:bengali,projected:bengali,projected:perso-arabic,projected:gujarati,projected:hebrew,authored,projected:kannada,projected:sharada,projected:malayalam,projected:devanagari,projected:devanagari,projected:oriya,projected:devanagari,projected:perso-arabic,projected:perso-arabic,projected:phoenician,projected:devanagari,projected:gurmukhi,projected:devanagari,projected:perso-arabic,projected:khudawadi,projected:syriac,projected:tamil,projected:telugu,projected:perso-arabic
C_PAUSE,pause,c,projected:perso-arabic,projected:aramaic,projected:bengali,projected:bengali,projected:perso-arabic,projected:gujarati,projected:hebrew,authored,projected:kannada,projected:sharada,projected:malayalam,projected:devanagari,projected:devanagari,projected:oriya,projected:devanagari,projected:perso-arabic,projected:perso-arabic,projected:phoenician,projected:devanagari,projected:gurmukhi,projected:devanagari,projected:perso-arabic,projected:khudawadi,projected:syriac,projected:tamil,projected:telugu,projected:perso-arabic
C_PERROR,perror,c,projected:perso-arabic,projected:aramaic,projected:bengali,projected:bengali,projected:perso-arabic,projected:gujarati,projected:hebrew,authored,projected:kannada,projected:sharada,projected:malayalam,projected:devanagari,projected:devanagari,projected:oriya,projected:devanagari,projected:perso-arabic,projected:perso-arabic,projected:phoenician,projected:devanagari,projected:gurmukhi,projected:devanagari,projected:perso-arabic,projected:khudawadi,projected:syriac,projected:tamil,projected:telugu,projected:perso-arabic
C_POW,pow,c,projected:perso-arabic,projected:aramaic,projected:bengali,projected:bengali,projected:perso-arabic,projected:gujarati,projected:hebrew,authored,projected:kannada,projected:sharada,projected:malayalam,projected:devanagari,projected:devanagari,projected:oriya,projected:devanagari,projected:perso-arabic,projected:perso-arabic,projected:phoenician,projected:devanagari,projected:gurmukhi,projected:devanagari,projected:perso-arabic,projected:khudawadi,projected:syriac,projected:tamil,projected:telugu,projected:perso-arabic
C_PRINTF,printf,c,authored,authored,authored,authored,authored,authored,authored,authored,authored,authored,authored,authored,authored,authored,authored,authored,authored,authored,authored,authored,authored,authored,authored,authored,authored,authored,authored
C_PRIVATE,private,c,authored,authored,authored,authored,authored,authored,authored,authored,authored,authored,authored,authored,authored,authored,authored,authored,authored,authored,authored,authored,authored,authored,authored,authored,authored,authored,authored
C_PROTECTED,protected,c,projected:perso-arabic,projected:aramaic,projected:bengali,projected:bengali,projected:perso-arabic,projected:gujarati,projected:hebrew,authored,projected:kannada,projected:sharada,projected:malayalam,projected:devanagari,projected:devanagari,projected:oriya,projected:devanagari,projected:perso-arabic,projected:perso-arabic,projected:phoenician,projected:devanagari,projected:gurmukhi,projected:devanagari,projected:perso-arabic,projected:khudawadi,projected:syriac,projected:tamil,projected:telugu,projected:perso-arabic
C_PTRDIFF_T,ptrdiff_t,c,projected:perso-arabic,projected:aramaic,projected:bengali,projected:bengali,projected:perso-arabic,projected:gujarati,projected:hebrew,authored,projected:kannada,projected:sharada,projected:malayalam,projected:devanagari,projected:devanagari,projected:oriya,projected:devanagari,projected:perso-arabic,projected:perso-arabic,projected:phoenician,projected:devanagari,projected:gurmukhi,projected:devanagari,projected:perso-arabic,projected:khudawadi,projected:syriac,projected:tamil,projected:telugu,projected:perso-arabic
C_PUBLIC,public,c,authored,authored,authored,authored,authored,authored,authored,authored,authored,authored,authored,authored,authored,authored,authored,authored,authored,authored,authored,authored,authored,authored,authored,authored,authored,authored,authored
C_PUTC,putc,c,projected:perso-arabic,projected:aramaic,projected:bengali,projected:bengali,projected:perso-arabic,projected:gujarati,projected:hebrew,authored,projected:kannada,projected:sharada,projected:malayalam,projected:devanagari,projected:devanagari,projected:oriya,projected:devanagari,projected:perso-arabic,projected:perso-arabic,projected:phoenician,projected:devanagari,projected:gurmukhi,projected:devanagari,projected:perso-arabic,projected:khudawadi,projected:syriac,projected:tamil,projected:telugu,projected:perso-arabic
C_PUTCHAR,putchar,c,projected:perso-arabic,projected:aramaic,projected:bengali,projected:bengali,projected:perso-arabic,projected:gujarati,projected:hebrew,authored,projected:kannada,projected:sharada,projected:malayalam,projected:devanagari,projected:devanagari,projected:oriya,projected:devanagari,projected:perso-arabic,projected:perso-arabic,projected:phoenician,projected:devanagari,projected:gurmukhi,projected:devanagari,projected:perso-arabic,projected:khudawadi,projected:syriac,projected:tamil,projected:telugu,projected:perso-arabic
C_PUTS,puts,c,projected:perso-arabic,projected:aramaic,projected:bengali,projected:bengali,projected:perso-arabic,projected:gujarati,projected:hebrew,authored,projected:kannada,projected:sharada,projected:malayalam,projected:devanagari,projected:devanagari,projected:oriya,projected:devanagari,projected:perso-arabic,projected:perso-arabic,projected:phoenician,projected:devanagari,projected:gurmukhi,projected:devanagari,projected:perso-arabic,projected:khudawadi,projected:syriac,projected:tamil,projected:telugu,projected:perso-arabic
C_QSORT,qsort,c,projected:perso-arabic,projected:aramaic,projected:bengali,projected:bengali,projected:perso-arabic,projected:gujarati,projected:hebrew,authored,projected:kannada,projected:sharada,projected:malayalam,projected:devanagari,projected:devanagari,projected:oriya,projected:devanagari,projected:perso-arabic,projected:perso-arabic,projected:phoenician,projected:devanagari,projected:gurmukhi,projected:devanagari,projected:perso-arabic,projected:khudawadi,projected:syriac,projected:tamil,projected:telugu,projected:perso-arabic
C_RAISE,raise,c,projected:perso-arabic,projected:aramaic,projected:bengali,projected:bengali,projected:perso-arabic,projected:gujarati,projected:hebrew,authored,projected:kannada,projected:sharada,projected:malayalam,projected:devanagari,projected:devanagari,projected:oriya,projected:devanagari,projected:perso-arabic,projected:perso-arabic,projected:phoenician,projected:devanagari,projected:gurmukhi,projected:devanagari,projected:perso-arabic,projected:khudawadi,projected:syriac,projected:tamil,projected:telugu,projected:perso-arabic
C_RAND,rand,c,projected:perso-arabic,projected:aramaic,projected:bengali,projected:bengali,projected:perso-arabic,projected:gujarati,projected:hebrew,authored,projected:kannada,projected:sharada,projected:malayalam,projected:devanagari,projected:devanagari,projected:oriya,projected:devanagari,projected:perso-arabic,projected:perso-arabic,projected:phoenician,projected:devanagari,projected:gurmukhi,projected:devanagari,projected:perso-arabic,projected:khudawadi,projected:syriac,projected:tamil,projected:telugu,projected:perso-arabic
C_READ,read,c,projected:perso-arabic,projected:aramaic,projected:bengali,projected:bengali,projected:perso-arabic,projected:gujarati,projected:hebrew,authored,projected:kannada,projected:sharada,projected:malayalam,projected:devanagari,projected:devanagari,projected:oriya,projected:devanagari,projected:perso-arabic,projected:perso-arabic,projected:phoenician,projected:devanagari,projected:gurmukhi,projected:devanagari,projected:perso-arabic,projected:khudawadi,projected:syriac,projected:tamil,projected:telugu,projected:perso-arabic
C_READDIR,readdir,c,projected:perso-arabic,projected:aramaic,projected:bengali,projected:bengali,projected:perso-arabic,projected:gujarati,projected:hebrew,authored,projected:kannada,projected:sharada,projected:malayalam,projected:devanagari,projected:devanagari,projected:oriya,projected:devanagari,projected:perso-arabic,projected:perso-arabic,projected:phoenician,projected:devanagari,projected:gurmukhi,projected:devanagari,projected:perso-arabic,projected:khudawadi,projected:syriac,projected:tamil,projected:telugu,projected:perso-arabic
C_REALLOC,realloc,c,projected:perso-arabic,projected:aramaic,projected:bengali,projected:bengali,projected:perso-arabic,projected:gujarati,projected:hebrew,authored,projected:kannada,projected:sharada,projected:malayalam,projected:devanagari,projected:devanagari,projected:oriya,projected:devanagari,projected:perso-arabic,projected:perso-arabic,projected:phoenician,projected:devanagari,projected:gurmukhi,projected:devanagari,projected:perso-arabic,projected:khudawadi,projected:syriac,projected:tamil,projected:telugu,projected:perso-arabic
C_REGISTER,register,c,projected:perso-arabic,projected:aramaic,projected:bengali,projected:bengali,projected:perso-arabic,projected:gujarati,projected:hebrew,authored,projected:kannada,projected:sharada,projected:malayalam,projected:devanagari,projected:devanagari,projected:oriya,projected:devanagari,projected:perso-arabic,projected:perso-arabic,projected:phoenician,projected:devanagari,projected:gurmukhi,projected:devanagari,projected:perso-arabic,projected:khudawadi,projected:syriac,projected:tamil,projected:telugu,projected:perso-arabic
C_REMOVE,remove,c,projected:perso-arabic,projected:aramaic,projected:bengali,projected:bengali,projected:perso-arabic,projected:gujarati,projected:hebrew,authored,projected:kannada,projected:sharada,projected:malayalam,projected:devanagari,projected:devanagari,projected:oriya,projected:devanagari,projected:perso-arabic,projected:perso-arabic,projected:phoenician,projected:devanagari,projected:gurmukhi,projected:devanagari,projected:perso-arabic,projected:khudawadi,projected:syriac,projected:tamil,projected:telugu,projected:perso-arabic
C_RENAME,rename,c,projected:perso-arabic,projected:aramaic,projected:bengali,projected:bengali,projected:perso-arabic,projected:gujarati,projected:hebrew,authored,projected:kannada,projected:sharada,projected:malayalam,projected:devanagari,projected:devanagari,projected:oriya,projected:devanagari,projected:perso-arabic,projected:perso-arabic,projected:phoenician,projected:devanagari,projected:gurmukhi,projected:devanagari,projected:perso-arabic,projected:khudawadi,projected:syriac,projected:tamil,projected:telugu,projected:perso-arabic
C_RETURN,return,c,authored,authored,authored,authored,authored,authored,authored,authored,authored,authored,authored,authored,authored,authored,authored,authored,authored,authored,authored,authored,authored,authored,authored,authored,authored,authored,authored
C_REWIND,rewind,c,projected:perso-arabic,projected:aramaic,projected:bengali,projected:bengali,projected:perso-arabic,projected:gujarati,projected:hebrew,authored,projected:kannada,projected:sharada,projected:malayalam,projected:devanagari,projected:devanagari,projected:oriya,projected:devanagari,projected:perso-arabic,projected:perso-arabic,projected:phoenician,projected:devanagari,projected:gurmukhi,projected:devanagari,projected:perso-arabic,projected:khudawadi,projected:syriac,projected:tamil,projected:telugu,projected:perso-arabic
C_REWINDDIR,rewinddir,c,projected:perso-arabic,projected:aramaic,projected:bengali,projected:bengali,projected:perso-arabic,projected:gujarati,projected:hebrew,authored,projected:kannada,projected:sharada,projected:malayalam,projected:devanagari,projected:devanagari,projected:oriya,projected:devanagari,projected:perso-arabic,projected:perso-arabic,projected:phoenician,projected:devanagari,projected:gurmukhi,projected:devanagari,projected:perso-arabic,projected:khudawadi,projected:syriac,projected:tamil,projected:telugu,projected:perso-arabic
C_RMDIR,rmdir,c,projected:perso-arabic,projected:aramaic,projected:bengali,projected:bengali,projected:perso-arabic,projected:gujarati,projected:hebrew,authored,projected:kannada,projected:sharada,projected:malayalam,projected:devanagari,projected:devanagari,projected:oriya,projected:devanagari,projected:perso-arabic,projected:perso-arabic,projected:phoenician,projected:devanagari,projected:gurmukhi,projected:devanagari,projected:perso-arabic,projected:khudawadi,projected:syriac,projected:tamil,projected:telugu,projected:perso-arabic
C_SCANF,scanf,c,authored,authored,authored,authored,authored,authored,authored,authored,authored,authored,authored,authored,authored,authored,authored,authored,authored,authored,authored,authored,authored,authored,authored,authored,authored,authored,authored
C_SETBUF,setbuf,c,projected:perso-arabic,projected:aramaic,projected:bengali,projected:bengali,projected:perso-arabic,projected:gujarati,projected:hebrew,authored,projected:kannada,projected:sharada,projected:malayalam,projected:devanagari,projected:devanagari,projected:oriya,projected:devanagari,projected:perso-arabic,projected:perso-arabic,projected:phoenician,projected:devanagari,projected:gurmukhi,projected:devanagari,projected:perso-arabic,projected:khudawadi,projected:syriac,projected:tamil,projected:telugu,projected:perso-arabic
C_SETJMP,setjmp,c,projected:perso-arabic,projected:aramaic,projected:bengali,projected:bengali,projected:perso-arabic,projected:gujarati,projected:hebrew,authored,projected:kannada,projected:sharada,projected:malayalam,projected:devanagari,projected:devanagari,projected:oriya,projected:devanagari,projected:perso-arabic,projected:perso-arabic,projected:phoenician,projected:devanagari,projected:gurmukhi,projected:devanagari,projected:perso-arabic,projected:khudawadi,projected:syriac,projected:tamil,projected:telugu,projected:perso-arabic
C_SETLOCALE,setlocale,c,projected:perso-arabic,projected:aramaic,projected:bengali,projected:bengali,projected:perso-arabic,projected:gujarati,projected:hebrew,authored,projected:kannada,projected:sharada,projected:malayalam,projected:devanagari,projected:devanagari,projected:oriya,projected:devanagari,projected:perso-arabic,projected:perso-arabic,projected:phoenician,projected:devanagari,projected:gurmukhi,projected:devanagari,projected:perso-arabic,projected:khudawadi,projected:syriac,projected:tamil,projected:telugu,projected:perso-arabic
C_SETVBUF,setvbuf,c,projected:perso-arabic,projected:aramaic,projected:bengali,projected:bengali,projected:perso-arabic,projected:gujarati,projected:hebrew,authored,projected:kannada,projected:sharada,projected:malayalam,projected:devanagari,projected:devanagari,projected:oriya,projected:devanagari,projected:perso-arabic,projected:perso-arabic,projected:phoenician,projected:devanagari,projected:gurmukhi,projected:devanagari,projected:perso-arabic,projected:khudawadi,projected:syriac,projected:tamil,projected:telugu,projected:perso-arabic
C_SHORT,short,c,projected:perso-arabic,projected:aramaic,projected:bengali,projected:bengali,projected:perso-arabic,projected:gujarati,projected:hebrew,authored,projected:kannada,projected:sharada,projected:malayalam,projected:devanagari,projected:devanagari,projected:oriya,projected:devanagari,projected:perso-arabic,projected:perso-arabic,projected:phoenician,projected:devanagari,projected:gurmukhi,projected:devanagari,projected:perso-arabic,projected:khudawadi,projected:syriac,projected:tamil,projected:telugu,projected:perso-arabic
C_SIG_ATOMIC_T,sig_atomic_t,c,projected:perso-arabic,projected:aramaic,projected:bengali,projected:bengali,projected:perso-arabic,projected:gujarati,projected:hebrew,authored,projected:kannada,projected:sharada,projected:malayalam,projected:devanagari,projected:devanagari,projected:oriya,projected:devanagari,projected:perso-arabic,projected:perso-arabic,projected:phoenician,projected:devanagari,projected:gurmukhi,projected:devanagari,projected:perso-arabic,projected:khudawadi,projected:syriac,projected:tamil,projected:telugu,projected:perso-arabic
C_SIGNAL,signal,c,projected:perso-arabic,projected:aramaic,projected:bengali,projected:bengali,projected:perso-arabic,projected:gujarati,projected:hebrew,authored,projected:kannada,projected:sharada,projected:malayalam,projected:devanagari,projected:devanagari,projected:oriya,projected:devanagari,projected:perso-arabic,projected:perso-arabic,projected:phoenician,projected:devanagari,projected:gurmukhi,projected:devanagari,projected:perso-arabic,projected:khudawadi,projected:syriac,projected:tamil,projected:telugu,projected:perso-arabic
C_SIGNED,signed,c,projected:perso-arabic,projected:aramaic,projected:bengali,projected:bengali,projected:perso-arabic,projected:gujarati,projected:hebrew,authored,projected:kannada,projected:sharada,projected:malayalam,projected:devanagari,projected:devanagari,projected:oriya,projected:devanagari,projected:perso-arabic,projected:perso-arabic,projected:phoenician,projected:devanagari,projected:gurmukhi,projected:devanagari,projected:perso-arabic,projected:khudawadi,projected:syriac,projected:tamil,projected:telugu,projected:perso-arabic
C_SIGPENDING,sigpending,c,projected:perso-arabic,projected:aramaic,projected:bengali,projected:bengali,projected:perso-arabic,projected:gujarati,projected:hebrew,authored,projected:kannada,projected:sharada,projected:malayalam,projected:devanagari,projected:devanagari,projected:oriya,projected:devanagari,projected:perso-arabic,projected:perso-arabic,projected:phoenician,projected:devanagari,projected:gurmukhi,projected:devanagari,projected:perso-arabic,projected:khudawadi,projected:syriac,projected:tamil,projected:telugu,projected:perso-arabic
C_SIGSUSPEND,sigsuspend,c,projected:perso-arabic,projected:aramaic,projected:bengali,projected:bengali,projected:perso-arabic,projected:gujarati,projected:hebrew,authored,projected:kannada,projected:sharada,projected:malayalam,projected:devanagari,projected:devanagari,projected:oriya,projected:devanagari,projected:perso-arabic,projected:perso-arabic,projected:phoenician,projected:devanagari,projected:gurmukhi,projected:devanagari,projected:perso-arabic,projected:khudawadi,projected:syriac,projected:tamil,projected:telugu,projected:perso-arabic
C_SIZE_T,size_t,c,projected:perso-arabic,projected:aramaic,projected:bengali,projected:bengali,projected:perso-arabic,projected:gujarati,projected:hebrew,authored,projected:kannada,projected:sharada,projected:malayalam,projected:devanagari,projected:devanagari,projected:oriya,projected:devanagari,projected:perso-arabic,projected:perso-arabic,projected:phoenician,projected:devanagari,projected:gurmukhi,projected:devanagari,projected:perso-arabic,projected:khudawadi,projected:syriac,projected:tamil,projected:telugu,projected:perso-arabic
C_SIZEOF,sizeof,c,projected:perso-arabic,projected:aramaic,projected:bengali,projected:bengali,projected:perso-arabic,projected:gujarati,projected:hebrew,authored,projected:kannada,projected:sharada,projected:malayalam,projected:devanagari,projected:devanagari,projected:oriya,projected:devanagari,projected:perso-arabic,projected:perso-arabic,projected:phoenician,projected:devanagari,projected:gurmukhi,projected:devanagari,projected:perso-arabic,projected:khudawadi,projected:syriac,projected:tamil,projected:telugu,projected:perso-arabic
C_SPRINTF,sprintf,c,projected:perso-arabic,projected:aramaic,projected:bengali,projected:bengali,projected:perso-arabic,projected:gujarati,projected:hebrew,authored,projected:kannada,projected:sharada,projected:malayalam,projected:devanagari,projected:devanagari,projected:oriya,projected:devanagari,projected:perso-arabic,projected:perso-arabic,projected:phoenician,projected:devanagari,projected:gurmukhi,projected:devanagari,projected:perso-arabic,projected:khudawadi,projected:syriac,projected:tamil,projected:telugu,projected:perso-arabic
C_SQRT,sqrt,c,projected:perso-arabic,projected:aramaic,projected:bengali,projected:bengali,projected:perso-arabic,projected:gujarati,projected:hebrew,authored,projected:kannada,projected:sharada,projected:malayalam,projected:devanagari,projected:devanagari,projected:oriya,projected:devanagari,projected:perso-arabic,projected:perso-arabic,projected:phoenician,projected:devanagari,projected:gurmukhi,projected:devanagari,projected:perso-arabic,projected:khudawadi,projected:syriac,projected:tamil,projected:telugu,projected:perso-arabic
C_SRAND,srand,c,projected:perso-arabic,projected:aramaic,projected:bengali,projected:bengali,projected:perso-arabic,projected:gujarati,projected:hebrew,authored,projected:kannada,projected:sharada,projected:malayalam,projected:devanagari,projected:devanagari,projected:oriya,projected:devanagari,projected:perso-arabic,projected:perso-arabic,projected:phoenician,projected:devanagari,projected:gurmukhi,projected:devanagari,projected:perso-arabic,projected:khudawadi,projected:syriac,projected:tamil,projected:telugu,projected:perso-arabic
C_SSCANF,sscanf,c,projected:perso-arabic,projected:aramaic,projected:bengali,projected:bengali,projected:perso-arabic,projected:gujarati,projected:hebrew,authored,projected:kannada,projected:sharada,projected:malayalam,projected:devanagari,projected:devanagari,projected:oriya,projected:devanagari,projected:perso-arabic,projected:perso-arabic,projected:phoenician,projected:devanagari,projected:gurmukhi,projected:devanagari,projected:perso-arabic,projected:khudawadi,projected:syriac,projected:tamil,projected:telugu,projected:perso-arabic
C_STATIC,static,c,authored,authored,authored,authored,authored,authored,authored,authored,authored,authored,authored,authored,authored,authored,authored,authored,authored,authored,authored,authored,authored,authored,authored,authored,authored,authored,authored
C_STDERR,stderr,c,projected:perso-arabic,projected:aramaic,projected:bengali,projected:bengali,projected:perso-arabic,projected:gujarati,projected:hebrew,authored,projected:kannada,projected:sharada,projected:malayalam,projected:devanagari,projected:devanagari,projected:oriya,projected:devanagari,projected:perso-arabic,projected:perso-arabic,projected:phoenician,projected:devanagari,projected:gurmukhi,projected:devanagari,projected:perso-arabic,projected:khudawadi,projected:syriac,projected:tamil,projected:telugu,projected:perso-arabic
C_STDIN,stdin,c,projected:perso-arabic,projected:aramaic,projected:bengali,projected:bengali,projected:perso-arabic,projected:gujarati,projected:hebrew,authored,projected:kannada,projected:sharada,projected:malayalam,projected:devanagari,projected:devanagari,projected:oriya,projected:devanagari,projected:perso-arabic,projected:perso-arabic,projected:phoenician,projected:devanagari,projected:gurmukhi,projected:devanagari,projected:perso-arabic,projected:khudawadi,projected:syriac,projected:tamil,projected:telugu,projected:perso-arabic
C_STDOUT,stdout,c,projected:perso-arabic,projected:aramaic,projected:bengali,projected:bengali,projected:perso-arabic,projected:gujarati,projected:hebrew,authored,projected:kannada,projected:sharada,projected:malayalam,projected:devanagari,projected:devanagari,projected:oriya,projected:devanagari,projected:perso-arabic,projected:perso-arabic,projected:phoenician,projected:devanagari,projected:gurmukhi,projected:devanagari,projected:perso-arabic,projected:khudawadi,projected:syriac,projected:tamil,projected:telugu,projected:perso-arabic
C_STRCAT,strcat,c,projected:perso-arabic,projected:aramaic,projected:bengali,projected:bengali,projected:perso-arabic,projected:gujarati,projected:hebrew,authored,projected:kannada,projected:sharada,projected:malayalam,projected:devanagari,projected:devanagari,projected:oriya,projected:devanagari,projected:perso-arabic,projected:perso-arabic,projected:phoenician,projected:devanagari,projected:gurmukhi,projected:devanagari,projected:perso-arabic,projected:khudawadi,projected:syriac,projected:tamil,projected:telugu,projected:perso-arabic
C_STRCHR,strchr,c,projected:perso-arabic,projected:aramaic,projected:bengali,projected:bengali,projected:perso-arabic,projected:gujarati,projected:hebrew,authored,projected:kannada,projected:sharada,projected:malayalam,projected:devanagari,projected:devanagari,projected:oriya,projected:devanagari,projected:perso-arabic,projected:perso-arabic,projected:phoenician,projected:devanagari,projected:gurmukhi,projected:devanagari,projected:perso-arabic,projected:khudawadi,projected:syriac,projected:tamil,projected:telugu,projected:perso-arabic
C_STRCMP,strcmp,c,projected:perso-arabic,projected:aramaic,projected:bengali,projected:bengali,projected:perso-arabic,projected:gujarati,projected:hebrew,authored,projected:kannada,projected:sharada,projected:malayalam,projected:devanagari,projected:devanagari,projected:oriya,projected:devanagari,projected:perso-arabic,projected:perso-arabic,projected:phoenician,projected:devanagari,projected:gurmukhi,projected:devanagari,projected:perso-arabic,projected:khudawadi,projected:syriac,projected:tamil,projected:telugu,projected:perso-arabic
C_STRCPY,strcpy,c,projected:perso-arabic,projected:aramaic,projected:bengali,projected:bengali,projected:perso-arabic,projected:gujarati,projected:hebrew,authored,projected:kannada,projected:sharada,projected:malayalam,projected:devanagari,projected:devanagari,projected:oriya,projected:devanagari,projected:perso-arabic,projected:perso-arabic,projected:phoenician,projected:devanagari,projected:gurmukhi,projected:devanagari,projected:perso-arabic,projected:khudawadi,projected:syriac,projected:tamil,projected:telugu,projected:perso-arabic
C_STRCSPN,strcspn,c,projected:perso-arabic,projected:aramaic,projected:bengali,projected:bengali,projected:perso-arabic,projected:gujarati,projected:hebrew,authored,projected:kannada,projected:sharada,projected:malayalam,projected:devanagari,projected:devanagari,projected:oriya,projected:devanagari,projected:perso-arabic,projected:perso-arabic,projected:phoenician,projected:devanagari,projected:gurmukhi,projected:devanagari,projected:perso-arabic,projected:khudawadi,projected:syriac,projected:tamil,projected:telugu,projected:perso-arabic
C_STRERROR,strerror,c,projected:perso-arabic,projected:aramaic,projected:bengali,projected:bengali,projected:perso-arabic,projected:gujarati,projected:hebrew,authored,projected:kannada,projected:sharada,projected:malayalam,projected:devanagari,projected:devanagari,projected:oriya,projected:devanagari,projected:perso-arabic,projected:perso-arabic,projected:phoenician,projected:devanagari,projected:gurmukhi,projected:devanagari,projected:perso-arabic,projected:khudawadi,projected:syriac,projected:tamil,projected:telugu,projected:perso-arabic
C_STRFTIME,strftime,c,projected:perso-arabic,projected:aramaic,projected:bengali,projected:bengali,projected:perso-arabic,projected:gujarati,projected:hebrew,authored,projected:kannada,projected:sharada,projected:malayalam,projected:devanagari,projected:devanagari,projected:oriya,projected:devanagari,projected:perso-arabic,projected:perso-arabic,projected:phoenician,projected:devanagari,projected:gurmukhi,projected:devanagari,projected:perso-arabic,projected:khudawadi,projected:syriac,projected:tamil,projected:telugu,projected:perso-arabic
C_STRLEN,strlen,c,projected:perso-arabic,projected:aramaic,projected:bengali,projected:bengali,projected:perso-arabic,projected:gujarati,projected:hebrew,authored,projected:kannada,projected:sharada,projected:malayalam,projected:devanagari,projected:devanagari,projected:oriya,projected:devanagari,projected:perso-arabic,projected:perso-arabic,projected:phoenician,projected:devanagari,projected:gurmukhi,projected:devanagari,projected:perso-arabic,projected:khudawadi,projected:syriac,projected:tamil,projected:telugu,projected:perso-arabic
C_STRNCAT,strncat,c,projected:perso-arabic,projected:aramaic,projected:bengali,projected:bengali,projected:perso-arabic,projected:gujarati,projected:hebrew,authored,projected:kannada,projected:sharada,projected:malayalam,projected:devanagari,projected:devanagari,projected:oriya,projected:devanagari,projected:perso-arabic,projected:perso-arabic,projected:phoenician,projected:devanagari,projected:gurmukhi,projected:devanagari,projected:perso-arabic,projected:khudawadi,projected:syriac,projected:tamil,projected:telugu,projected:perso-arabic
C_STRNCMP,strncmp,c,projected:perso-arabic,projected:aramaic,projected:bengali,projected:bengali,projected:perso-arabic,projected:gujarati,projected:hebrew,authored,projected:kannada,projected:sharada,projected:malayalam,projected:devanagari,projected:devanagari,projected:oriya,projected:devanagari,projected:perso-arabic,projected:perso-arabic,projected:phoenician,projected:devanagari,projected:gurmukhi,projected:devanagari,projected:perso-arabic,projected:khudawadi,projected:syriac,projected:tamil,projected:telugu,projected:perso-arabic
C_STRNCPY,strncpy,c,projected:perso-arabic,projected:aramaic,projected:bengali,projected:bengali,projected:perso-arabic,projected:gujarati,projected:hebrew,authored,projected:kannada,projected:sharada,projected:malayalam,projected:devanagari,projected:devanagari,projected:oriya,projected:devanagari,projected:perso-arabic,projected:perso-arabic,projected:phoenician,projected:devanagari,projected:gurmukhi,projected:devanagari,projected:perso-arabic,projected:khudawadi,projected:syriac,projected:tamil,projected:telugu,projected:perso-arabic
C_STRRCHR,strrchr,c,projected:perso-arabic,projected:aramaic,projected:bengali,projected:bengali,projected:perso-arabic,projected:gujarati,projected:hebrew,authored,projected:kannada,projected:sharada,projected:malayalam,projected:devanagari,projected:devanagari,projected:oriya,projected:devanagari,projected:perso-arabic,projected:perso-arabic,projected:phoenician,projected:devanagari,projected:gurmukhi,projected:devanagari,projected:perso-arabic,projected:khudawadi,projected:syriac,projected:tamil,projected:telugu,projected:perso-arabic
C_STRSPN,strspn,c,projected:perso-arabic,projected:aramaic,projected:bengali,projected:bengali,projected:perso-arabic,projected:gujarati,projected:hebrew,authored,projected:kannada,projected:sharada,projected:malayalam,projected:devanagari,projected:devanagari,projected:oriya,projected:devanagari,projected:perso-arabic,projected:perso-arabic,projected:phoenician,projected:devanagari,projected:gurmukhi,projected:devanagari,projected:perso-arabic,projected:khudawadi,projected:syriac,projected:tamil,projected:telugu,projected:perso-arabic
C_STRSTR,strstr,c,projected:perso-arabic,projected:aramaic,projected:bengali,projected:bengali,projected:perso-arabic,projected:gujarati,projected:hebrew,authored,projected:kannada,projected:sharada,projected:malayalam,projected:devanagari,projected:devanagari,projected:oriya,projected:devanagari,projected:perso-arabic,projected:perso-arabic,projected:phoenician,projected:devanagari,projected:gurmukhi,projected:devanagari,projected:perso-arabic,projected:khudawadi,projected:syriac,projected:tamil,projected:telugu,projected:perso-arabic
C_STRTOD,strtod,c,projected:perso-arabic,projected:aramaic,projected:bengali,projected:bengali,projected:perso-arabic,projected:gujarati,projected:hebrew,authored,projected:kannada,projected:sharada,projected:malayalam,projected:devanagari,projected:devanagari,projected:oriya,projected:devanagari,projected:perso-arabic,projected:perso-arabic,projected:phoenician,projected:devanagari,projected:gurmukhi,projected:devanagari,projected:perso-arabic,projected:khudawadi,projected:syriac,projected:tamil,projected:telugu,projected:perso-arabic
C_STRTOK,strtok,c,projected:perso-arabic,projected:aramaic,projected:bengali,projected:bengali,projected:perso-arabic,projected:gujarati,projected:hebrew,authored,projected:kannada,projected:sharada,projected:malayalam,projected:devanagari,projected:devanagari,projected:oriya,projected:devanagari,projected:perso-arabic,projected:perso-arabic,projected:phoenician,projected:devanagari,projected:gurmukhi,projected:devanagari,projected:perso-arabic,projected:khudawadi,projected:syriac,projected:tamil,projected:telugu,projected:perso-arabic
C_STRTOL,strtol,c,projected:perso-arabic,projected:aramaic,projected:bengali,projected:bengali,projected:perso-arabic,projected:gujarati,projected:hebrew,authored,projected:kannada,projected:sharada,projected:malayalam,projected:devanagari,projected:devanagari,projected:oriya,projected:devanagari,projected:perso-arabic,projected:perso-arabic,projected:phoenician,projected:devanagari,projected:gurmukhi,projected:devanagari,projected:perso-arabic,projected:khudawadi,projected:syriac,projected:tamil,projected:telugu,projected:perso-arabic
C_STRTOUL,strtoul,c,projected:perso-arabic,projected:aramaic,projected:bengali,projected:bengali,projected:perso-arabic,projected:gujarati,projected:hebrew,authored,projected:kannada,projected:sharada,projected:malayalam,projected:devanagari,projected:devanagari,projected:oriya,projected:devanagari,projected:perso-arabic,projected:perso-arabic,projected:phoenician,projected:devanagari,projected:gurmukhi,projected:devanagari,projected:perso-arabic,projected:khudawadi,projected:syriac,projected:tamil,projected:telugu,projected:perso-arabic
C_STRUCT,struct,c,authored,authored,authored,authored,authored,authored,authored,authored,authored,authored,authored,authored,authored,authored,authored,authored,authored,authored,authored,authored,authored,authored,authored,authored,authored,authored,authored
C_SWITCH,switch,c,authored,authored,authored,authored,authored,authored,authored,authored,authored,authored,authored,authored,authored,authored,authored,authored,authored,authored,authored,authored,authored,authored,authored,authored,authored,authored,authored
C_SYSTEM,system,c,projected:perso-arabic,projected:aramaic,projected:bengali,projected:bengali,projected:perso-arabic,projected:gujarati,projected:hebrew,authored,projected:kannada,projected:sharada,projected:malayalam,projected:devanagari,projected:devanagari,projected:oriya,projected:devanagari,projected:perso-arabic,projected:perso-arabic,projected:phoenician,projected:devanagari,projected:gurmukhi,projected:devanagari,projected:perso-arabic,projected:khudawadi,projected:syriac,projected:tamil,projected:telugu,projected:perso-arabic
C_TEMPLATE,template,c,projected:perso-arabic,projected:aramaic,projected:bengali,projected:bengali,projected:perso-arabic,projected:gujarati,projected:hebrew,authored,projected:kannada,projected:sharada,projected:malayalam,projected:devanagari,projected:devanagari,projected:oriya,projected:devanagari,projected:perso-arabic,projected:perso-arabic,projected:phoenician,projected:devanagari,projected:gurmukhi,projected:devanagari,projected:perso-arabic,projected:khudawadi,projected:syriac,projected:tamil,projected:telugu,projected:perso-arabic
C_TIME,time,c,projected:perso-arabic,projected:aramaic,projected:bengali,projected:bengali,projected:perso-arabic,projected:gujarati,projected:hebrew,authored,projected:kannada,projected:sharada,projected:malayalam,projected:devanagari,projected:devanagari,projected:oriya,projected:devanagari,projected:perso-arabic,projected:perso-arabic,projected:phoenician,projected:devanagari,projected:gurmukhi,projected:devanagari,projected:perso-arabic,projected:khudawadi,projected:syriac,projected:tamil,projected:telugu,projected:perso-arabic
C_TIME_T,time_t,c,projected:perso-arabic,projected:aramaic,projected:bengali,projected:bengali,projected:perso-arabic,projected:gujarati,projected:hebrew,authored,projected:kannada,projected:sharada,projected:malayalam,projected:devanagari,projected:devanagari,projected:oriya,projected:devanagari,projected:perso-arabic,projected:perso-arabic,projected:phoenician,projected:devanagari,projected:gurmukhi,projected:devanagari,projected:perso-arabic,projected:khudawadi,projected:syriac,projected:tamil,projected:telugu,projected:perso-arabic
C_TIMES,times,c,projected:perso-arabic,projected:aramaic,projected:bengali,projected:bengali,projected:perso-arabic,projected:gujarati,projected:hebrew,authored,projected:kannada,projected:sharada,projected:malayalam,projected:devanagari,projected:devanagari,projected:oriya,projected:devanagari,projected:perso-arabic,projected:perso-arabic,projected:phoenician,projected:devanagari,projected:gurmukhi,projected:devanagari,projected:perso-arabic,projected:khudawadi,projected:syriac,projected:tamil,projected:telugu,projected:perso-arabic
C_TM,tm,c,projected:perso-arabic,projected:aramaic,projected:bengali,projected:bengali,projected:perso-arabic,projected:gujarati,projected:hebrew,authored,projected:kannada,projected:sharada,projected:malayalam,projected:devanagari,projected:devanagari,projected:oriya,projected:devanagari,projected:perso-arabic,projected:perso-arabic,projected:phoenician,projected:devanagari,projected:gurmukhi,projected:devanagari,projected:perso-arabic,projected:khudawadi,projected:syriac,projected:tamil,projected:telugu,projected:perso-arabic
C_TMPFILE,tmpfile,c,projected:perso-arabic,projected:aramaic,projected:bengali,projected:bengali,projected:perso-arabic,projected:gujarati,projected:hebrew,authored,projected:kannada,projected:sharada,projected:malayalam,projected:devanagari,projected:devanagari,projected:oriya,projected:devanagari,projected:perso-arabic,projected:perso-arabic,projected:phoenician,projected:devanagari,projected:gurmukhi,projected:devanagari,projected:perso-arabic,projected:khudawadi,projected:syriac,projected:tamil,projected:telugu,projected:perso-arabic
C_TMPNAM,tmpnam,c,projected:perso-arabic,projected:aramaic,projected:bengali,projected:bengali,projected:perso-arabic,projected:gujarati,projected:hebrew,authored,projected:kannada,projected:sharada,projected:malayalam,projected:devanagari,projected:devanagari,projected:oriya,projected:devanagari,projected:perso-arabic,projected:perso-arabic,projected:phoenician,projected:devanagari,projected:gurmukhi,projected:devanagari,projected:perso-arabic,projected:khudawadi,projected:syriac,projected:tamil,projected:telugu,projected:perso-arabic
C_TOLOWER,tolower,c,projected:perso-arabic,projected:aramaic,projected:bengali,projected:bengali,projected:perso-arabic,projected:gujarati,projected:hebrew,authored,projected:kannada,projected:sharada,projected:malayalam,projected:devanagari,projected:devanagari,projected:oriya,projected:devanagari,projected:perso-arabic,projected:perso-arabic,projected:phoenician,projected:devanagari,projected:gurmukhi,projected:devanagari,projected:perso-arabic,projected:khudawadi,projected:syriac,projected:tamil,projected:telugu,projected:perso-arabic
C_TOUPPER,toupper,c,projected:perso-arabic,projected:aramaic,projected:bengali,projected:bengali,projected:perso-arabic,projected:gujarati,projected:hebrew,authored,projected:kannada,projected:sharada,projected:malayalam,projected:devanagari,projected:devanagari,projected:oriya,projected:devanagari,projected:perso-arabic,projected:perso-arabic,projected:phoenician,projected:devanagari,projected:gurmukhi,projected:devanagari,projected:perso-arabic,projected:khudawadi,projected:syriac,projected:tamil,projected:telugu,projected:perso-arabic
C_TYPEDEF,typedef,c,projected:perso-arabic,projected:aramaic,projected:bengali,projected:bengali,projected:perso-arabic,projected:gujarati,projected:hebrew,authored,projected:kannada,projected:sharada,projected:malayalam,projected:devanagari,projected:devanagari,projected:oriya,projected:devanagari,projected:perso-arabic,projected:perso-arabic,projected:phoenician,projected:devanagari,projected:gurmukhi,projected:devanagari,projected:perso-arabic,projected:khudawadi,projected:syriac,projected:tamil,projected:telugu,projected:perso-arabic
C_UNGETC,ungetc,c,projected:perso-arabic,projected:aramaic,projected:bengali,projected:bengali,projected:perso-arabic,projected:gujarati,projected:hebrew,authored,projected:kannada,projected:sharada,projected:malayalam,projected:devanagari,projected:devanagari,projected:oriya,projected:devanagari,projected:perso-arabic,projected:perso-arabic,projected:phoenician,projected:devanagari,projected:gurmukhi,projected:devanagari,projected:perso-arabic,projected:khudawadi,projected:syriac,projected:tamil,projected:telugu,projected:perso-arabic
C_UNION,union,c,projected:perso-arabic,projected:aramaic,projected:bengali,projected:bengali,projected:perso-arabic,projected:gujarati,projected:hebrew,authored,projected:kannada,projected:sharada,projected:malayalam,projected:devanagari,projected:devanagari,projected:oriya,projected:devanagari,projected:perso-arabic,projected:perso-arabic,projected:phoenician,projected:devanagari,projected:gurmukhi,projected:devanagari,projected:perso-arabic,projected:khudawadi,projected:syriac,projected:tamil,projected:telugu,projected:perso-arabic
C_UNSIGNED,unsigned,c,projected:perso-arabic,projected:aramaic,projected:bengali,projected:bengali,projected:perso-arabic,projected:gujarati,projected:hebrew,authored,projected:kannada,projected:sharada,projected:malayalam,projected:devanagari,projected:devanagari,projected:oriya,projected:devanagari,projected:perso-arabic,projected:perso-arabic,projected:phoenician,projected:devanagari,projected:gurmukhi,projected:devanagari,projected:perso-arabic,projected:khudawadi,projected:syriac,projected:tamil,projected:telugu,projected:perso-arabic
C_VA_ARG,va_arg,c,projected:perso-arabic,projected:aramaic,projected:bengali,projected:bengali,projected:perso-arabic,projected:gujarati,projected:hebrew,authored,projected:kannada,projected:sharada,projected:malayalam,projected:devanagari,projected:devanagari,projected:oriya,projected:devanagari,projected:perso-arabic,projected:perso-arabic,projected:phoenician,projected:devanagari,projected:gurmukhi,projected:devanagari,projected:perso-arabic,projected:khudawadi,projected:syriac,projected:tamil,projected:telugu,projected:perso-arabic
C_VA_END,va_end,c,projected:perso-arabic,projected:aramaic,projected:bengali,projected:bengali,projected:perso-arabic,projected:gujarati,projected:hebrew,authored,projected:kannada,projected:sharada,projected:malayalam,projected:devanagari,projected:devanagari,projected:oriya,projected:devanagari,projected:perso-arabic,projected:perso-arabic,projected:phoenician,projected:devanagari,projected:gurmukhi,projected:devanagari,projected:perso-arabic,projected:khudawadi,projected:syriac,projected:tamil,projected:telugu,projected:perso-arabic
C_VA_START,va_start,c,projected:perso-arabic,projected:aramaic,projected:bengali,projected:bengali,projected:perso-arabic,projected:gujarati,projected:hebrew,authored,projected:kannada,projected:sharada,projected:malayalam,projected:devanagari,projected:devanagari,projected:oriya,projected:devanagari,projected:perso-arabic,projected:perso-arabic,projected:phoenician,projected:devanagari,projected:gurmukhi,projected:devanagari,projected:perso-arabic,projected:khudawadi,projected:syriac,projected:tamil,projected:telugu,projected:perso-arabic
C_VFPRINTF,vfprintf,c,projected:perso-arabic,projected:aramaic,projected:bengali,projected:bengali,projected:perso-arabic,projected:gujarati,projected:hebrew,authored,projected:kannada,projected:sharada,projected:malayalam,projected:devanagari,projected:devanagari,projected:oriya,projected:devanagari,projected:perso-arabic,projected:perso-arabic,projected:phoenician,projected:devanagari,projected:gurmukhi,projected:devanagari,projected:perso-arabic,projected:khudawadi,projected:syriac,projected:tamil,projected:telugu,projected:perso-arabic
C_VIRTUAL,virtual,c,authored,authored,authored,authored,authored,authored,authored,authored,authored,authored,authored,authored,authored,authored,authored,authored,authored,authored,authored,authored,authored,authored,authored,authored,authored,authored,authored
C_VOID,void,c,authored,authored,authored,authored,authored,authored,authored,authored,authored,authored,authored,authored,authored,authored,authored,authored,authored,authored,authored,authored,authored,authored,authored,authored,authored,authored,authored
C_VOLATILE,volatile,c,projected:perso-arabic,projected:aramaic,projected:bengali,projected:bengali,projected:perso-arabic,projected:gujarati,projected:hebrew,authored,projected:kannada,projected:sharada,projected:malayalam,projected:devanagari,projected:devanagari,projected:oriya,projected:devanagari,projected:perso-arabic,projected:perso-arabic,projected:phoenician,projected:devanagari,projected:gurmukhi,projected:devanagari,projected:perso-arabic,projected:khudawadi,projected:syriac,projected:tamil,projected:telugu,projected:perso-arabic
C_VPRINTF,vprintf,c,projected:perso-arabic,projected:aramaic,projected:bengali,projected:bengali,projected:perso-arabic,projected:gujarati,projected:hebrew,authored,projected:kannada,projected:sharada,projected:malayalam,projected:devanagari,projected:devanagari,projected:oriya,projected:devanagari,projected:perso-arabic,projected:perso-arabic,projected:phoenician,projected:devanagari,projected:gurmukhi,projected:devanagari,projected:perso-arabic,projected:khudawadi,projected:syriac,projected:tamil,projected:telugu,projected:perso-arabic
C_VSPRINTF,vsprintf,c,projected:perso-arabic,projected:aramaic,projected:bengali,projected:bengali,projected:perso-arabic,projected:gujarati,projected:hebrew,authored,projected:kannada,projected:sharada,projected:malayalam,projected:devanagari,projected:devanagari,projected:oriya,projected:devanagari,projected:perso-arabic,projected:perso-arabic,projected:phoenician,projected:devanagari,projected:gurmukhi,projected:devanagari,projected:perso-arabic,projected:khudawadi,projected:syriac,projected:tamil,projected:telugu,projected:perso-arabic
C_WAIT,wait,c,projected:perso-arabic,projected:aramaic,projected:bengali,projected:bengali,projected:perso-arabic,projected:gujarati,projected:hebrew,authored,projected:kannada,projected:sharada,projected:malayalam,projected:devanagari,projected:devanagari,projected:oriya,projected:devanagari,projected:perso-arabic,projected:perso-arabic,projected:phoenician,projected:devanagari,projected:gurmukhi,projected:devanagari,projected:perso-arabic,projected:khudawadi,projected:syriac,projected:tamil,projected:telugu,projected:perso-arabic
C_WCHAR_T,wchar_t,c,projected:perso-arabic,projected:aramaic,projected:bengali,projected:bengali,projected:perso-arabic,projected:gujarati,projected:hebrew,authored,projected:kannada,projected:sharada,projected:malayalam,projected:devanagari,projected:devanagari,projected:oriya,projected:devanagari,projected:perso-arabic,projected:perso-arabic,projected:phoenician,projected:devanagari,projected:gurmukhi,projected:devanagari,projected:perso-arabic,projected:khudawadi,projected:syriac,projected:tamil,projected:telugu,projected:perso-arabic
C_WHILE,while,c,authored,authored,authored,authored,authored,authored,authored,authored,authored,authored,authored,authored,authored,authored,authored,authored,authored,authored,authored,authored,authored,authored,authored,authored,authored,authored,authored
C_WRITE,write,c,projected:perso-arabic,projected:aramaic,projected:bengali,projected:bengali,projected:perso-arabic,projected:gujarati,projected:hebrew,authored,projected:kannada,projected:sharada,projected:malayalam,projected:devanagari,projected:devanagari,projected:oriya,projected:devanagari,projected:perso-arabic,projected:perso-arabic,projected:phoenician,projected:devanagari,projected:gurmukhi,projected:devanagari,projected:perso-arabic,projected:khudawadi,projected:syriac,projected:tamil,projected:telugu,projected:perso-arabic
C_GETTIME,gettime,c,projected:perso-arabic,projected:aramaic,projected:bengali,projected:bengali,projected:perso-arabic,projected:gujarati,projected:hebrew,authored,projected:kannada,projected:sharada,projected:malayalam,projected:devanagari,projected:devanagari,projected:oriya,projected:devanagari,projected:perso-arabic,projected:perso-arabic,projected:phoenician,projected:devanagari,projected:gurmukhi,projected:devanagari,projected:perso-arabic,projected:khudawadi,projected:syriac,projected:tamil,projected:telugu,projected:perso-arabic
C_SETTIME,settime,c,projected:perso-arabic,projected:aramaic,projected:bengali,projected:bengali,projected:perso-arabic,projected:gujarati,projected:hebrew,authored,projected:kannada,projected:sharada,projected:malayalam,projected:devanagari,projected:devanagari,projected:oriya,projected:devanagari,projected:perso-arabic,projected:perso-arabic,projected:phoenician,projected:devanagari,projected:gurmukhi,projected:devanagari,projected:perso-arabic,projected:khudawadi,projected:syriac,projected:tamil,projected:telugu,projected:perso-arabic
CPP_MAIN,main,cpp,projected:perso-arabic,projected:aramaic,projected:bengali,projected:bengali,projected:perso-arabic,projected:gujarati,projected:hebrew,authored,projected:kannada,projected:sharada,projected:malayalam,projected:devanagari,projected:devanagari,projected:oriya,projected:devanagari,projected:perso-arabic,projected:perso-arabic,projected:phoenician,projected:devanagari,projected:gurmukhi,projected:devanagari,projected:perso-arabic,projected:khudawadi,projected:syriac,projected:tamil,projected:telugu,projected:perso-arabic
CPP_ALLOC_H,alloc.h,cpp,projected:perso-arabic,projected:aramaic,projected:bengali,projected:bengali,projected:perso-arabic,projected:gujarati,projected:hebrew,authored,projected:kannada,projected:sharada,projected:malayalam,projected:devanagari,projected:devanagari,projected:oriya,projected:devanagari,projected:perso-arabic,projected:perso-arabic,projected:phoenician,projected:devanagari,projected:gurmukhi,projected:devanagari,projected:perso-arabic,projected:khudawadi,projected:syriac,projected:tamil,projected:telugu,projected:perso-arabic
CPP_ASSERT_H,assert.h,cpp,projected:perso-arabic,projected:aramaic,projected:bengali,projected:bengali,projected:perso-arabic,projected:gujarati,projected:hebrew,authored,projected:kannada,projected:sharada,projected:malayalam,projected:devanagari,projected:devanagari,projected:oriya,projected:devanagari,projected:perso-arabic,projected:perso-arabic,projected:phoenician,projected:devanagari,projected:gurmukhi,projected:devanagari,projected:perso-arabic,projected:khudawadi,projected:syriac,projected:tamil,projected:telugu,projected:perso-arabic
CPP_BIOS_H,bios.h,cpp,projected:perso-arabic,projected:aramaic,projected:bengali,projected:bengali,projected:perso-arabic,projected:gujarati,projected:hebrew,authored,projected:kannada,projected:sharada,projected:malayalam,projected:devanagari,projected:devanagari,projected:oriya,projected:devanagari,projected:perso-arabic,projected:perso-arabic,projected:phoenician,projected:devanagari,projected:gurmukhi,projected:devanagari,projected:perso-arabic,projected:khudawadi,projected:syriac,projected:tamil,projected:telugu,projected:perso-arabic
CPP_CONIO_H,conio.h,cpp,projected:perso-arabic,projected:aramaic,projected:bengali,projected:bengali,projected:perso-arabic,projected:gujarati,projected:hebrew,authored,projected:kannada,projected:sharada,projected:malayalam,projected:devanagari,projected:devanagari,projected:oriya,projected:devanagari,projected:perso-arabic,projected:perso-arabic,projected:phoenician,projected:devanagari,projected:gurmukhi,projected:devanagari,projected:perso-arabic,projected:khudawadi,projected:syriac,projected:tamil,projected:telugu,projected:perso-arabic
CPP_CTYPE_H,ctype.h,cpp,projected:perso-arabic,projected:aramaic,projected:bengali,projected:bengali,projected:perso-arabic,projected:gujarati,projected:hebrew,authored,projected:kannada,projected:sharada,projected:malayalam,projected:devanagari,projected:devanagari,projected:oriya,projected:devanagari,projected:perso-arabic,projected:perso-arabic,projected:phoenician,projected:devanagari,projected:gurmukhi,projected:devanagari,projected:perso-arabic,projected:khudawadi,projected:syriac,projected:tamil,projected:telugu,projected:perso-arabic
CPP_DIR_H,dir.h,cpp,projected:perso-arabic,projected:aramaic,projected:bengali,projected:bengali,projected:perso-arabic,projected:gujarati,projected:hebrew,authored,projected:kannada,projected:sharada,projected:malayalam,projected:devanagari,projected:devanagari,projected:oriya,projected:devanagari,projected:perso-arabic,projected:perso-arabic,projected:phoenician,projected:devanagari,projected:gurmukhi,projected:devanagari,projected:perso-arabic,projected:khudawadi,projected:syriac,projected:tamil,projected:telugu,projected:perso-arabic
CPP_DOS_H,dos.h,cpp,projected:perso-arabic,projected:aramaic,projected:bengali,projected:bengali,projected:perso-arabic,projected:gujarati,projected:hebrew,authored,projected:kannada,projected:sharada,projected:malayalam,projected:devanagari,projected:devanagari,projected:oriya,projected:devanagari,projected:perso-arabic,projected:perso-arabic,projected:phoenician,projected:devanagari,projected:gurmukhi,projected:devanagari,projected:perso-arabic,projected:khudawadi,projected:syriac,projected:tamil,projected:telugu,projected:perso-arabic
CPP_ERRNO_H,errno.h,cpp,projected:perso-arabic,projected:aramaic,projected:bengali,projected:bengali,projected:perso-arabic,projected:gujarati,projected:hebrew,authored,projected:kannada,projected:sharada,projected:malayalam,projected:devanagari,projected:devanagari,projected:oriya,projected:devanagari,projected:perso-arabic,projected:perso-arabic,projected:phoenician,projected:devanagari,projected:gurmukhi,projected:devanagari,projected:perso-arabic,projected:khudawadi,projected:syriac,projected:tamil,projected:telugu,projected:perso-arabic
CPP_FLOAT_H,float.h,cpp,projected:perso-arabic,projected:aramaic,projected:bengali,projected:bengali,projected:perso-arabic,projected:gujarati,projected:hebrew,authored,projected:kannada,projected:sharada,projected:malayalam,projected:devanagari,projected:devanagari,projected:oriya,projected:devanagari,projected:perso-arabic,projected:perso-arabic,projected:phoenician,projected:devanagari,projected:gurmukhi,projected:devanagari,projected:perso-arabic,projected:khudawadi,projected:syriac,projected:tamil,projected:telugu,projected:perso-arabic
CPP_IO_H,io.h,cpp,projected:perso-arabic,projected:aramaic,projected:bengali,projected:bengali,projected:perso-arabic,projected:gujarati,projected:hebrew,authored,projected:kannada,projected:sharada,projected:malayalam,projected:devanagari,projected:devanagari,projected:oriya,projected:devanagari,projected:perso-arabic,projected:perso-arabic,projected:phoenician,projected:devanagari,projected:gurmukhi,projected:devanagari,projected:perso-arabic,projected:khudawadi,projected:syriac,projected:tamil,projected:telugu,projected:perso-arabic
CPP_LIMITS_H,limits.h,cpp,projected:perso-arabic,projected:aramaic,projected:bengali,projected:bengali,projected:perso-arabic,projected:gujarati,projected:hebrew,authored,projected:kannada,projected:sharada,projected:malayalam,projected:devanagari,projected:devanagari,projected:oriya,projected:devanagari,projected:perso-arabic,projected:perso-arabic,projected:phoenician,projected:devanagari,projected:gurmukhi,projected:devanagari,projected:perso-arabic,projected:khudawadi,projected:syriac,projected:tamil,projected:telugu,projected:perso-arabic
CPP_LOCALE_H,locale.h,cpp,projected:perso-arabic,projected:aramaic,projected:bengali,projected:bengali,projected:perso-arabic,projected:gujarati,projected:hebrew,authored,projected:kannada,projected:sharada,projected:malayalam,projected:devanagari,projected:devanagari,projected:oriya,projected:devanagari,projected:perso-arabic,projected:perso-arabic,projected:phoenician,projected:devanagari,projected:gurmukhi,projected:devanagari,projected:perso-arabic,projected:khudawadi,projected:syriac,projected:tamil,projected:telugu,projected:perso-arabic
CPP_MATH_H,math.h,cpp,projected:perso-arabic,projected:aramaic,projected:bengali,projected:bengali,projected:perso-arabic,projected:gujarati,projected:hebrew,authored,projected:kannada,projected:sharada,projected:malayalam,projected:devanagari,projected:devanagari,projected:oriya,projected:devanagari,projected:perso-arabic,projected:perso-arabic,projected:phoenician,projected:devanagari,projected:gurmukhi,projected:devanagari,projected:perso-arabic,projected:khudawadi,projected:syriac,projected:tamil,projected:telugu,projected:perso-arabic
CPP_MEM_H,mem.h,cpp,projected:perso-arabic,projected:aramaic,projected:bengali,projected:bengali,projected:perso-arabic,projected:gujarati,projected:hebrew,authored,projected:kannada,projected:sharada,projected:malayalam,projected:devanagari,projected:devanagari,projected:oriya,projected:devanagari,projected:perso-arabic,projected:perso-arabic,projected:phoenician,projected:devanagari,projected:gurmukhi,projected:devanagari,projected:perso-arabic,projected:khudawadi,projected:syriac,projected:tamil,projected:telugu,projected:perso-arabic
CPP_PROCESS_H,process.h,cpp,projected:perso-arabic,projected:aramaic,projected:bengali,projected:bengali,projected:perso-arabic,projected:gujarati,projected:hebrew,authored,projected:kannada,projected:sharada,projected:malayalam,projected:devanagari,projected:devanagari,projected:oriya,projected:devanagari,projected:perso-arabic,projected:perso-arabic,projected:phoenician,projected:devanagari,projected:gurmukhi,projected:devanagari,projected:perso-arabic,projected:khudawadi,projected:syriac,projected:tamil,projected:telugu,projected:perso-arabic
CPP_SETJMP_H,setjmp.h,cpp,projected:perso-arabic,projected:aramaic,projected:bengali,projected:bengali,projected:perso-arabic,projected:gujarati,projected:hebrew,authored,projected:kannada,projected:sharada,projected:malayalam,projected:devanagari,projected:devanagari,projected:oriya,projected:devanagari,projected:perso-arabic,projected:perso-arabic,projected:phoenician,projected:devanagari,projected:gurmukhi,projected:devanagari,projected:perso-arabic,projected:khudawadi,projected:syriac,projected:tamil,projected:telugu,projected:perso-arabic
CPP_SIGNAL_H,signal.h,cpp,projected:perso-arabic,projected:aramaic,projected:bengali,projected:bengali,projected:perso-arabic,projected:gujarati,projected:hebrew,authored,projected:kannada,projected:sharada,projected:malayalam,projected:devanagari,projected:devanagari,projected:oriya,projected:devanagari,projected:perso-arabic,projected:perso-arabic,projected:phoenician,projected:devanagari,projected:gurmukhi,projected:devanagari,projected:perso-arabic,projected:khudawadi,projected:syriac,projected:tamil,projected:telugu,projected:perso-arabic
CPP_STDARG_H,stdarg.h,cpp,projected:perso-arabic,projected:aramaic,projected:bengali,projected:bengali,projected:perso-arabic,projected:gujarati,projected:hebrew,authored,projected:kannada,projected:sharada,projected:malayalam,projected:devanagari,projected:devanagari,projected:oriya,projected:devanagari,projected:perso-arabic,projected:perso-arabic,projected:phoenician,projected:devanagari,projected:gurmukhi,projected:devanagari,projected:perso-arabic,projected:khudawadi,projected:syriac,projected:tamil,projected:telugu,projected:perso-arabic
CPP_STDDEF_H,stddef.h,cpp,projected:perso-arabic,projected:aramaic,projected:bengali,projected:bengali,projected:perso-arabic,projected:gujarati,projected:hebrew,authored,projected:kannada,projected:sharada,projected:malayalam,projected:devanagari,projected:devanagari,projected:oriya,projected:devanagari,projected:perso-arabic,projected:perso-arabic,projected:phoenician,projected:devanagari,projected:gurmukhi,projected:devanagari,projected:perso-arabic,projected:khudawadi,projected:syriac,projected:tamil,projected:telugu,projected:perso-arabic
CPP_STDIO_H,stdio.h,cpp,projected:perso-arabic,projected:aramaic,projected:bengali,projected:bengali,projected:perso-arabic,projected:gujarati,projected:hebrew,authored,projected:kannada,projected:sharada,projected:malayalam,projected:devanagari,projected:devanagari,projected:oriya,projected:devanagari,projected:perso-arabic,projected:perso-arabic,projected:phoenician,projected:devanagari,projected:gurmukhi,projected:devanagari,projected:perso-arabic,projected:khudawadi,projected:syriac,projected:tamil,projected:telugu,projected:perso-arabic
CPP_STDLIB_H,stdlib.h,cpp,projected:perso-arabic,projected:aramaic,projected:bengali,projected:bengali,projected:perso-arabic,projected:gujarati,projected:hebrew,authored,projected:kannada,projected:sharada,projected:malayalam,projected:devanagari,projected:devanagari,projected:oriya,projected:devanagari,projected:perso-arabic,projected:perso-arabic,projected:phoenician,projected:devanagari,projected:gurmukhi,projected:devanagari,projected:perso-arabic,projected:khudawadi,projected:syriac,projected:tamil,projected:telugu,projected:perso-arabic
CPP_STRING_H,string.h,cpp,projected:perso-arabic,projected:aramaic,projected:bengali,projected:bengali,projected:perso-arabic,projected:gujarati,projected:hebrew,authored,projected:kannada,projected:sharada,projected:malayalam,projected:devanagari,projected:devanagari,projected:oriya,projected:devanagari,projected:perso-arabic,projected:perso-arabic,projected:phoenician,projected:devanagari,projected:gurmukhi,projected:devanagari,projected:perso-arabic,projected:khudawadi,projected:syriac,projected:tamil,projected:telugu,projected:perso-arabic
CPP_STAT_H,stat.h,cpp,projected:perso-arabic,projected:aramaic,projected:bengali,projected:bengali,projected:perso-arabic,projected:gujarati,projected:hebrew,authored,projected:kannada,projected:sharada,projected:malayalam,projected:devanagari,projected:devanagari,projected:oriya,projected:devanagari,projected:perso-arabic,projected:perso-arabic,projected:phoenician,projected:devanagari,projected:gurmukhi,projected:devanagari,projected:perso-arabic,projected:khudawadi,projected:syriac,projected:tamil,projected:telugu,projected:perso-arabic
CPP_TIME_H,time.h,cpp,projected:perso-arabic,projected:aramaic,projected:bengali,projected:bengali,projected:perso-arabic,projected:gujarati,projected:hebrew,authored,projected:kannada,projected:sharada,projected:malayalam,projected:devanagari,projected:devanagari,projected:oriya,projected:devanagari,projected:perso-arabic,projected:perso-arabic,projected:phoenician,projected:devanagari,projected:gurmukhi,projected:devanagari,projected:perso-arabic,projected:khudawadi,projected:syriac,projected:tamil,projected:telugu,projected:perso-arabic
CPP_TIMEB_H,timeb.h,cpp,projected:perso-arabic,projected:aramaic,projected:bengali,projected:bengali,projected:perso-arabic,projected:gujarati,projected:hebrew,authored,projected:kannada,projected:sharada,projected:malayalam,projected:devanagari,projected:devanagari,projected:oriya,projected:devanagari,projected:perso-arabic,projected:perso-arabic,projected:phoenician,projected:devanagari,projected:gurmukhi,projected:devanagari,projected:perso-arabic,projected:khudawadi,projected:syriac,projected:tamil,projected:telugu,projected:perso-arabic
CPP__,{,cpp,projected:perso-arabic,projected:aramaic,projected:bengali,projected:bengali,projected:perso-arabic,projected:gujarati,projected:hebrew,authored,projected:kannada,projected:sharada,projected:malayalam,projected:devanagari,projected:devanagari,projected:oriya,projected:devanagari,projected:perso-arabic,projected:perso-arabic,projected:phoenician,projected:devanagari,projected:gurmukhi,projected:devanagari,projected:perso-arabic,projected:khudawadi,projected:syriac,projected:tamil,projected:telugu,projected:perso-arabic
CPP__,},cpp,projected:perso-arabic,projected:aramaic,projected:bengali,projected:bengali,projected:perso-arabic,projected:gujarati,projected:hebrew,authored,projected:kannada,projected:sharada,projected:malayalam,projected:devanagari,projected:devanagari,projected:oriya,projected:devanagari,projected:perso-arabic,projected:perso-arabic,projected:phoenician,projected:devanagari,projected:gurmukhi,projected:devanagari,projected:perso-arabic,projected:khudawadi,projected:syriac,projected:tamil,projected:telugu,projected:perso-arabic
CPP___,|=,cpp,romanised:romenagri,romanised:romenagri,,,romanised:romenagri,,romanised:romenagri,,,,,,,,,romanised:romenagri,romanised:romenagri,romanised:romenagri,,,,romanised:romenagri,,romanised:romenagri,,,romanised:romenagri
CPP___,||,cpp,romanised:romenagri,romanised:romenagri,,,romanised:romenagri,,romanised:romenagri,,,,,,,,,romanised:romenagri,romanised:romenagri,romanised:romenagri,,,,romanised:romenagri,,romanised:romenagri,,,romanised:romenagri
CPP__,~,cpp,romanised:romenagri,romanised:romenagri,,,romanised:romenagri,,romanised:romenagri,,,,,,,,,romanised:romenagri,romanised:romenagri,romanised:romenagri,,,,romanised:romenagri,,romanised:romenagri,,,romanised:romenagri
CPP__,!,cpp,romanised:romenagri,romanised:romenagri,,,romanised:romenagri,,romanised:romenagri,,,,,,,,,romanised:romenagri,romanised:romenagri,romanised:romenagri,,,,romanised:romenagri,,romanised:romenagri,,,romanised:romenagri
CPP___,!=,cpp,romanised:romenagri,romanised:romenagri,,,romanised:romenagri,,romanised:romenagri,,,,,,,,,romanised:romenagri,romanised:romenagri,romanised:romenagri,,,,romanised:romenagri,,romanised:romenagri,,,romanised:romenagri
CPP__,#,cpp,,,,,,,,,,,,,,,,,,,,,,,,,,,
CPP___,##,cpp,,,,,,,,,,,,,,,,,,,,,,,,,,,
CPP__DEFINE,#define,cpp,projected:perso-arabic,projected:aramaic,projected:bengali,projected:bengali,projected:perso-arabic,projected:gujarati,projected:hebrew,authored,projected:kannada,projected:sharada,projected:malayalam,projected:devanagari,projected:devanagari,projected:oriya,projected:devanagari,projected:perso-arabic,projected:perso-arabic,projected:phoenician,projected:devanagari,projected:gurmukhi,projected:devanagari,projected:perso-arabic,projected:khudawadi,projected:syriac,projected:tamil,projected:telugu,projected:perso-arabic
CPP__ELIF,#elif,cpp,projected:perso-arabic,projected:aramaic,projected:bengali,projected:bengali,projected:perso-arabic,projected:gujarati,projected:hebrew,authored,projected:kannada,projected:sharada,projected:malayalam,projected:devanagari,projected:devanagari,projected:oriya,projected:devanagari,projected:perso-arabic,projected:perso-arabic,projected:phoenician,projected:devanagari,projected:gurmukhi,projected:devanagari,projected:perso-arabic,projected:khudawadi,projected:syriac,projected:tamil,projected:telugu,projected:perso-arabic
CPP__ELSE,#else,cpp,projected:perso-arabic,projected:aramaic,projected:bengali,projected:bengali,projected:perso-arabic,projected:gujarati,projected:hebrew,authored,projected:kannada,projected:sharada,projected:malayalam,projected:devanagari,projected:devanagari,projected:oriya,projected:devanagari,projected:perso-arabic,projected:perso-arabic,projected:phoenician,projected:devanagari,projected:gurmukhi,projected:devanagari,projected:perso-arabic,projected:khudawadi,projected:syriac,projected:tamil,projected:telugu,projected:perso-arabic
CPP__ENDIF,#endif,cpp,projected:perso-arabic,projected:aramaic,projected:bengali,projected:bengali,projected:perso-arabic,projected:gujarati,projected:hebrew,authored,projected:kannada,projected:sharada,projected:malayalam,projected:devanagari,projected:devanagari,projected:oriya,projected:devanagari,projected:perso-arabic,projected:perso-arabic,projected:phoenician,projected:devanagari,projected:gurmukhi,projected:devanagari,projected:perso-arabic,projected:khudawadi,projected:syriac,projected:tamil,projected:telugu,projected:perso-arabic
CPP__ERROR,#error,cpp,projected:perso-arabic,projected:aramaic,projected:bengali,projected:bengali,projected:perso-arabic,projected:gujarati,projected:hebrew,authored,projected:kannada,projected:sharada,projected:malayalam,projected:devanagari,projected:devanagari,projected:oriya,projected:devanagari,projected:perso-arabic,projected:perso-arabic,projected:phoenician,projected:devanagari,projected:gurmukhi,projected:devanagari,projected:perso-arabic,projected:khudawadi,projected:syriac,projected:tamil,projected:telugu,projected:perso-arabic
CPP__IF,#if,cpp,projected:perso-arabic,projected:aramaic,projected:bengali,projected:bengali,projected:perso-arabic,projected:gujarati,projected:hebrew,authored,projected:kannada,projected:sharada,projected:malayalam,projected:devanagari,projected:devanagari,projected:oriya,projected:devanagari,projected:perso-arabic,projected:perso-arabic,projected:phoenician,projected:devanagari,projected:gurmukhi,projected:devanagari,projected:perso-arabic,projected:khudawadi,projected:syriac,projected:tamil,projected:telugu,projected:perso-arabic
CPP__IFDEF,#ifdef,cpp,projected:perso-arabic,projected:aramaic,projected:bengali,projected:bengali,projected:perso-arabic,projected:gujarati,projected:hebrew,authored,projected:kannada,projected:sharada,projected:malayalam,projected:devanagari,projected:devanagari,projected:oriya,projected:devanagari,projected:perso-arabic,projected:perso-arabic,projected:phoenician,projected:devanagari,projected:gurmukhi,projected:devanagari,projected:perso-arabic,projected:khudawadi,projected:syriac,projected:tamil,projected:telugu,projected:perso-arabic
CPP__IFNDEF,#ifndef,cpp,projected:perso-arabic,projected:aramaic,projected:bengali,projected:bengali,projected:perso-arabic,projected:gujarati,projected:hebrew,authored,projected:kannada,projected:sharada,projected:malayalam,projected:devanagari,projected:devanagari,projected:oriya,projected:devanagari,projected:perso-arabic,projected:perso-arabic,projected:phoenician,projected:devanagari,projected:gurmukhi,projected:devanagari,projected:perso-arabic,projected:khudawadi,projected:syriac,projected:tamil,projected:telugu,projected:perso-arabic
CPP__INCLUDE,#include,cpp,projected:perso-arabic,projected:aramaic,projected:bengali,projected:bengali,projected:perso-arabic,projected:gujarati,projected:hebrew,authored,projected:kannada,projected:sharada,projected:malayalam,projected:devanagari,projected:devanagari,projected:oriya,projected:devanagari,projected:perso-arabic,projected:perso-arabic,projected:phoenician,projected:devanagari,projected:gurmukhi,projected:devanagari,projected:perso-arabic,projected:khudawadi,projected:syriac,projected:tamil,projected:telugu,projected:perso-arabic
CPP__LINE,#line,cpp,projected:perso-arabic,projected:aramaic,projected:bengali,projected:bengali,projected:perso-arabic,projected:gujarati,projected:hebrew,authored,projected:kannada,projected:sharada,projected:malayalam,projected:devanagari,projected:devanagari,projected:oriya,projected:devanagari,projected:perso-arabic,projected:perso-arabic,projected:phoenician,projected:devanagari,projected:gurmukhi,projected:devanagari,projected:perso-arabic,projected:khudawadi,projected:syriac,projected:tamil,projected:telugu,projected:perso-arabic
CPP__PRAGMA,#pragma,cpp,projected:perso-arabic,projected:aramaic,projected:bengali,projected:bengali,projected:perso-arabic,projected:gujarati,projected:hebrew,authored,projected:kannada,projected:sharada,projected:malayalam,projected:devanagari,projected:devanagari,projected:oriya,projected:devanagari,projected:perso-arabic,projected:perso-arabic,projected:phoenician,projected:devanagari,projected:gurmukhi,projected:devanagari,projected:perso-arabic,projected:khudawadi,projected:syriac,projected:tamil,projected:telugu,projected:perso-arabic
CPP__UNDEF,#undef,cpp,projected:perso-arabic,projected:aramaic,projected:bengali,projected:bengali,projected:perso-arabic,projected:gujarati,projected:hebrew,authored,projected:kannada,projected:sharada,projected:malayalam,projected:devanagari,projected:devanagari,projected:oriya,projected:devanagari,projected:perso-arabic,projected:perso-arabic,projected:phoenician,projected:devanagari,projected:gurmukhi,projected:devanagari,projected:perso-arabic,projected:khudawadi,projected:syriac,projected:tamil,projected:telugu,projected:perso-arabic
CPP__,%,cpp,romanised:romenagri,romanised:romenagri,,,romanised:romenagri,,romanised:romenagri,,,,,,,,,romanised:romenagri,romanised:romenagri,romanised:romenagri,,,,romanised:romenagri,,romanised:romenagri,,,romanised:romenagri
CPP___,%=,cpp,romanised:romenagri,romanised:romenagri,,,romanised:romenagri,,romanised:romenagri,,,,,,,,,romanised:romenagri,romanised:romenagri,romanised:romenagri,,,,romanised:romenagri,,romanised:romenagri,,,romanised:romenagri
CPP__,&,cpp,romanised:romenagri,romanised:romenagri,,,romanised:romenagri,,romanised:romenagri,,,,,,,,,romanised:romenagri,romanised:romenagri,romanised:romenagri,,,,romanised:romenagri,,romanised:romenagri,,,romanised:romenagri
CPP___,&&,cpp,romanised:romenagri,romanised:romenagri,,,romanised:romenagri,,romanised:romenagri,,,,,,,,,romanised:romenagri,romanised:romenagri,romanised:romenagri,,,,romanised:romenagri,,romanised:romenagri,,,romanised:romenagri
CPP___,&=,cpp,romanised:romenagri,romanised:romenagri,,,romanised:romenagri,,romanised:romenagri,,,,,,,,,romanised:romenagri,romanised:romenagri,romanised:romenagri,,,,romanised:romenagri,,romanised:romenagri,,,romanised:romenagri
CPP__,*,cpp,romanised:romenagri,romanised:romenagri,,,romanised:romenagri,,romanised:romenagri,,,,,,,,,romanised:romenagri,romanised:romenagri,romanised:romenagri,,,,romanised:romenagri,,romanised:romenagri,,,romanised:romenagri
CPP___,*=,cpp,romanised:romenagri,romanised:romenagri,,,romanised:romenagri,,romanised:romenagri,,,,,,,,,romanised:romenagri,romanised:romenagri,romanised:romenagri,,,,romanised:romenagri,,romanised:romenagri,,,romanised:romenagri
CPP__,+,cpp,romanised:romenagri,romanised:romenagri,,,romanised:romenagri,,romanised:romenagri,,,,,,,,,romanised:romenagri,romanised:romenagri,romanised:romenagri,,,,romanised:romenagri,,romanised:romenagri,,,romanised:romenagri
CPP___,++,cpp,romanised:romenagri,romanised:romenagri,,,romanised:romenagri,,romanised:romenagri,,,,,,,,,romanised:romenagri,romanised:romenagri,romanised:romenagri,,,,romanised:romenagri,,romanised:romenagri,,,romanised:romenagri
CPP___,+=,cpp,romanised:romenagri,romanised:romenagri,,,romanised:romenagri,,romanised:romenagri,,,,,,,,,romanised:romenagri,romanised:romenagri,romanised:romenagri,,,,romanised:romenagri,,romanised:romenagri,,,romanised:romenagri
CPP__,-,cpp,romanised:romenagri,romanised:romenagri,,,romanised:romenagri,,romanised:romenagri,,,,,,,,,romanised:romenagri,romanised:romenagri,romanised:romenagri,,,,romanised:romenagri,,romanised:romenagri,,,romanised:romenagri
CPP___,--,cpp,romanised:romenagri,romanised:romenagri,,,romanised:romenagri,,romanised:romenagri,,,,,,,,,romanised:romenagri,romanised:romenagri,romanised:romenagri,,,,romanised:romenagri,,romanised:romenagri,,,romanised:romenagri
CPP___,-=,cpp,romanised:romenagri,romanised:romenagri,,,romanised:romenagri,,romanised:romenagri,,,,,,,,,romanised:romenagri,romanised:romenagri,romanised:romenagri,,,,romanised:romenagri,,romanised:romenagri,,,romanised:romenagri
CPP___,->,cpp,romanised:romenagri,romanised:romenagri,,,romanised:romenagri,,romanised:romenagri,,,,,,,,,romanised:romenagri,romanised:romenagri,romanised:romenagri,,,,romanised:romenagri,,romanised:romenagri,,,romanised:romenagri
CPP____,->*,cpp,romanised:romenagri,romanised:romenagri,,,romanised:romenagri,,romanised:romenagri,,,,,,,,,romanised:romenagri,romanised:romenagri,romanised:romenagri,,,,romanised:romenagri,,romanised:romenagri,,,romanised:romenagri
CPP__,.,cpp,,,,,,,,,,,,,,,,,,,,,,,,,,,
CPP___,.*,cpp,,,,,,,,,,,,,,,,,,,,,,,,,,,
CPP__,/,cpp,romanised:romenagri,romanised:romenagri,,,romanised:romenagri,,romanised:romenagri,,,,,,,,,romanised:romenagri,romanised:romenagri,romanised:romenagri,,,,romanised:romenagri,,romanised:romenagri,,,romanised:romenagri
CPP___,/=,cpp,romanised:romenagri,romanised:romenagri,,,romanised:romenagri,,romanised:romenagri,,,,,,,,,romanised:romenagri,romanised:romenagri,romanised:romenagri,,,,romanised:romenagri,,romanised:romenagri,,,romanised:romenagri
CPP___,::,cpp,romanised:romenagri,romanised:romenagri,,,romanised:romenagri,,romanised:romenagri,,,,,,,,,romanised:romenagri,romanised:romenagri,romanised:romenagri,,,,romanised:romenagri,,romanised:romenagri,,,romanised:romenagri
CPP__,<,cpp,romanised:romenagri,romanised:romenagri,,,romanised:romenagri,,romanised:romenagri,,,,,,,,,romanised:romenagri,romanised:romenagri,romanised:romenagri,,,,romanised:romenagri,,romanised:romenagri,,,romanised:romenagri
CPP___,<<,cpp,romanised:romenagri,romanised:romenagri,,,romanised:romenagri,,romanised:romenagri,,,,,,,,,romanised:romenagri,romanised:romenagri,romanised:romenagri,,,,romanised:romenagri,,romanised:romenagri,,,romanised:romenagri
CPP____,<<=,cpp,romanised:romenagri,romanised:romenagri,,,romanised:romenagri,,romanised:romenagri,,,,,,,,,romanised:romenagri,romanised:romenagri,romanised:romenagri,,,,romanised:romenagri,,romanised:romenagri,,,romanised:romenagri
CPP__,>,cpp,romanised:romenagri,romanised:romenagri,,,romanised:romenagri,,romanised:romenagri,,,,,,,,,romanised:romenagri,romanised:romenagri,romanised:romenagri,,,,romanised:romenagri,,romanised:romenagri,,,romanised:romenagri
CPP___,>>,cpp,romanised:romenagri,romanised:romenagri,,,romanised:romenagri,,romanised:romenagri,,,,,,,,,romanised:romenagri,romanised:romenagri,romanised:romenagri,,,,romanised:romenagri,,romanised:romenagri,,,romanised:romenagri
CPP____,>>=,cpp,romanised:romenagri,romanised:romenagri,,,romanised:romenagri,,romanised:romenagri,,,,,,,,,romanised:romenagri,romanised:romenagri,romanised:romenagri,,,,romanised:romenagri,,romanised:romenagri,,,romanised:romenagri
CPP___,?:,cpp,romanised:romenagri,romanised:romenagri,,,romanised:romenagri,,romanised:romenagri,,,,,,,,,romanised:romenagri,romanised:romenagri,romanised:romenagri,,,,romanised:romenagri,,romanised:romenagri,,,romanised:romenagri
CPP_ARG_MAX,ARG_MAX,cpp,romanised:romenagri,romanised:romenagri,,,romanised:romenagri,,romanised:romenagri,,,,,,,,,romanised:romenagri,romanised:romenagri,romanised:romenagri,,,,romanised:romenagri,,romanised:romenagri,,,romanised:romenagri
CPP_B0,B0,cpp,romanised:romenagri,romanised:romenagri,,,romanised:romenagri,,romanised:romenagri,,,,,,,,,romanised:romenagri,romanised:romenagri,romanised:romenagri,,,,romanised:romenagri,,romanised:romenagri,,,romanised:romenagri
CPP_B110,B110,cpp,romanised:romenagri,romanised:romenagri,,,romanised:romenagri,,romanised:romenagri,,,,,,,,,romanised:romenagri,romanised:romenagri,romanised:romenagri,,,,romanised:romenagri,,romanised:romenagri,,,romanised:romenagri
CPP_B1200,B1200,cpp,romanised:romenagri,romanised:romenagri,,,romanised:romenagri,,romanised:romenagri,,,,,,,,,romanised:romenagri,romanised:romenagri,romanised:romenagri,,,,romanised:romenagri,,romanised:romenagri,,,romanised:romenagri
CPP_B134,B134,cpp,romanised:romenagri,romanised:romenagri,,,romanised:romenagri,,romanised:romenagri,,,,,,,,,romanised:romenagri,romanised:romenagri,romanised:romenagri,,,,romanised:romenagri,,romanised:romenagri,,,romanised:romenagri
CPP_B150,B150,cpp,romanised:romenagri,romanised:romenagri,,,romanised:romenagri,,romanised:romenagri,,,,,,,,,romanised:romenagri,romanised:romenagri,romanised:romenagri,,,,romanised:romenagri,,romanised:romenagri,,,romanised:romenagri
CPP_B1800,B1800,cpp,romanised:romenagri,romanised:romenagri,,,romanised:romenagri,,romanised:romenagri,,,,,,,,,romanised:romenagri,romanised:romenagri,romanised:romenagri,,,,romanised:romenagri,,romanised:romenagri,,,romanised:romenagri
CPP_B19200,B19200,cpp,romanised:romenagri,romanised:romenagri,,,romanised:romenagri,,romanised:romenagri,,,,,,,,,romanised:romenagri,romanised:romenagri,romanised:romenagri,,,,romanised:romenagri,,romanised:romenagri,,,romanised:romenagri
CPP_B200,B200,cpp,romanised:romenagri,romanised:romenagri,,,romanised:romenagri,,romanised:romenagri,,,,,,,,,romanised:romenagri,romanised:romenagri,romanised:romenagri,,,,romanised:romenagri,,romanised:romenagri,,,romanised:romenagri
CPP_B2400,B2400,cpp,romanised:romenagri,romanised:romenagri,,,romanised:romenagri,,romanised:romenagri,,,,,,,,,romanised:romenagri,romanised:romenagri,romanised:romenagri,,,,romanised:romenagri,,romanised:romenagri,,,romanised:romenagri
CPP_B300,B300,cpp,romanised:romenagri,romanised:romenagri,,,romanised:romenagri,,romanised:romenagri,,,,,,,,,romanised:romenagri,romanised:romenagri,romanised:romenagri,,,,romanised:romenagri,,romanised:romenagri,,,romanised:romenagri
CPP_B38400,B38400,cpp,romanised:romenagri,romanised:romenagri,,,romanised:romenagri,,romanised:romenagri,,,,,,,,,romanised:romenagri,romanised:romenagri,romanised:romenagri,,,,romanised:romenagri,,romanised:romenagri,,,romanised:romenagri
CPP_B4800,B4800,cpp,romanised:romenagri,romanised:romenagri,,,romanised:romenagri,,romanised:romenagri,,,,,,,,,romanised:romenagri,romanised:romenagri,romanised:romenagri,,,,romanised:romenagri,,romanised:romenagri,,,romanised:romenagri
CPP_B50,B50,cpp,romanised:romenagri,romanised:romenagri,,,romanised:romenagri,,romanised:romenagri,,,,,,,,,romanised:romenagri,romanised:romenagri,romanised:romenagri,,,,romanised:romenagri,,romanised:romenagri,,,romanised:romenagri
CPP_B600,B600,cpp,romanised:romenagri,romanised:romenagri,,,romanised:romenagri,,romanised:romenagri,,,,,,,,,romanised:romenagri,romanised:romenagri,romanised:romenagri,,,,romanised:romenagri,,romanised:romenagri,,,romanised:romenagri
CPP_B75,B75,cpp,romanised:romenagri,romanised:romenagri,,,romanised:romenagri,,romanised:romenagri,,,,,,,,,romanised:romenagri,romanised:romenagri,romanised:romenagri,,,,romanised:romenagri,,romanised:romenagri,,,romanised:romenagri
CPP_B9600,B9600,cpp,romanised:romenagri,romanised:romenagri,,,romanised:romenagri,,romanised:romenagri,,,,,,,,,romanised:romenagri,romanised:romenagri,romanised:romenagri,,,,romanised:romenagri,,romanised:romenagri,,,romanised:romenagri
CPP_BRKINT,BRKINT,cpp,romanised:romenagri,romanised:romenagri,,,romanised:romenagri,,romanised:romenagri,,,,,,,,,romanised:romenagri,romanised:romenagri,romanised:romenagri,,,,romanised:romenagri,,romanised:romenagri,,,romanised:romenagri
CPP_BUFSIZ,BUFSIZ,cpp,projected:perso-arabic,projected:aramaic,projected:bengali,projected:bengali,projected:perso-arabic,projected:gujarati,projected:hebrew,authored,projected:kannada,projected:sharada,projected:malayalam,projected:devanagari,projected:devanagari,projected:oriya,projected:devanagari,projected:perso-arabic,projected:perso-arabic,projected:phoenician,projected:devanagari,projected:gurmukhi,projected:devanagari,projected:perso-arabic,projected:khudawadi,projected:syriac,projected:tamil,projected:telugu,projected:perso-arabic
CPP_CHAR_BIT,CHAR_BIT,cpp,projected:perso-arabic,projected:aramaic,projected:bengali,projected:bengali,projected:perso-arabic,projected:gujarati,projected:hebrew,authored,projected:kannada,projected:sharada,projected:malayalam,projected:devanagari,projected:devanagari,projected:oriya,projected:devanagari,projected:perso-arabic,projected:perso-arabic,projected:phoenician,projected:devanagari,projected:gurmukhi,projected:devanagari,projected:perso-arabic,projected:khudawadi,projected:syriac,projected:tamil,projected:telugu,projected:perso-arabic
CPP_CHAR_MAX,CHAR_MAX,cpp,projected:perso-arabic,projected:aramaic,projected:bengali,projected:bengali,projected:perso-arabic,projected:gujarati,projected:hebrew,authored,projected:kannada,projected:sharada,projected:malayalam,projected:devanagari,projected:devanagari,projected:oriya,projected:devanagari,projected:perso-arabic,projected:perso-arabic,projected:phoenician,projected:devanagari,projected:gurmukhi,projected:devanagari,projected:perso-arabic,projected:khudawadi,projected:syriac,projected:tamil,projected:telugu,projected:perso-arabic
CPP_CHAR_MIN,CHAR_MIN,cpp,projected:perso-arabic,projected:aramaic,projected:bengali,projected:bengali,projected:perso-arabic,projected:gujarati,projected:hebrew,authored,projected:kannada,projected:sharada,projected:malayalam,projected:devanagari,projected:devanagari,projected:oriya,projected:devanagari,projected:perso-arabic,projected:perso-arabic,projected:phoenician,projected:devanagari,projected:gurmukhi,projected:devanagari,projected:perso-arabic,projected:khudawadi,projected:syriac,projected:tamil,projected:telugu,projected:perso-arabic
CPP_CHILD_MAX,CHILD_MAX,cpp,projected:perso-arabic,projected:aramaic,projected:bengali,projected:bengali,projected:perso-arabic,projected:gujarati,projected:hebrew,authored,projected:kannada,projected:sharada,projected:malayalam,projected:devanagari,projected:devanagari,projected:oriya,projected:devanagari,projected:perso-arabic,projected:perso-arabic,projected:phoenician,projected:devanagari,projected:gurmukhi,projected:devanagari,projected:perso-arabic,projected:khudawadi,projected:syriac,projected:tamil,projected:telugu,projected:perso-arabic
CPP_CLK_TCK,CLK_TCK,cpp,projected:perso-arabic,projected:aramaic,projected:bengali,projected:bengali,projected:perso-arabic,projected:gujarati,projected:hebrew,authored,projected:kannada,projected:sharada,projected:malayalam,projected:devanagari,projected:devanagari,projected:oriya,projected:devanagari,projected:perso-arabic,projected:perso-arabic,projected:phoenician,projected:devanagari,projected:gurmukhi,projected:devanagari,projected:perso-arabic,projected:khudawadi,projected:syriac,projected:tamil,projected:telugu,projected:perso-arabic
CPP_CLOCAL,CLOCAL,cpp,romanised:romenagri,romanised:romenagri,,,romanised:romenagri,,romanised:romenagri,,,,,,,,,romanised:romenagri,romanised:romenagri,romanised:romenagri,,,,romanised:romenagri,,romanised:romenagri,,,romanised:romenagri
CPP_CLOCKS_PER_SEC,CLOCKS_PER_SEC,cpp,romanised:romenagri,romanised:romenagri,,,romanised:romenagri,,romanised:romenagri,,,,,,,,,romanised:romenagri,romanised:romenagri,romanised:romenagri,,,,romanised:romenagri,,romanised:romenagri,,,romanised:romenagri
CPP_CREAD,CREAD,cpp,romanised:romenagri,romanised:romenagri,,,romanised:romenagri,,romanised:romenagri,,,,,,,,,romanised:romenagri,romanised:romenagri,romanised:romenagri,,,,romanised:romenagri,,romanised:romenagri,,,romanised:romenagri
CPP_CS5,CS5,cpp,romanised:romenagri,romanised:romenagri,,,romanised:romenagri,,romanised:romenagri,,,,,,,,,romanised:romenagri,romanised:romenagri,romanised:romenagri,,,,romanised:romenagri,,romanised:romenagri,,,romanised:romenagri
CPP_CS6,CS6,cpp,romanised:romenagri,romanised:romenagri,,,romanised:romenagri,,romanised:romenagri,,,,,,,,,romanised:romenagri,romanised:romenagri,romanised:romenagri,,,,romanised:romenagri,,romanised:romenagri,,,romanised:romenagri
CPP_CS7,CS7,cpp,romanised:romenagri,romanised:romenagri,,,romanised:romenagri,,romanised:romenagri,,,,,,,,,romanised:romenagri,romanised:romenagri,romanised:romenagri,,,,romanised:romenagri,,romanised:romenagri,,,romanised:romenagri
CPP_CS8,CS8,cpp,romanised:romenagri,romanised:romenagri,,,romanised:romenagri,,romanised:romenagri,,,,,,,,,romanised:romenagri,romanised:romenagri,romanised:romenagri,,,,romanised:romenagri,,romanised:romenagri,,,romanised:romenagri
CPP_CSIZE,CSIZE,cpp,romanised:romenagri,romanised:romenagri,,,romanised:romenagri,,romanised:romenagri,,,,,,,,,romanised:romenagri,romanised:romenagri,romanised:romenagri,,,,romanised:romenagri,,romanised:romenagri,,,romanised:romenagri
CPP_CSTOPB,CSTOPB,cpp,romanised:romenagri,romanised:romenagri,,,romanised:romenagri,,romanised:romenagri,,,,,,,,,romanised:romenagri,romanised:romenagri,romanised:romenagri,,,,romanised:romenagri,,romanised:romenagri,,,romanised:romenagri
CPP_DBL_DIG,DBL_DIG,cpp,projected:perso-arabic,projected:aramaic,projected:bengali,projected:bengali,projected:perso-arabic,projected:gujarati,projected:hebrew,authored,projected:kannada,projected:sharada,projected:malayalam,projected:devanagari,projected:devanagari,projected:oriya,projected:devanagari,projected:perso-arabic,projected:perso-arabic,projected:phoenician,projected:devanagari,projected:gurmukhi,projected:devanagari,projected:perso-arabic,projected:khudawadi,projected:syriac,projected:tamil,projected:telugu,projected:perso-arabic
CPP_DBL_EPSILON,DBL_EPSILON,cpp,projected:perso-arabic,projected:aramaic,projected:bengali,projected:bengali,projected:perso-arabic,projected:gujarati,projected:hebrew,authored,projected:kannada,projected:sharada,projected:malayalam,projected:devanagari,projected:devanagari,projected:oriya,projected:devanagari,projected:perso-arabic,projected:perso-arabic,projected:phoenician,projected:devanagari,projected:gurmukhi,projected:devanagari,projected:perso-arabic,projected:khudawadi,projected:syriac,projected:tamil,projected:telugu,projected:perso-arabic
CPP_DBL_MANT_DIG,DBL_MANT_DIG,cpp,projected:perso-arabic,projected:aramaic,projected:bengali,projected:bengali,projected:perso-arabic,projected:gujarati,projected:hebrew,authored,projected:kannada,projected:sharada,projected:malayalam,projected:devanagari,projected:devanagari,projected:oriya,projected:devanagari,projected:perso-arabic,projected:perso-arabic,projected:phoenician,projected:devanagari,projected:gurmukhi,projected:devanagari,projected:perso-arabic,projected:khudawadi,projected:syriac,projected:tamil,projected:telugu,projected:perso-arabic
CPP_DBL_MAX,DBL_MAX,cpp,projected:perso-arabic,projected:aramaic,projected:bengali,projected:bengali,projected:perso-arabic,projected:gujarati,projected:hebrew,authored,projected:kannada,projected:sharada,projected:malayalam,projected:devanagari,projected:devanagari,projected:oriya,projected:devanagari,projected:perso-arabic,projected:perso-arabic,projected:phoenician,projected:devanagari,projected:gurmukhi,projected:devanagari,projected:perso-arabic,projected:khudawadi,projected:syriac,projected:tamil,projected:telugu,projected:perso-arabic
CPP_DBL_MAX_10_EXP,DBL_MAX_10_EXP,cpp,romanised:romenagri,romanised:romenagri,,,romanised:romenagri,,romanised:romenagri,,,,,,,,,romanised:romenagri,romanised:romenagri,romanised:romenagri,,,,romanised:romenagri,,romanised:romenagri,,,romanised:romenagri
CPP_DBL_MAX_EXP,DBL_MAX_EXP,cpp,romanised:romenagri,romanised:romenagri,,,romanised:romenagri,,romanised:romenagri,,,,,,,,,romanised:romenagri,romanised:romenagri,romanised:romenagri,,,,romanised:romenagri,,romanised:romenagri,,,romanised:romenagri
CPP_DBL_MIN,DBL_MIN,cpp,projected:perso-arabic,projected:aramaic,projected:bengali,projected:bengali,projected:perso-arabic,projected:gujarati,projected:hebrew,authored,projected:kannada,projected:sharada,projected:malayalam,projected:devanagari,projected:devanagari,projected:oriya,projected:devanagari,projected:perso-arabic,projected:perso-arabic,projected:phoenician,projected:devanagari,projected:gurmukhi,projected:devanagari,projected:perso-arabic,projected:khudawadi,projected:syriac,projected:tamil,projected:telugu,projected:perso-arabic
CPP_DBL_MIN_10_EXP,DBL_MIN_10_EXP,cpp,romanised:romenagri,romanised:romenagri,,,romanised:romenagri,,romanised:romenagri,,,,,,,,,romanised:romenagri,romanised:romenagri,romanised:romenagri,,,,romanised:romenagri,,romanised:romenagri,,,romanised:romenagri
CPP_DBL_MIN_EXP,DBL_MIN_EXP,cpp,romanised:romenagri,romanised:romenagri,,,romanised:romenagri,,romanised:romenagri,,,,,,,,,romanised:romenagri,romanised:romenagri,romanised:romenagri,,,,romanised:romenagri,,romanised:romenagri,,,romanised:romenagri
CPP_DIR,DIR,cpp,projected:perso-arabic,projected:aramaic,projected:bengali,projected:bengali,projected:perso-arabic,projected:gujarati,projected:hebrew,authored,projected:kannada,projected:sharada,projected:malayalam,projected:devanagari,projected:devanagari,projected:oriya,projected:devanagari,projected:perso-arabic,projected:perso-arabic,projected:phoenician,projected:devanagari,projected:gurmukhi,projected:devanagari,projected:perso-arabic,projected:khudawadi,projected:syriac,projected:tamil,projected:telugu,projected:perso-arabic
CPP_E2BIG,E2BIG,cpp,romanised:romenagri,romanised:romenagri,,,romanised:romenagri,,romanised:romenagri,,,,,,,,,romanised:romenagri,romanised:romenagri,romanised:romenagri,,,,romanised:romenagri,,romanised:romenagri,,,romanised:romenagri
CPP_EACCESS,EACCESS,cpp,romanised:romenagri,romanised:romenagri,,,romanised:romenagri,,romanised:romenagri,,,,,,,,,romanised:romenagri,romanised:romenagri,romanised:romenagri,,,,romanised:romenagri,,romanised:romenagri,,,romanised:romenagri
CPP_EAGAIN,EAGAIN,cpp,romanised:romenagri,romanised:romenagri,,,romanised:romenagri,,romanised:romenagri,,,,,,,,,romanised:romenagri,romanised:romenagri,romanised:romenagri,,,,romanised:romenagri,,romanised:romenagri,,,romanised:romenagri
CPP_EBADF,EBADF,cpp,romanised:romenagri,romanised:romenagri,,,romanised:romenagri,,romanised:romenagri,,,,,,,,,romanised:romenagri,romanised:romenagri,romanised:romenagri,,,,romanised:romenagri,,romanised:romenagri,,,romanised:romenagri
CPP_EBUSY,EBUSY,cpp,romanised:romenagri,romanised:romenagri,,,romanised:romenagri,,romanised:romenagri,,,,,,,,,romanised:romenagri,romanised:romenagri,romanised:romenagri,,,,romanised:romenagri,,romanised:romenagri,,,romanised:romenagri
CPP_ECHILD,ECHILD,cpp,romanised:romenagri,romanised:romenagri,,,romanised:romenagri,,romanised:romenagri,,,,,,,,,romanised:romenagri,romanised:romenagri,romanised:romenagri,,,,romanised:romenagri,,romanised:romenagri,,,romanised:romenagri
CPP_ECHO,ECHO,cpp,romanised:romenagri,romanised:romenagri,,,romanised:romenagri,,romanised:romenagri,,,,,,,,,romanised:romenagri,romanised:romenagri,romanised:romenagri,,,,romanised:romenagri,,romanised:romenagri,,,romanised:romenagri
CPP_ECHOE,ECHOE,cpp,romanised:romenagri,romanised:romenagri,,,romanised:romenagri,,romanised:romenagri,,,,,,,,,romanised:romenagri,romanised:romenagri,romanised:romenagri,,,,romanised:romenagri,,romanised:romenagri,,,romanised:romenagri
CPP_ECHOK,ECHOK,cpp,romanised:romenagri,romanised:romenagri,,,romanised:romenagri,,romanised:romenagri,,,,,,,,,romanised:romenagri,romanised:romenagri,romanised:romenagri,,,,romanised:romenagri,,romanised:romenagri,,,romanised:romenagri
CPP_ECHONL,ECHONL,cpp,romanised:romenagri,romanised:romenagri,,,romanised:romenagri,,romanised:romenagri,,,,,,,,,romanised:romenagri,romanised:romenagri,romanised:romenagri,,,,romanised:romenagri,,romanised:romenagri,,,romanised:romenagri
CPP_EDEADLK,EDEADLK,cpp,romanised:romenagri,romanised:romenagri,,,romanised:romenagri,,romanised:romenagri,,,,,,,,,romanised:romenagri,romanised:romenagri,romanised:romenagri,,,,romanised:romenagri,,romanised:romenagri,,,romanised:romenagri
CPP_EDOM,EDOM,cpp,projected:perso-arabic,projected:aramaic,projected:bengali,projected:bengali,projected:perso-arabic,projected:gujarati,projected:hebrew,authored,projected:kannada,projected:sharada,projected:malayalam,projected:devanagari,projected:devanagari,projected:oriya,projected:devanagari,projected:perso-arabic,projected:perso-arabic,projected:phoenician,projected:devanagari,projected:gurmukhi,projected:devanagari,projected:perso-arabic,projected:khudawadi,projected:syriac,projected:tamil,projected:telugu,projected:perso-arabic
CPP_EEXIST,EEXIST,cpp,romanised:romenagri,romanised:romenagri,,,romanised:romenagri,,romanised:romenagri,,,,,,,,,romanised:romenagri,romanised:romenagri,romanised:romenagri,,,,romanised:romenagri,,romanised:romenagri,,,romanised:romenagri
CPP_EFAULT,EFAULT,cpp,romanised:romenagri,romanised:romenagri,,,romanised:romenagri,,romanised:romenagri,,,,,,,,,romanised:romenagri,romanised:romenagri,romanised:romenagri,,,,romanised:romenagri,,romanised:romenagri,,,romanised:romenagri
CPP_EFBIG,EFBIG,cpp,romanised:romenagri,romanised:romenagri,,,romanised:romenagri,,romanised:romenagri,,,,,,,,,romanised:romenagri,romanised:romenagri,romanised:romenagri,,,,romanised:romenagri,,romanised:romenagri,,,romanised:romenagri
CPP_EINTR,EINTR,cpp,romanised:romenagri,romanised:romenagri,,,romanised:romenagri,,romanised:romenagri,,,,,,,,,romanised:romenagri,romanised:romenagri,romanised:romenagri,,,,romanised:romenagri,,romanised:romenagri,,,romanised:romenagri
CPP_EINVAL,EINVAL,cpp,romanised:romenagri,romanised:romenagri,,,romanised:romenagri,,romanised:romenagri,,,,,,,,,romanised:romenagri,romanised:romenagri,romanised:romenagri,,,,romanised:romenagri,,romanised:romenagri,,,romanised:romenagri
CPP_EIO,EIO,cpp,romanised:romenagri,romanised:romenagri,,,romanised:romenagri,,romanised:romenagri,,,,,,,,,romanised:romenagri,romanised:romenagri,romanised:romenagri,,,,romanised:romenagri,,romanised:romenagri,,,romanised:romenagri
CPP_EISDIR,EISDIR,cpp,romanised:romenagri,romanised:romenagri,,,romanised:romenagri,,romanised:romenagri,,,,,,,,,romanised:romenagri,romanised:romenagri,romanised:romenagri,,,,romanised:romenagri,,romanised:romenagri,,,romanised:romenagri
CPP_EMFILE,EMFILE,cpp,romanised:romenagri,romanised:romenagri,,,romanised:romenagri,,romanised:romenagri,,,,,,,,,romanised:romenagri,romanised:romenagri,romanised:romenagri,,,,romanised:romenagri,,romanised:romenagri,,,romanised:romenagri
CPP_EMLINK,EMLINK,cpp,romanised:romenagri,romanised:romenagri,,,romanised:romenagri,,romanised:romenagri,,,,,,,,,romanised:romenagri,romanised:romenagri,romanised:romenagri,,,,romanised:romenagri,,romanised:romenagri,,,romanised:romenagri
CPP_ENAMETOOLONG,ENAMETOOLONG,cpp,romanised:romenagri,romanised:romenagri,,,romanised:romenagri,,romanised:romenagri,,,,,,,,,romanised:romenagri,romanised:romenagri,romanised:romenagri,,,,romanised:romenagri,,romanised:romenagri,,,romanised:romenagri
CPP_ENFILE,ENFILE,cpp,romanised:romenagri,romanised:romenagri,,,romanised:romenagri,,romanised:romenagri,,,,,,,,,romanised:romenagri,romanised:romenagri,romanised:romenagri,,,,romanised:romenagri,,romanised:romenagri,,,romanised:romenagri
CPP_ENODEV,ENODEV,cpp,romanised:romenagri,romanised:romenagri,,,romanised:romenagri,,romanised:romenagri,,,,,,,,,romanised:romenagri,romanised:romenagri,romanised:romenagri,,,,romanised:romenagri,,romanised:romenagri,,,romanised:romenagri
CPP_ENOENT,ENOENT,cpp,romanised:romenagri,romanised:romenagri,,,romanised:romenagri,,romanised:romenagri,,,,,,,,,romanised:romenagri,romanised:romenagri,romanised:romenagri,,,,romanised:romenagri,,romanised:romenagri,,,romanised:romenagri
CPP_ENOEXEC,ENOEXEC,cpp,romanised:romenagri,romanised:romenagri,,,romanised:romenagri,,romanised:romenagri,,,,,,,,,romanised:romenagri,romanised:romenagri,romanised:romenagri,,,,romanised:romenagri,,romanised:romenagri,,,romanised:romenagri
CPP_ENOLCK,ENOLCK,cpp,romanised:romenagri,romanised:romenagri,,,romanised:romenagri,,romanised:romenagri,,,,,,,,,romanised:romenagri,romanised:romenagri,romanised:romenagri,,,,romanised:romenagri,,romanised:romenagri,,,romanised:romenagri
CPP_ENOMEM,ENOMEM,cpp,romanised:romenagri,romanised:romenagri,,,romanised:romenagri,,romanised:romenagri,,,,,,,,,romanised:romenagri,romanised:romenagri,romanised:romenagri,,,,romanised:romenagri,,romanised:romenagri,,,romanised:romenagri
CPP_ENOSPC,ENOSPC,cpp,romanised:romenagri,romanised:romenagri,,,romanised:romenagri,,romanised:romenagri,,,,,,,,,romanised:romenagri,romanised:romenagri,romanised:romenagri,,,,romanised:romenagri,,romanised:romenagri,,,romanised:romenagri
CPP_ENOTDIR,ENOTDIR,cpp,romanised:romenagri,romanised:romenagri,,,romanised:romenagri,,romanised:romenagri,,,,,,,,,romanised:romenagri,romanised:romenagri,romanised:romenagri,,,,romanised:romenagri,,romanised:romenagri,,,romanised:romenagri
CPP_ENOTEMPTY,ENOTEMPTY,cpp,romanised:romenagri,romanised:romenagri,,,romanised:romenagri,,romanised:romenagri,,,,,,,,,romanised:romenagri,romanised:romenagri,romanised:romenagri,,,,romanised:romenagri,,romanised:romenagri,,,romanised:romenagri
CPP_ENOTTY,ENOTTY,cpp,romanised:romenagri,romanised:romenagri,,,romanised:romenagri,,romanised:romenagri,,,,,,,,,romanised:romenagri,romanised:romenagri,romanised:romenagri,,,,romanised:romenagri,,romanised:romenagri,,,romanised:romenagri
CPP_ENXIO,ENXIO,cpp,romanised:romenagri,romanised:romenagri,,,romanised:romenagri,,romanised:romenagri,,,,,,,,,romanised:romenagri,romanised:romenagri,romanised:romenagri,,,,romanised:romenagri,,romanised:romenagri,,,romanised:romenagri
CPP_EOF,EOF,cpp,projected:perso-arabic,projected:aramaic,projected:bengali,projected:bengali,projected:perso-arabic,projected:gujarati,projected:hebrew,authored,projected:kannada,projected:sharada,projected:malayalam,projected:devanagari,projected:devanagari,projected:oriya,projected:devanagari,projected:perso-arabic,projected:perso-arabic,projected:phoenician,projected:devanagari,projected:gurmukhi,projected:devanagari,projected:perso-arabic,projected:khudawadi,projected:syriac,projected:tamil,projected:telugu,projected:perso-arabic
CPP_EPERM,EPERM,cpp,romanised:romenagri,romanised:romenagri,,,romanised:romenagri,,romanised:romenagri,,,,,,,,,romanised:romenagri,romanised:romenagri,romanised:romenagri,,,,romanised:romenagri,,romanised:romenagri,,,romanised:romenagri
CPP_EPIPE,EPIPE,cpp,romanised:romenagri,romanised:romenagri,,,romanised:romenagri,,romanised:romenagri,,,,,,,,,romanised:romenagri,romanised:romenagri,romanised:romenagri,,,,romanised:romenagri,,romanised:romenagri,,,romanised:romenagri
CPP_ERANGE,ERANGE,cpp,projected:perso-arabic,projected:aramaic,projected:bengali,projected:bengali,projected:perso-arabic,projected:gujarati,projected:hebrew,authored,projected:kannada,projected:sharada,projected:malayalam,projected:devanagari,projected:devanagari,projected:oriya,projected:devanagari,projected:perso-arabic,projected:perso-arabic,projected:phoenician,projected:devanagari,projected:gurmukhi,projected:devanagari,projected:perso-arabic,projected:khudawadi,projected:syriac,projected:tamil,projected:telugu,projected:perso-arabic
CPP_EROFS,EROFS,cpp,romanised:romenagri,romanised:romenagri,,,romanised:romenagri,,romanised:romenagri,,,,,,,,,romanised:romenagri,romanised:romenagri,romanised:romenagri,,,,romanised:romenagri,,romanised:romenagri,,,romanised:romenagri
CPP_ESPIPE,ESPIPE,cpp,romanised:romenagri,romanised:romenagri,,,romanised:romenagri,,romanised:romenagri,,,,,,,,,romanised:romenagri,romanised:romenagri,romanised:romenagri,,,,romanised:romenagri,,romanised:romenagri,,,romanised:romenagri
CPP_ESRCH,ESRCH,cpp,romanised:romenagri,romanised:romenagri,,,romanised:romenagri,,romanised:romenagri,,,,,,,,,romanised:romenagri,romanised:romenagri,romanised:romenagri,,,,romanised:romenagri,,romanised:romenagri,,,romanised:romenagri
CPP_EXDEV,EXDEV,cpp,romanised:romenagri,romanised:romenagri,,,romanised:romenagri,,romanised:romenagri,,,,,,,,,romanised:romenagri,romanised:romenagri,romanised:romenagri,,,,romanised:romenagri,,romanised:romenagri,,,romanised:romenagri
CPP_EXIT_FAILURE,EXIT_FAILURE,cpp,projected:perso-arabic,projected:aramaic,projected:bengali,projected:bengali,projected:perso-arabic,projected:gujarati,projected:hebrew,authored,projected:kannada,projected:sharada,projected:malayalam,projected:devanagari,projected:devanagari,projected:oriya,projected:devanagari,projected:perso-arabic,projected:perso-arabic,projected:phoenician,projected:devanagari,projected:gurmukhi,projected:devanagari,projected:perso-arabic,projected:khudawadi,projected:syriac,projected:tamil,projected:telugu,projected:perso-arabic
CPP_EXIT_SUCCESS,EXIT_SUCCESS,cpp,projected:perso-arabic,projected:aramaic,projected:bengali,projected:bengali,projected:perso-arabic,projected:gujarati,projected:hebrew,authored,projected:kannada,projected:sharada,projected:malayalam,projected:devanagari,projected:devanagari,projected:oriya,projected:devanagari,projected:perso-arabic,projected:perso-arabic,projected:phoenician,projected:devanagari,projected:gurmukhi,projected:devanagari,projected:perso-arabic,projected:khudawadi,projected:syriac,projected:tamil,projected:telugu,projected:perso-arabic
CPP_FD_CLOEXEC,FD_CLOEXEC,cpp,romanised:romenagri,romanised:romenagri,,,romanised:romenagri,,romanised:romenagri,,,,,,,,,romanised:romenagri,romanised:romenagri,romanised:romenagri,,,,romanised:romenagri,,romanised:romenagri,,,romanised:romenagri
CPP_FE_ALL_EXCEPT,FE_ALL_EXCEPT,cpp,romanised:romenagri,romanised:romenagri,,,romanised:romenagri,,romanised:romenagri,,,,,,,,,romanised:romenagri,romanised:romenagri,romanised:romenagri,,,,romanised:romenagri,,romanised:romenagri,,,romanised:romenagri
CPP_FE_DBLPREC,FE_DBLPREC,cpp,romanised:romenagri,romanised:romenagri,,,romanised:romenagri,,romanised:romenagri,,,,,,,,,romanised:romenagri,romanised:romenagri,romanised:romenagri,,,,romanised:romenagri,,romanised:romenagri,,,romanised:romenagri
CPP_FE_DIVBYZERO,FE_DIVBYZERO,cpp,romanised:romenagri,romanised:romenagri,,,romanised:romenagri,,romanised:romenagri,,,,,,,,,romanised:romenagri,romanised:romenagri,romanised:romenagri,,,,romanised:romenagri,,romanised:romenagri,,,romanised:romenagri
CPP_FE_DOWNWARD,FE_DOWNWARD,cpp,romanised:romenagri,romanised:romenagri,,,romanised:romenagri,,romanised:romenagri,,,,,,,,,romanised:romenagri,romanised:romenagri,romanised:romenagri,,,,romanised:romenagri,,romanised:romenagri,,,romanised:romenagri
CPP_FE_FLTPREC,FE_FLTPREC,cpp,romanised:romenagri,romanised:romenagri,,,romanised:romenagri,,romanised:romenagri,,,,,,,,,romanised:romenagri,romanised:romenagri,romanised:romenagri,,,,romanised:romenagri,,romanised:romenagri,,,romanised:romenagri
CPP_FE_INEXACT,FE_INEXACT,cpp,romanised:romenagri,romanised:romenagri,,,romanised:romenagri,,romanised:romenagri,,,,,,,,,romanised:romenagri,romanised:romenagri,romanised:romenagri,,,,romanised:romenagri,,romanised:romenagri,,,romanised:romenagri
CPP_FE_INVALID,FE_INVALID,cpp,romanised:romenagri,romanised:romenagri,,,romanised:romenagri,,romanised:romenagri,,,,,,,,,romanised:romenagri,romanised:romenagri,romanised:romenagri,,,,romanised:romenagri,,romanised:romenagri,,,romanised:romenagri
CPP_FE_LDBLPREC,FE_LDBLPREC,cpp,romanised:romenagri,romanised:romenagri,,,romanised:romenagri,,romanised:romenagri,,,,,,,,,romanised:romenagri,romanised:romenagri,romanised:romenagri,,,,romanised:romenagri,,romanised:romenagri,,,romanised:romenagri
CPP_FE_OVERFLOW,FE_OVERFLOW,cpp,romanised:romenagri,romanised:romenagri,,,romanised:romenagri,,romanised:romenagri,,,,,,,,,romanised:romenagri,romanised:romenagri,romanised:romenagri,,,,romanised:romenagri,,romanised:romenagri,,,romanised:romenagri
CPP_FE_TONEAREST,FE_TONEAREST,cpp,romanised:romenagri,romanised:romenagri,,,romanised:romenagri,,romanised:romenagri,,,,,,,,,romanised:romenagri,romanised:romenagri,romanised:romenagri,,,,romanised:romenagri,,romanised:romenagri,,,romanised:romenagri
CPP_FE_TOWARDZERO,FE_TOWARDZERO,cpp,romanised:romenagri,romanised:romenagri,,,romanised:romenagri,,romanised:romenagri,,,,,,,,,romanised:romenagri,romanised:romenagri,romanised:romenagri,,,,romanised:romenagri,,romanised:romenagri,,,romanised:romenagri
CPP_FE_UNDERFLOW,FE_UNDERFLOW,cpp,romanised:romenagri,romanised:romenagri,,,romanised:romenagri,,romanised:romenagri,,,,,,,,,romanised:romenagri,romanised:romenagri,romanised:romenagri,,,,romanised:romenagri,,romanised:romenagri,,,romanised:romenagri
CPP_FE_UPWARD,FE_UPWARD,cpp,romanised:romenagri,romanised:romenagri,,,romanised:romenagri,,romanised:romenagri,,,,,,,,,romanised:romenagri,romanised:romenagri,romanised:romenagri,,,,romanised:romenagri,,romanised:romenagri,,,romanised:romenagri
CPP_FILE,FILE,cpp,projected:perso-arabic,projected:aramaic,projected:bengali,projected:bengali,projected:perso-arabic,projected:gujarati,projected:hebrew,authored,projected:kannada,projected:sharada,projected:malayalam,projected:devanagari,projected:devanagari,projected:oriya,projected:devanagari,projected:perso-arabic,projected:perso-arabic,projected:phoenician,projected:devanagari,projected:gurmukhi,projected:devanagari,projected:perso-arabic,projected:khudawadi,projected:syriac,projected:tamil,projected:telugu,projected:perso-arabic
CPP_FILENAME_MAX,FILENAME_MAX,cpp,projected:perso-arabic,projected:aramaic,projected:bengali,projected:bengali,projected:perso-arabic,projected:gujarati,projected:hebrew,authored,projected:kannada,projected:sharada,projected:malayalam,projected:devanagari,projected:devanagari,projected:oriya,projected:devanagari,projected:perso-arabic,projected:perso-arabic,projected:phoenician,projected:devanagari,projected:gurmukhi,projected:devanagari,projected:perso-arabic,projected:khudawadi,projected:syriac,projected:tamil,projected:telugu,projected:perso-arabic
CPP_FLT_DIG,FLT_DIG,cpp,projected:perso-arabic,projected:aramaic,projected:bengali,projected:bengali,projected:perso-arabic,projected:gujarati,projected:hebrew,authored,projected:kannada,projected:sharada,projected:malayalam,projected:devanagari,projected:devanagari,projected:oriya,projected:devanagari,projected:perso-arabic,projected:perso-arabic,projected:phoenician,projected:devanagari,projected:gurmukhi,projected:devanagari,projected:perso-arabic,projected:khudawadi,projected:syriac,projected:tamil,projected:telugu,projected:perso-arabic
CPP_FLT_EPSILON,FLT_EPSILON,cpp,projected:perso-arabic,projected:aramaic,projected:bengali,projected:bengali,projected:perso-arabic,projected:gujarati,projected:hebrew,authored,projected:kannada,projected:sharada,projected:malayalam,projected:devanagari,projected:devanagari,projected:oriya,projected:devanagari,projected:perso-arabic,projected:perso-arabic,projected:phoenician,projected:devanagari,projected:gurmukhi,projected:devanagari,projected:perso-arabic,projected:khudawadi,projected:syriac,projected:tamil,projected:telugu,projected:perso-arabic
CPP_FLT_MANT_DIG,FLT_MANT_DIG,cpp,projected:perso-arabic,projected:aramaic,projected:bengali,projected:bengali,projected:perso-arabic,projected:gujarati,projected:hebrew,authored,projected:kannada,projected:sharada,projected:malayalam,projected:devanagari,projected:devanagari,projected:oriya,projected:devanagari,projected:perso-arabic,projected:perso-arabic,projected:phoenician,projected:devanagari,projected:gurmukhi,projected:devanagari,projected:perso-arabic,projected:khudawadi,projected:syriac,projected:tamil,projected:telugu,projected:perso-arabic
CPP_FLT_MAX,FLT_MAX,cpp,projected:perso-arabic,projected:aramaic,projected:bengali,projected:bengali,projected:perso-arabic,projected:gujarati,projected:hebrew,authored,projected:kannada,projected:sharada,projected:malayalam,projected:devanagari,projected:devanagari,projected:oriya,projected:devanagari,projected:perso-arabic,projected:perso-arabic,projected:phoenician,projected:devanagari,projected:gurmukhi,projected:devanagari,projected:perso-arabic,projected:khudawadi,projected:syriac,projected:tamil,projected:telugu,projected:perso-arabic
CPP_FLT_MAX_10_EXP,FLT_MAX_10_EXP,cpp,romanised:romenagri,romanised:romenagri,,,romanised:romenagri,,romanised:romenagri,,,,,,,,,romanised:romenagri,romanised:romenagri,romanised:romenagri,,,,romanised:romenagri,,romanised:romenagri,,,romanised:romenagri
CPP_FLT_MAX_EXP,FLT_MAX_EXP,cpp,romanised:romenagri,romanised:romenagri,,,romanised:romenagri,,romanised:romenagri,,,,,,,,,romanised:romenagri,romanised:romenagri,romanised:romenagri,,,,romanised:romenagri,,romanised:romenagri,,,romanised:romenagri
CPP_FLT_MIN,FLT_MIN,cpp,projected:perso-arabic,projected:aramaic,projected:bengali,projected:bengali,projected:perso-arabic,projected:gujarati,projected:hebrew,authored,projected:kannada,projected:sharada,projected:malayalam,projected:devanagari,projected:devanagari,projected:oriya,projected:devanagari,projected:perso-arabic,projected:perso-arabic,projected:phoenician,projected:devanagari,projected:gurmukhi,projected:devanagari,projected:perso-arabic,projected:khudawadi,projected:syriac,projected:tamil,projected:telugu,projected:perso-arabic
CPP_FLT_MIN_10_EXP,FLT_MIN_10_EXP,cpp,romanised:romenagri,romanised:romenagri,,,romanised:romenagri,,romanised:romenagri,,,,,,,,,romanised:romenagri,romanised:romenagri,romanised:romenagri,,,,romanised:romenagri,,romanised:romenagri,,,romanised:romenagri
CPP_FLT_MIN_EXP,FLT_MIN_EXP,cpp,romanised:romenagri,romanised:romenagri,,,romanised:romenagri,,romanised:romenagri,,,,,,,,,romanised:romenagri,romanised:romenagri,romanised:romenagri,,,,romanised:romenagri,,romanised:romenagri,,,romanised:romenagri
CPP_FLT_RADIX,FLT_RADIX,cpp,projected:perso-arabic,projected:aramaic,projected:bengali,projected:bengali,projected:perso-arabic,projected:gujarati,projected:hebrew,authored,projected:kannada,projected:sharada,projected:malayalam,projected:devanagari,projected:devanagari,projected:oriya,projected:devanagari,projected:perso-arabic,projected:perso-arabic,projected:phoenician,projected:devanagari,projected:gurmukhi,projected:devanagari,projected:perso-arabic,projected:khudawadi,projected:syriac,projected:tamil,projected:telugu,projected:perso-arabic
CPP_FLT_ROUNDS,FLT_ROUNDS,cpp,romanised:romenagri,romanised:romenagri,,,romanised:romenagri,,romanised:romenagri,,,,,,,,,romanised:romenagri,romanised:romenagri,romanised:romenagri,,,,romanised:romenagri,,romanised:romenagri,,,romanised:romenagri
CPP_FOPEN_MAX,FOPEN_MAX,cpp,projected:perso-arabic,projected:aramaic,projected:bengali,projected:bengali,projected:perso-arabic,projected:gujarati,projected:hebrew,authored,projected:kannada,projected:sharada,projected:malayalam,projected:devanagari,projected:devanagari,projected:oriya,projected:devanagari,projected:perso-arabic,projected:perso-arabic,projected:phoenician,projected:devanagari,projected:gurmukhi,projected:devanagari,projected:perso-arabic,projected:khudawadi,projected:syriac,projected:tamil,projected:telugu,projected:perso-arabic
CPP_FP_INFINITE,FP_INFINITE,cpp,romanised:romenagri,romanised:romenagri,,,romanised:romenagri,,romanised:romenagri,,,,,,,,,romanised:romenagri,romanised:romenagri,romanised:romenagri,,,,romanised:romenagri,,romanised:romenagri,,,romanised:romenagri
CPP_FP_NANQ,FP_NANQ,cpp,romanised:romenagri,romanised:romenagri,,,romanised:romenagri,,romanised:romenagri,,,,,,,,,romanised:romenagri,romanised:romenagri,romanised:romenagri,,,,romanised:romenagri,,romanised:romenagri,,,romanised:romenagri
CPP_FP_NANS,FP_NANS,cpp,romanised:romenagri,romanised:romenagri,,,romanised:romenagri,,romanised:romenagri,,,,,,,,,romanised:romenagri,romanised:romenagri,romanised:romenagri,,,,romanised:romenagri,,romanised:romenagri,,,romanised:romenagri
CPP_FP_NORMAL,FP_NORMAL,cpp,romanised:romenagri,romanised:romenagri,,,romanised:romenagri,,romanised:romenagri,,,,,,,,,romanised:romenagri,romanised:romenagri,romanised:romenagri,,,,romanised:romenagri,,romanised:romenagri,,,romanised:romenagri
CPP_FP_SUBNORMAL,FP_SUBNORMAL,cpp,romanised:romenagri,romanised:romenagri,,,romanised:romenagri,,romanised:romenagri,,,,,,,,,romanised:romenagri,romanised:romenagri,romanised:romenagri,,,,romanised:romenagri,,romanised:romenagri,,,romanised:romenagri
CPP_FP_ZERO,FP_ZERO,cpp,romanised:romenagri,romanised:romenagri,,,romanised:romenagri,,romanised:romenagri,,,,,,,,,romanised:romenagri,romanised:romenagri,romanised:romenagri,,,,romanised:romenagri,,romanised:romenagri,,,romanised:romenagri
CPP_F_DUPFD,F_DUPFD,cpp,romanised:romenagri,romanised:romenagri,,,romanised:romenagri,,romanised:romenagri,,,,,,,,,romanised:romenagri,romanised:romenagri,romanised:romenagri,,,,romanised:romenagri,,romanised:romenagri,,,romanised:romenagri
CPP_F_GETFD,F_GETFD,cpp,romanised:romenagri,romanised:romenagri,,,romanised:romenagri,,romanised:romenagri,,,,,,,,,romanised:romenagri,romanised:romenagri,romanised:romenagri,,,,romanised:romenagri,,romanised:romenagri,,,romanised:romenagri
CPP_F_GETFL,F_GETFL,cpp,romanised:romenagri,romanised:romenagri,,,romanised:romenagri,,romanised:romenagri,,,,,,,,,romanised:romenagri,romanised:romenagri,romanised:romenagri,,,,romanised:romenagri,,romanised:romenagri,,,romanised:romenagri
CPP_F_GETLK,F_GETLK,cpp,romanised:romenagri,romanised:romenagri,,,romanised:romenagri,,romanised:romenagri,,,,,,,,,romanised:romenagri,romanised:romenagri,romanised:romenagri,,,,romanised:romenagri,,romanised:romenagri,,,romanised:romenagri
CPP_F_OK,F_OK,cpp,romanised:romenagri,romanised:romenagri,,,romanised:romenagri,,romanised:romenagri,,,,,,,,,romanised:romenagri,romanised:romenagri,romanised:romenagri,,,,romanised:romenagri,,romanised:romenagri,,,romanised:romenagri
CPP_F_RDLCK,F_RDLCK,cpp,romanised:romenagri,romanised:romenagri,,,romanised:romenagri,,romanised:romenagri,,,,,,,,,romanised:romenagri,romanised:romenagri,romanised:romenagri,,,,romanised:romenagri,,romanised:romenagri,,,romanised:romenagri
CPP_F_SETFD,F_SETFD,cpp,romanised:romenagri,romanised:romenagri,,,romanised:romenagri,,romanised:romenagri,,,,,,,,,romanised:romenagri,romanised:romenagri,romanised:romenagri,,,,romanised:romenagri,,romanised:romenagri,,,romanised:romenagri
CPP_F_SETFL,F_SETFL,cpp,romanised:romenagri,romanised:romenagri,,,romanised:romenagri,,romanised:romenagri,,,,,,,,,romanised:romenagri,romanised:romenagri,romanised:romenagri,,,,romanised:romenagri,,romanised:romenagri,,,romanised:romenagri
CPP_F_SETLK,F_SETLK,cpp,romanised:romenagri,romanised:romenagri,,,romanised:romenagri,,romanised:romenagri,,,,,,,,,romanised:romenagri,romanised:romenagri,romanised:romenagri,,,,romanised:romenagri,,romanised:romenagri,,,romanised:romenagri
CPP_F_SETLKW,F_SETLKW,cpp,romanised:romenagri,romanised:romenagri,,,romanised:romenagri,,romanised:romenagri,,,,,,,,,romanised:romenagri,romanised:romenagri,romanised:romenagri,,,,romanised:romenagri,,romanised:romenagri,,,romanised:romenagri
CPP_F_UNLCK,F_UNLCK,cpp,romanised:romenagri,romanised:romenagri,,,romanised:romenagri,,romanised:romenagri,,,,,,,,,romanised:romenagri,romanised:romenagri,romanised:romenagri,,,,romanised:romenagri,,romanised:romenagri,,,romanised:romenagri
CPP_F_WRLCK,F_WRLCK,cpp,romanised:romenagri,romanised:romenagri,,,romanised:romenagri,,romanised:romenagri,,,,,,,,,romanised:romenagri,romanised:romenagri,romanised:romenagri,,,,romanised:romenagri,,romanised:romenagri,,,romanised:romenagri
CPP_HUGE_VAL,HUGE_VAL,cpp,projected:perso-arabic,projected:aramaic,projected:bengali,projected:bengali,projected:perso-arabic,projected:gujarati,projected:hebrew,authored,projected:kannada,projected:sharada,projected:malayalam,projected:devanagari,projected:devanagari,projected:oriya,projected:devanagari,projected:perso-arabic,projected:perso-arabic,projected:phoenician,projected:devanagari,projected:gurmukhi,projected:devanagari,projected:perso-arabic,projected:khudawadi,projected:syriac,projected:tamil,projected:telugu,projected:perso-arabic
CPP_HUPCL,HUPCL,cpp,romanised:romenagri,romanised:romenagri,,,romanised:romenagri,,romanised:romenagri,,,,,,,,,romanised:romenagri,romanised:romenagri,romanised:romenagri,,,,romanised:romenagri,,romanised:romenagri,,,romanised:romenagri
CPP_ICANON,ICANON,cpp,romanised:romenagri,romanised:romenagri,,,romanised:romenagri,,romanised:romenagri,,,,,,,,,romanised:romenagri,romanised:romenagri,romanised:romenagri,,,,romanised:romenagri,,romanised:romenagri,,,romanised:romenagri
CPP_ICRNL,ICRNL,cpp,romanised:romenagri,romanised:romenagri,,,romanised:romenagri,,romanised:romenagri,,,,,,,,,romanised:romenagri,romanised:romenagri,romanised:romenagri,,,,romanised:romenagri,,romanised:romenagri,,,romanised:romenagri
CPP_IEXTEN,IEXTEN,cpp,romanised:romenagri,romanised:romenagri,,,romanised:romenagri,,romanised:romenagri,,,,,,,,,romanised:romenagri,romanised:romenagri,romanised:romenagri,,,,romanised:romenagri,,romanised:romenagri,,,romanised:romenagri
CPP_IGNBRK,IGNBRK,cpp,romanised:romenagri,romanised:romenagri,,,romanised:romenagri,,romanised:romenagri,,,,,,,,,romanised:romenagri,romanised:romenagri,romanised:romenagri,,,,romanised:romenagri,,romanised:romenagri,,,romanised:romenagri
CPP_IGNCR,IGNCR,cpp,romanised:romenagri,romanised:romenagri,,,romanised:romenagri,,romanised:romenagri,,,,,,,,,romanised:romenagri,romanised:romenagri,romanised:romenagri,,,,romanised:romenagri,,romanised:romenagri,,,romanised:romenagri
CPP_IGNLCR,IGNLCR,cpp,romanised:romenagri,romanised:romenagri,,,romanised:romenagri,,romanised:romenagri,,,,,,,,,romanised:romenagri,romanised:romenagri,romanised:romenagri,,,,romanised:romenagri,,romanised:romenagri,,,romanised:romenagri
CPP_IGNPAR,IGNPAR,cpp,romanised:romenagri,romanised:romenagri,,,romanised:romenagri,,romanised:romenagri,,,,,,,,,romanised:romenagri,romanised:romenagri,romanised:romenagri,,,,romanised:romenagri,,romanised:romenagri,,,romanised:romenagri
CPP_INFINITY,INFINITY,cpp,projected:perso-arabic,projected:aramaic,projected:bengali,projected:bengali,projected:perso-arabic,projected:gujarati,projected:hebrew,authored,projected:kannada,projected:sharada,projected:malayalam,projected:devanagari,projected:devanagari,projected:oriya,projected:devanagari,projected:perso-arabic,projected:perso-arabic,projected:phoenician,projected:devanagari,projected:gurmukhi,projected:devanagari,projected:perso-arabic,projected:khudawadi,projected:syriac,projected:tamil,projected:telugu,projected:perso-arabic
CPP_INPCK,INPCK,cpp,romanised:romenagri,romanised:romenagri,,,romanised:romenagri,,romanised:romenagri,,,,,,,,,romanised:romenagri,romanised:romenagri,romanised:romenagri,,,,romanised:romenagri,,romanised:romenagri,,,romanised:romenagri
CPP_INT_MAX,INT_MAX,cpp,projected:perso-arabic,projected:aramaic,projected:bengali,projected:bengali,projected:perso-arabic,projected:gujarati,projected:hebrew,authored,projected:kannada,projected:sharada,projected:malayalam,projected:devanagari,projected:devanagari,projected:oriya,projected:devanagari,projected:perso-arabic,projected:perso-arabic,projected:phoenician,projected:devanagari,projected:gurmukhi,projected:devanagari,projected:perso-arabic,projected:khudawadi,projected:syriac,projected:tamil,projected:telugu,projected:perso-arabic
CPP_INT_MIN,INT_MIN,cpp,projected:perso-arabic,projected:aramaic,projected:bengali,projected:bengali,projected:perso-arabic,projected:gujarati,projected:hebrew,authored,projected:kannada,projected:sharada,projected:malayalam,projected:devanagari,projected:devanagari,projected:oriya,projected:devanagari,projected:perso-arabic,projected:perso-arabic,projected:phoenician,projected:devanagari,projected:gurmukhi,projected:devanagari,projected:perso-arabic,projected:khudawadi,projected:syriac,projected:tamil,projected:telugu,projected:perso-arabic
CPP_ISIG,ISIG,cpp,romanised:romenagri,romanised:romenagri,,,romanised:romenagri,,romanised:romenagri,,,,,,,,,romanised:romenagri,romanised:romenagri,romanised:romenagri,,,,romanised:romenagri,,romanised:romenagri,,,romanised:romenagri
CPP_ISTRIP,ISTRIP,cpp,romanised:romenagri,romanised:romenagri,,,romanised:romenagri,,romanised:romenagri,,,,,,,,,romanised:romenagri,romanised:romenagri,romanised:romenagri,,,,romanised:romenagri,,romanised:romenagri,,,romanised:romenagri
CPP_IXOFF,IXOFF,cpp,romanised:romenagri,romanised:romenagri,,,romanised:romenagri,,romanised:romenagri,,,,,,,,,romanised:romenagri,romanised:romenagri,romanised:romenagri,,,,romanised:romenagri,,romanised:romenagri,,,romanised:romenagri
CPP_IXON,IXON,cpp,romanised:romenagri,romanised:romenagri,,,romanised:romenagri,,romanised:romenagri,,,,,,,,,romanised:romenagri,romanised:romenagri,romanised:romenagri,,,,romanised:romenagri,,romanised:romenagri,,,romanised:romenagri
CPP_LC_ALL,LC_ALL,cpp,romanised:romenagri,romanised:romenagri,,,romanised:romenagri,,romanised:romenagri,,,,,,,,,romanised:romenagri,romanised:romenagri,romanised:romenagri,,,,romanised:romenagri,,romanised:romenagri,,,romanised:romenagri
CPP_LC_COLLATE,LC_COLLATE,cpp,romanised:romenagri,romanised:romenagri,,,romanised:romenagri,,romanised:romenagri,,,,,,,,,romanised:romenagri,romanised:romenagri,romanised:romenagri,,,,romanised:romenagri,,romanised:romenagri,,,romanised:romenagri
CPP_LC_CTYPE,LC_CTYPE,cpp,romanised:romenagri,romanised:romenagri,,,romanised:romenagri,,romanised:romenagri,,,,,,,,,romanised:romenagri,romanised:romenagri,romanised:romenagri,,,,romanised:romenagri,,romanised:romenagri,,,romanised:romenagri
CPP_LC_MONETARY,LC_MONETARY,cpp,romanised:romenagri,romanised:romenagri,,,romanised:romenagri,,romanised:romenagri,,,,,,,,,romanised:romenagri,romanised:romenagri,romanised:romenagri,,,,romanised:romenagri,,romanised:romenagri,,,romanised:romenagri
CPP_LC_NUMERIC,LC_NUMERIC,cpp,romanised:romenagri,romanised:romenagri,,,romanised:romenagri,,romanised:romenagri,,,,,,,,,romanised:romenagri,romanised:romenagri,romanised:romenagri,,,,romanised:romenagri,,romanised:romenagri,,,romanised:romenagri
CPP_LC_TIME,LC_TIME,cpp,romanised:romenagri,romanised:romenagri,,,romanised:romenagri,,romanised:romenagri,,,,,,,,,romanised:romenagri,romanised:romenagri,romanised:romenagri,,,,romanised:romenagri,,romanised:romenagri,,,romanised:romenagri
CPP_LDBL_DIG,LDBL_DIG,cpp,projected:perso-arabic,projected:aramaic,projected:bengali,projected:bengali,projected:perso-arabic,projected:gujarati,projected:hebrew,authored,projected:kannada,projected:sharada,projected:malayalam,projected:devanagari,projected:devanagari,projected:oriya,projected:devanagari,projected:perso-arabic,projected:perso-arabic,projected:phoenician,projected:devanagari,projected:gurmukhi,projected:devanagari,projected:perso-arabic,projected:khudawadi,projected:syriac,projected:tamil,projected:telugu,projected:perso-arabic
CPP_LDBL_EPSILON,LDBL_EPSILON,cpp,projected:perso-arabic,projected:aramaic,projected:bengali,projected:bengali,projected:perso-arabic,projected:gujarati,projected:hebrew,authored,projected:kannada,projected:sharada,projected:malayalam,projected:devanagari,projected:devanagari,projected:oriya,projected:devanagari,projected:perso-arabic,projected:perso-arabic,projected:phoenician,projected:devanagari,projected:gurmukhi,projected:devanagari,projected:perso-arabic,projected:khudawadi,projected:syriac,projected:tamil,projected:telugu,projected:perso-arabic
CPP_LDBL_MANT_DIG,LDBL_MANT_DIG,cpp,projected:perso-arabic,projected:aramaic,projected:bengali,projected:bengali,projected:perso-arabic,projected:gujarati,projected:hebrew,authored,projected:kannada,projected:sharada,projected:malayalam,projected:devanagari,projected:devanagari,projected:oriya,projected:devanagari,projected:perso-arabic,projected:perso-arabic,projected:phoenician,projected:devanagari,projected:gurmukhi,projected:devanagari,projected:perso-arabic,projected:khudawadi,projected:syriac,projected:tamil,projected:telugu,projected:perso-arabic
CPP_LDBL_MAX,LDBL_MAX,cpp,projected:perso-arabic,projected:aramaic,projected:bengali,projected:bengali,projected:perso-arabic,projected:gujarati,projected:hebrew,authored,projected:kannada,projected:sharada,projected:malayalam,projected:devanagari,projected:devanagari,projected:oriya,projected:devanagari,projected:perso-arabic,projected:perso-arabic,projected:phoenician,projected:devanagari,projected:gurmukhi,projected:devanagari,projected:perso-arabic,projected:khudawadi,projected:syriac,projected:tamil,projected:telugu,projected:perso-arabic
CPP_LDBL_MAX_10_EXP,LDBL_MAX_10_EXP,cpp,romanised:romenagri,romanised:romenagri,,,romanised:romenagri,,romanised:romenagri,,,,,,,,,romanised:romenagri,romanised:romenagri,romanised:romenagri,,,,romanised:romenagri,,romanised:romenagri,,,romanised:romenagri
CPP_LDBL_MAX_EXP,LDBL_MAX_EXP,cpp,romanised:romenagri,romanised:romenagri,,,romanised:romenagri,,romanised:romenagri,,,,,,,,,romanised:romenagri,romanised:romenagri,romanised:romenagri,,,,romanised:romenagri,,romanised:romenagri,,,romanised:romenagri
CPP_LDBL_MIN,LDBL_MIN,cpp,projected:perso-arabic,projected:aramaic,projected:bengali,projected:bengali,projected:perso-arabic,projected:gujarati,projected:hebrew,authored,projected:kannada,projected:sharada,projected:malayalam,projected:devanagari,projected:devanagari,projected:oriya,projected:devanagari,projected:perso-arabic,projected:perso-arabic,projected:phoenician,projected:devanagari,projected:gurmukhi,projected:devanagari,projected:perso-arabic,projected:khudawadi,projected:syriac,projected:tamil,projected:telugu,projected:perso-arabic
CPP_LDBL_MIN_10_EXP,LDBL_MIN_10_EXP,cpp,romanised:romenagri,romanised:romenagri,,,romanised:romenagri,,romanised:romenagri,,,,,,,,,romanised:romenagri,romanised:romenagri,romanised:romenagri,,,,romanised:romenagri,,romanised:romenagri,,,romanised:romenagri
CPP_LDBL_MIN_EXP,LDBL_MIN_EXP,cpp,romanised:romenagri,romanised:romenagri,,,romanised:romenagri,,romanised:romenagri,,,,,,,,,romanised:romenagri,romanised:romenagri,romanised:romenagri,,,,romanised:romenagri,,romanised:romenagri,,,romanised:romenagri
CPP_LONG_MAX,LONG_MAX,cpp,projected:perso-arabic,projected:aramaic,projected:bengali,projected:bengali,projected:perso-arabic,projected:gujarati,projected:hebrew,authored,projected:kannada,projected:sharada,projected:malayalam,projected:devanagari,projected:devanagari,projected:oriya,projected:devanagari,projected:perso-arabic,projected:perso-arabic,projected:phoenician,projected:devanagari,projected:gurmukhi,projected:devanagari,projected:perso-arabic,projected:khudawadi,projected:syriac,projected:tamil,projected:telugu,projected:perso-arabic
CPP_LONG_MIN,LONG_MIN,cpp,projected:perso-arabic,projected:aramaic,projected:bengali,projected:bengali,projected:perso-arabic,projected:gujarati,projected:hebrew,authored,projected:kannada,projected:sharada,projected:malayalam,projected:devanagari,projected:devanagari,projected:oriya,projected:devanagari,projected:perso-arabic,projected:perso-arabic,projected:phoenician,projected:devanagari,projected:gurmukhi,projected:devanagari,projected:perso-arabic,projected:khudawadi,projected:syriac,projected:tamil,projected:telugu,projected:perso-arabic
CPP_L_CTERMID,L_ctermid,cpp,romanised:romenagri,romanised:romenagri,,,romanised:romenagri,,romanised:romenagri,,,,,,,,,romanised:romenagri,romanised:romenagri,romanised:romenagri,,,,romanised:romenagri,,romanised:romenagri,,,romanised:romenagri
CPP_L_TMPNAM,L_tmpnam,cpp,projected:perso-arabic,projected:aramaic,projected:bengali,projected:bengali,projected:perso-arabic,projected:gujarati,projected:hebrew,authored,projected:kannada,projected:sharada,projected:malayalam,projected:devanagari,projected:devanagari,projected:oriya,projected:devanagari,projected:perso-arabic,projected:perso-arabic,projected:phoenician,projected:devanagari,projected:gurmukhi,projected:devanagari,projected:perso-arabic,projected:khudawadi,projected:syriac,projected:tamil,projected:telugu,projected:perso-arabic
CPP_MAX_CANON,MAX_CANON,cpp,romanised:romenagri,romanised:romenagri,,,romanised:romenagri,,romanised:romenagri,,,,,,,,,romanised:romenagri,romanised:romenagri,romanised:romenagri,,,,romanised:romenagri,,romanised:romenagri,,,romanised:romenagri
CPP_MAX_INPUT,MAX_INPUT,cpp,romanised:romenagri,romanised:romenagri,,,romanised:romenagri,,romanised:romenagri,,,,,,,,,romanised:romenagri,romanised:romenagri,romanised:romenagri,,,,romanised:romenagri,,romanised:romenagri,,,romanised:romenagri
CPP_MB_CUR_MAX,MB_CUR_MAX,cpp,romanised:romenagri,romanised:romenagri,,,romanised:romenagri,,romanised:romenagri,,,,,,,,,romanised:romenagri,romanised:romenagri,romanised:romenagri,,,,romanised:romenagri,,romanised:romenagri,,,romanised:romenagri
CPP_MB_LEN_MAX,MB_LEN_MAX,cpp,romanised:romenagri,romanised:romenagri,,,romanised:romenagri,,romanised:romenagri,,,,,,,,,romanised:romenagri,romanised:romenagri,romanised:romenagri,,,,romanised:romenagri,,romanised:romenagri,,,romanised:romenagri
CPP_NAME_MAX,NAME_MAX,cpp,romanised:romenagri,romanised:romenagri,,,romanised:romenagri,,romanised:romenagri,,,,,,,,,romanised:romenagri,romanised:romenagri,romanised:romenagri,,,,romanised:romenagri,,romanised:romenagri,,,romanised:romenagri
CPP_NAN,NAN,cpp,projected:perso-arabic,projected:aramaic,projected:bengali,projected:bengali,projected:perso-arabic,projected:gujarati,projected:hebrew,authored,projected:kannada,projected:sharada,projected:malayalam,projected:devanagari,projected:devanagari,projected:oriya,projected:devanagari,projected:perso-arabic,projected:perso-arabic,projected:phoenician,projected:devanagari,projected:gurmukhi,projected:devanagari,projected:perso-arabic,projected:khudawadi,projected:syriac,projected:tamil,projected:telugu,projected:perso-arabic
CPP_NANS,NANS,cpp,romanised:romenagri,romanised:romenagri,,,romanised:romenagri,,romanised:romenagri,,,,,,,,,romanised:romenagri,romanised:romenagri,romanised:romenagri,,,,romanised:romenagri,,romanised:romenagri,,,romanised:romenagri
CPP_NCCS,NCCS,cpp,romanised:romenagri,romanised:romenagri,,,romanised:romenagri,,romanised:romenagri,,,,,,,,,romanised:romenagri,romanised:romenagri,romanised:romenagri,,,,romanised:romenagri,,romanised:romenagri,,,romanised:romenagri
CPP_NDEBUG,NDEBUG,cpp,projected:perso-arabic,projected:aramaic,projected:bengali,projected:bengali,projected:perso-arabic,projected:gujarati,projected:hebrew,authored,projected:kannada,projected:sharada,projected:malayalam,projected:devanagari,projected:devanagari,projected:oriya,projected:devanagari,projected:perso-arabic,projected:perso-arabic,projected:phoenician,projected:devanagari,projected:gurmukhi,projected:devanagari,projected:perso-arabic,projected:khudawadi,projected:syriac,projected:tamil,projected:telugu,projected:perso-arabic
CPP_NGROUPS_MAX,NGROUPS_MAX,cpp,romanised:romenagri,romanised:romenagri,,,romanised:romenagri,,romanised:romenagri,,,,,,,,,romanised:romenagri,romanised:romenagri,romanised:romenagri,,,,romanised:romenagri,,romanised:romenagri,,,romanised:romenagri
CPP_NOFLSH,NOFLSH,cpp,romanised:romenagri,romanised:romenagri,,,romanised:romenagri,,romanised:romenagri,,,,,,,,,romanised:romenagri,romanised:romenagri,romanised:romenagri,,,,romanised:romenagri,,romanised:romenagri,,,romanised:romenagri
CPP_NULL,NULL,cpp,projected:perso-arabic,projected:aramaic,projected:bengali,projected:bengali,projected:perso-arabic,projected:gujarati,projected:hebrew,authored,projected:kannada,projected:sharada,projected:malayalam,projected:devanagari,projected:devanagari,projected:oriya,projected:devanagari,projected:perso-arabic,projected:perso-arabic,projected:phoenician,projected:devanagari,projected:gurmukhi,projected:devanagari,projected:perso-arabic,projected:khudawadi,projected:syriac,projected:tamil,projected:telugu,projected:perso-arabic
CPP_OPEN_MAX,OPEN_MAX,cpp,romanised:romenagri,romanised:romenagri,,,romanised:romenagri,,romanised:romenagri,,,,,,,,,romanised:romenagri,romanised:romenagri,romanised:romenagri,,,,romanised:romenagri,,romanised:romenagri,,,romanised:romenagri
CPP_OPOST,OPOST,cpp,romanised:romenagri,romanised:romenagri,,,romanised:romenagri,,romanised:romenagri,,,,,,,,,romanised:romenagri,romanised:romenagri,romanised:romenagri,,,,romanised:romenagri,,romanised:romenagri,,,romanised:romenagri
CPP_O_ACCMODE,O_ACCMODE,cpp,romanised:romenagri,romanised:romenagri,,,romanised:romenagri,,romanised:romenagri,,,,,,,,,romanised:romenagri,romanised:romenagri,romanised:romenagri,,,,romanised:romenagri,,romanised:romenagri,,,romanised:romenagri
CPP_O_APPEND,O_APPEND,cpp,romanised:romenagri,romanised:romenagri,,,romanised:romenagri,,romanised:romenagri,,,,,,,,,romanised:romenagri,romanised:romenagri,romanised:romenagri,,,,romanised:romenagri,,romanised:romenagri,,,romanised:romenagri
CPP_O_CREAT,O_CREAT,cpp,romanised:romenagri,romanised:romenagri,,,romanised:romenagri,,romanised:romenagri,,,,,,,,,romanised:romenagri,romanised:romenagri,romanised:romenagri,,,,romanised:romenagri,,romanised:romenagri,,,romanised:romenagri
CPP_O_EXCL,O_EXCL,cpp,romanised:romenagri,romanised:romenagri,,,romanised:romenagri,,romanised:romenagri,,,,,,,,,romanised:romenagri,romanised:romenagri,romanised:romenagri,,,,romanised:romenagri,,romanised:romenagri,,,romanised:romenagri
CPP_O_NOCTTY,O_NOCTTY,cpp,romanised:romenagri,romanised:romenagri,,,romanised:romenagri,,romanised:romenagri,,,,,,,,,romanised:romenagri,romanised:romenagri,romanised:romenagri,,,,romanised:romenagri,,romanised:romenagri,,,romanised:romenagri
CPP_O_NONBLOCK,O_NONBLOCK,cpp,romanised:romenagri,romanised:romenagri,,,romanised:romenagri,,romanised:romenagri,,,,,,,,,romanised:romenagri,romanised:romenagri,romanised:romenagri,,,,romanised:romenagri,,romanised:romenagri,,,romanised:romenagri
CPP_O_RDONLY,O_RDONLY,cpp,romanised:romenagri,romanised:romenagri,,,romanised:romenagri,,romanised:romenagri,,,,,,,,,romanised:romenagri,romanised:romenagri,romanised:romenagri,,,,romanised:romenagri,,romanised:romenagri,,,romanised:romenagri
CPP_O_RDWR,O_RDWR,cpp,romanised:romenagri,romanised:romenagri,,,romanised:romenagri,,romanised:romenagri,,,,,,,,,romanised:romenagri,romanised:romenagri,romanised:romenagri,,,,romanised:romenagri,,romanised:romenagri,,,romanised:romenagri
CPP_O_TRUNC,O_TRUNC,cpp,romanised:romenagri,romanised:romenagri,,,romanised:romenagri,,romanised:romenagri,,,,,,,,,romanised:romenagri,romanised:romenagri,romanised:romenagri,,,,romanised:romenagri,,romanised:romenagri,,,romanised:romenagri
CPP_O_WRONLY,O_WRONLY,cpp,romanised:romenagri,romanised:romenagri,,,romanised:romenagri,,romanised:romenagri,,,,,,,,,romanised:romenagri,romanised:romenagri,romanised:romenagri,,,,romanised:romenagri,,romanised:romenagri,,,romanised:romenagri
CPP_PARENB,PARENB,cpp,romanised:romenagri,romanised:romenagri,,,romanised:romenagri,,romanised:romenagri,,,,,,,,,romanised:romenagri,romanised:romenagri,romanised:romenagri,,,,romanised:romenagri,,romanised:romenagri,,,romanised:romenagri
CPP_PARMRK,PARMRK,cpp,romanised:romenagri,romanised:romenagri,,,romanised:romenagri,,romanised:romenagri,,,,,,,,,romanised:romenagri,romanised:romenagri,romanised:romenagri,,,,romanised:romenagri,,romanised:romenagri,,,romanised:romenagri
CPP_PARODD,PARODD,cpp,romanised:romenagri,romanised:romenagri,,,romanised:romenagri,,romanised:romenagri,,,,,,,,,romanised:romenagri,romanised:romenagri,romanised:romenagri,,,,romanised:romenagri,,romanised:romenagri,,,romanised:romenagri
CPP_PATH_MAX,PATH_MAX,cpp,romanised:romenagri,romanised:romenagri,,,romanised:romenagri,,romanised:romenagri,,,,,,,,,romanised:romenagri,romanised:romenagri,romanised:romenagri,,,,romanised:romenagri,,romanised:romenagri,,,romanised:romenagri
CPP_PIPE_BUF,PIPE_BUF,cpp,romanised:romenagri,romanised:romenagri,,,romanised:romenagri,,romanised:romenagri,,,,,,,,,romanised:romenagri,romanised:romenagri,romanised:romenagri,,,,romanised:romenagri,,romanised:romenagri,,,romanised:romenagri
CPP_RAND_MAX,RAND_MAX,cpp,projected:perso-arabic,projected:aramaic,projected:bengali,projected:bengali,projected:perso-arabic,projected:gujarati,projected:hebrew,authored,projected:kannada,projected:sharada,projected:malayalam,projected:devanagari,projected:devanagari,projected:oriya,projected:devanagari,projected:perso-arabic,projected:perso-arabic,projected:phoenician,projected:devanagari,projected:gurmukhi,projected:devanagari,projected:perso-arabic,projected:khudawadi,projected:syriac,projected:tamil,projected:telugu,projected:perso-arabic
CPP_R_OK,R_OK,cpp,romanised:romenagri,romanised:romenagri,,,romanised:romenagri,,romanised:romenagri,,,,,,,,,romanised:romenagri,romanised:romenagri,romanised:romenagri,,,,romanised:romenagri,,romanised:romenagri,,,romanised:romenagri
CPP_SA_NOCLDSTOP,SA_NOCLDSTOP,cpp,romanised:romenagri,romanised:romenagri,,,romanised:romenagri,,romanised:romenagri,,,,,,,,,romanised:romenagri,romanised:romenagri,romanised:romenagri,,,,romanised:romenagri,,romanised:romenagri,,,romanised:romenagri
CPP_SCHAR_MAX,SCHAR_MAX,cpp,projected:perso-arabic,projected:aramaic,projected:bengali,projected:bengali,projected:perso-arabic,projected:gujarati,projected:hebrew,authored,projected:kannada,projected:sharada,projected:malayalam,projected:devanagari,projected:devanagari,projected:oriya,projected:devanagari,projected:perso-arabic,projected:perso-arabic,projected:phoenician,projected:devanagari,projected:gurmukhi,projected:devanagari,projected:perso-arabic,projected:khudawadi,projected:syriac,projected:tamil,projected:telugu,projected:perso-arabic
CPP_SCHAR_MIN,SCHAR_MIN,cpp,projected:perso-arabic,projected:aramaic,projected:bengali,projected:bengali,projected:perso-arabic,projected:gujarati,projected:hebrew,authored,projected:kannada,projected:sharada,projected:malayalam,projected:devanagari,projected:devanagari,projected:oriya,projected:devanagari,projected:perso-arabic,projected:perso-arabic,projected:phoenician,projected:devanagari,projected:gurmukhi,projected:devanagari,projected:perso-arabic,projected:khudawadi,projected:syriac,projected:tamil,projected:telugu,projected:perso-arabic
CPP_SEEK_CUR,SEEK_CUR,cpp,projected:perso-arabic,projected:aramaic,projected:bengali,projected:bengali,projected:perso-arabic,projected:gujarati,projected:hebrew,authored,projected:kannada,projected:sharada,projected:malayalam,projected:devanagari,projected:devanagari,projected:oriya,projected:devanagari,projected:perso-arabic,projected:perso-arabic,projected:phoenician,projected:devanagari,projected:gurmukhi,projected:devanagari,projected:perso-arabic,projected:khudawadi,projected:syriac,projected:tamil,projected:telugu,projected:perso-arabic
CPP_SEEK_END,SEEK_END,cpp,projected:perso-arabic,projected:aramaic,projected:bengali,projected:bengali,projected:perso-arabic,projected:gujarati,projected:hebrew,authored,projected:kannada,projected:sharada,projected:malayalam,projected:devanagari,projected:devanagari,projected:oriya,projected:devanagari,projected:perso-arabic,projected:perso-arabic,projected:phoenician,projected:devanagari,projected:gurmukhi,projected:devanagari,projected:perso-arabic,projected:khudawadi,projected:syriac,projected:tamil,projected:telugu,projected:perso-arabic
CPP_SEEK_SET,SEEK_SET,cpp,projected:perso-arabic,projected:aramaic,projected:bengali,projected:bengali,projected:perso-arabic,projected:gujarati,projected:hebrew,authored,projected:kannada,projected:sharada,projected:malayalam,projected:devanagari,projected:devanagari,projected:oriya,projected:devanagari,projected:perso-arabic,projected:perso-arabic,projected:phoenician,projected:devanagari,projected:gurmukhi,projected:devanagari,projected:perso-arabic,projected:khudawadi,projected:syriac,projected:tamil,projected:telugu,projected:perso-arabic
CPP_SHRT_MAX,SHRT_MAX,cpp,projected:perso-arabic,projected:aramaic,projected:bengali,projected:bengali,projected:perso-arabic,projected:gujarati,projected:hebrew,authored,projected:kannada,projected:sharada,projected:malayalam,projected:devanagari,projected:devanagari,projected:oriya,projected:devanagari,projected:perso-arabic,projected:perso-arabic,projected:phoenician,projected:devanagari,projected:gurmukhi,projected:devanagari,projected:perso-arabic,projected:khudawadi,projected:syriac,projected:tamil,projected:telugu,projected:perso-arabic
CPP_SHRT_MIN,SHRT_MIN,cpp,projected:perso-arabic,projected:aramaic,projected:bengali,projected:bengali,projected:perso-arabic,projected:gujarati,projected:hebrew,authored,projected:kannada,projected:sharada,projected:malayalam,projected:devanagari,projected:devanagari,projected:oriya,projected:devanagari,projected:perso-arabic,projected:perso-arabic,projected:phoenician,projected:devanagari,projected:gurmukhi,projected:devanagari,projected:perso-arabic,projected:khudawadi,projected:syriac,projected:tamil,projected:telugu,projected:perso-arabic
CPP_SIBGABRT,SIBGABRT,cpp,projected:perso-arabic,projected:aramaic,projected:bengali,projected:bengali,projected:perso-arabic,projected:gujarati,projected:hebrew,authored,projected:kannada,projected:sharada,projected:malayalam,projected:devanagari,projected:devanagari,projected:oriya,projected:devanagari,projected:perso-arabic,projected:perso-arabic,projected:phoenician,projected:devanagari,projected:gurmukhi,projected:devanagari,projected:perso-arabic,projected:khudawadi,projected:syriac,projected:tamil,projected:telugu,projected:perso-arabic
CPP_SIGARLM,SIGARLM,cpp,romanised:romenagri,romanised:romenagri,,,romanised:romenagri,,romanised:romenagri,,,,,,,,,romanised:romenagri,romanised:romenagri,romanised:romenagri,,,,romanised:romenagri,,romanised:romenagri,,,romanised:romenagri
CPP_SIGCHLD,SIGCHLD,cpp,romanised:romenagri,romanised:romenagri,,,romanised:romenagri,,romanised:romenagri,,,,,,,,,romanised:romenagri,romanised:romenagri,romanised:romenagri,,,,romanised:romenagri,,romanised:romenagri,,,romanised:romenagri
CPP_SIGCONT,SIGCONT,cpp,romanised:romenagri,romanised:romenagri,,,romanised:romenagri,,romanised:romenagri,,,,,,,,,romanised:romenagri,romanised:romenagri,romanised:romenagri,,,,romanised:romenagri,,romanised:romenagri,,,romanised:romenagri
CPP_SIGFPE,SIGFPE,cpp,projected:perso-arabic,projected:aramaic,projected:bengali,projected:bengali,projected:perso-arabic,projected:gujarati,projected:hebrew,authored,projected:kannada,projected:sharada,projected:malayalam,projected:devanagari,projected:devanagari,projected:oriya,projected:devanagari,projected:perso-arabic,projected:perso-arabic,projected:phoenician,projected:devanagari,projected:gurmukhi,projected:devanagari,projected:perso-arabic,projected:khudawadi,projected:syriac,projected:tamil,projected:telugu,projected:perso-arabic
CPP_SIGHUP,SIGHUP,cpp,romanised:romenagri,romanised:romenagri,,,romanised:romenagri,,romanised:romenagri,,,,,,,,,romanised:romenagri,romanised:romenagri,romanised:romenagri,,,,romanised:romenagri,,romanised:romenagri,,,romanised:romenagri
CPP_SIGILL,SIGILL,cpp,projected:perso-arabic,projected:aramaic,projected:bengali,projected:bengali,projected:perso-arabic,projected:gujarati,projected:hebrew,authored,projected:kannada,projected:sharada,projected:malayalam,projected:devanagari,projected:devanagari,projected:oriya,projected:devanagari,projected:perso-arabic,projected:perso-arabic,projected:phoenician,projected:devanagari,projected:gurmukhi,projected:devanagari,projected:perso-arabic,projected:khudawadi,projected:syriac,projected:tamil,projected:telugu,projected:perso-arabic
CPP_SIGINT,SIGINT,cpp,projected:perso-arabic,projected:aramaic,projected:bengali,projected:bengali,projected:perso-arabic,projected:gujarati,projected:hebrew,authored,projected:kannada,projected:sharada,projected:malayalam,projected:devanagari,projected:devanagari,projected:oriya,projected:devanagari,projected:perso-arabic,projected:perso-arabic,projected:phoenician,projected:devanagari,projected:gurmukhi,projected:devanagari,projected:perso-arabic,projected:khudawadi,projected:syriac,projected:tamil,projected:telugu,projected:perso-arabic
CPP_SIGKILL,SIGKILL,cpp,romanised:romenagri,romanised:romenagri,,,romanised:romenagri,,romanised:romenagri,,,,,,,,,romanised:romenagri,romanised:romenagri,romanised:romenagri,,,,romanised:romenagri,,romanised:romenagri,,,romanised:romenagri
CPP_SIGPIPE,SIGPIPE,cpp,romanised:romenagri,romanised:romenagri,,,romanised:romenagri,,romanised:romenagri,,,,,,,,,romanised:romenagri,romanised:romenagri,romanised:romenagri,,,,romanised:romenagri,,romanised:romenagri,,,romanised:romenagri
CPP_SIGQUIT,SIGQUIT,cpp,romanised:romenagri,romanised:romenagri,,,romanised:romenagri,,romanised:romenagri,,,,,,,,,romanised:romenagri,romanised:romenagri,romanised:romenagri,,,,romanised:romenagri,,romanised:romenagri,,,romanised:romenagri
CPP_SIGSEGV,SIGSEGV,cpp,projected:perso-arabic,projected:aramaic,projected:bengali,projected:bengali,projected:perso-arabic,projected:gujarati,projected:hebrew,authored,projected:kannada,projected:sharada,projected:malayalam,projected:devanagari,projected:devanagari,projected:oriya,projected:devanagari,projected:perso-arabic,projected:perso-arabic,projected:phoenician,projected:devanagari,projected:gurmukhi,projected:devanagari,projected:perso-arabic,projected:khudawadi,projected:syriac,projected:tamil,projected:telugu,projected:perso-arabic
CPP_SIGSTOP,SIGSTOP,cpp,romanised:romenagri,romanised:romenagri,,,romanised:romenagri,,romanised:romenagri,,,,,,,,,romanised:romenagri,romanised:romenagri,romanised:romenagri,,,,romanised:romenagri,,romanised:romenagri,,,romanised:romenagri
CPP_SIGTERM,SIGTERM,cpp,projected:perso-arabic,projected:aramaic,projected:bengali,projected:bengali,projected:perso-arabic,projected:gujarati,projected:hebrew,authored,projected:kannada,projected:sharada,projected:malayalam,projected:devanagari,projected:devanagari,projected:oriya,projected:devanagari,projected:perso-arabic,projected:perso-arabic,projected:phoenician,projected:devanagari,projected:gurmukhi,projected:devanagari,projected:perso-arabic,projected:khudawadi,projected:syriac,projected:tamil,projected:telugu,projected:perso-arabic
CPP_SIGTSTP,SIGTSTP,cpp,romanised:romenagri,romanised:romenagri,,,romanised:romenagri,,romanised:romenagri,,,,,,,,,romanised:romenagri,romanised:romenagri,romanised:romenagri,,,,romanised:romenagri,,romanised:romenagri,,,romanised:romenagri
CPP_SIGTTIN,SIGTTIN,cpp,romanised:romenagri,romanised:romenagri,,,romanised:romenagri,,romanised:romenagri,,,,,,,,,romanised:romenagri,romanised:romenagri,romanised:romenagri,,,,romanised:romenagri,,romanised:romenagri,,,romanised:romenagri
CPP_SIGTTOU,SIGTTOU,cpp,romanised:romenagri,romanised:romenagri,,,romanised:romenagri,,romanised:romenagri,,,,,,,,,romanised:romenagri,romanised:romenagri,romanised:romenagri,,,,romanised:romenagri,,romanised:romenagri,,,romanised:romenagri
CPP_SIGUSR1,SIGUSR1,cpp,romanised:romenagri,romanised:romenagri,,,romanised:romenagri,,romanised:romenagri,,,,,,,,,romanised:romenagri,romanised:romenagri,romanised:romenagri,,,,romanised:romenagri,,romanised:romenagri,,,romanised:romenagri
CPP_SIGUSR2,SIGUSR2,cpp,romanised:romenagri,romanised:romenagri,,,romanised:romenagri,,romanised:romenagri,,,,,,,,,romanised:romenagri,romanised:romenagri,romanised:romenagri,,,,romanised:romenagri,,romanised:romenagri,,,romanised:romenagri
CPP_SIG_BLOCK,SIG_BLOCK,cpp,romanised:romenagri,romanised:romenagri,,,romanised:romenagri,,romanised:romenagri,,,,,,,,,romanised:romenagri,romanised:romenagri,romanised:romenagri,,,,romanised:romenagri,,romanised:romenagri,,,romanised:romenagri
CPP_SIG_DFL,SIG_DFL,cpp,projected:perso-arabic,projected:aramaic,projected:bengali,projected:bengali,projected:perso-arabic,projected:gujarati,projected:hebrew,authored,projected:kannada,projected:sharada,projected:malayalam,projected:devanagari,projected:devanagari,projected:oriya,projected:devanagari,projected:perso-arabic,projected:perso-arabic,projected:phoenician,projected:devanagari,projected:gurmukhi,projected:devanagari,projected:perso-arabic,projected:khudawadi,projected:syriac,projected:tamil,projected:telugu,projected:perso-arabic
CPP_SIG_ERR,SIG_ERR,cpp,projected:perso-arabic,projected:aramaic,projected:bengali,projected:bengali,projected:perso-arabic,projected:gujarati,projected:hebrew,authored,projected:kannada,projected:sharada,projected:malayalam,projected:devanagari,projected:devanagari,projected:oriya,projected:devanagari,projected:perso-arabic,projected:perso-arabic,projected:phoenician,projected:devanagari,projected:gurmukhi,projected:devanagari,projected:perso-arabic,projected:khudawadi,projected:syriac,projected:tamil,projected:telugu,projected:perso-arabic
CPP_SIG_IGN,SIG_IGN,cpp,projected:perso-arabic,projected:aramaic,projected:bengali,projected:bengali,projected:perso-arabic,projected:gujarati,projected:hebrew,authored,projected:kannada,projected:sharada,projected:malayalam,projected:devanagari,projected:devanagari,projected:oriya,projected:devanagari,projected:perso-arabic,projected:perso-arabic,projected:phoenician,projected:devanagari,projected:gurmukhi,projected:devanagari,projected:perso-arabic,projected:khudawadi,projected:syriac,projected:tamil,projected:telugu,projected:perso-arabic
CPP_SIG_SETMASK,SIG_SETMASK,cpp,romanised:romenagri,romanised:romenagri,,,romanised:romenagri,,romanised:romenagri,,,,,,,,,romanised:romenagri,romanised:romenagri,romanised:romenagri,,,,romanised:romenagri,,romanised:romenagri,,,romanised:romenagri
CPP_SIG_UNBLOCK,SIG_UNBLOCK,cpp,romanised:romenagri,romanised:romenagri,,,romanised:romenagri,,romanised:romenagri,,,,,,,,,romanised:romenagri,romanised:romenagri,romanised:romenagri,,,,romanised:romenagri,,romanised:romenagri,,,romanised:romenagri
CPP_SSIZE_MAX,SSIZE_MAX,cpp,romanised:romenagri,romanised:romenagri,,,romanised:romenagri,,romanised:romenagri,,,,,,,,,romanised:romenagri,romanised:romenagri,romanised:romenagri,,,,romanised:romenagri,,romanised:romenagri,,,romanised:romenagri
CPP_STDERR_FILENO,STDERR_FILENO,cpp,romanised:romenagri,romanised:romenagri,,,romanised:romenagri,,romanised:romenagri,,,,,,,,,romanised:romenagri,romanised:romenagri,romanised:romenagri,,,,romanised:romenagri,,romanised:romenagri,,,romanised:romenagri
CPP_STDIN_FILENO,STDIN_FILENO,cpp,romanised:romenagri,romanised:romenagri,,,romanised:romenagri,,romanised:romenagri,,,,,,,,,romanised:romenagri,romanised:romenagri,romanised:romenagri,,,,romanised:romenagri,,romanised:romenagri,,,romanised:romenagri
CPP_STDOUT_FILENO,STDOUT_FILENO,cpp,romanised:romenagri,romanised:romenagri,,,romanised:romenagri,,romanised:romenagri,,,,,,,,,romanised:romenagri,romanised:romenagri,romanised:romenagri,,,,romanised:romenagri,,romanised:romenagri,,,romanised:romenagri
CPP_STREAM_MAX,STREAM_MAX,cpp,romanised:romenagri,romanised:romenagri,,,romanised:romenagri,,romanised:romenagri,,,,,,,,,romanised:romenagri,romanised:romenagri,romanised:romenagri,,,,romanised:romenagri,,romanised:romenagri,,,romanised:romenagri
CPP_S_IRGRP,S_IRGRP,cpp,romanised:romenagri,romanised:romenagri,,,romanised:romenagri,,romanised:romenagri,,,,,,,,,romanised:romenagri,romanised:romenagri,romanised:romenagri,,,,romanised:romenagri,,romanised:romenagri,,,romanised:romenagri
CPP_S_IROTH,S_IROTH,cpp,romanised:romenagri,romanised:romenagri,,,romanised:romenagri,,romanised:romenagri,,,,,,,,,romanised:romenagri,romanised:romenagri,romanised:romenagri,,,,romanised:romenagri,,romanised:romenagri,,,romanised:romenagri
CPP_S_IRUSR,S_IRUSR,cpp,romanised:romenagri,romanised:romenagri,,,romanised:romenagri,,romanised:romenagri,,,,,,,,,romanised:romenagri,romanised:romenagri,romanised:romenagri,,,,romanised:romenagri,,romanised:romenagri,,,romanised:romenagri
CPP_S_IRWXG,S_IRWXG,cpp,romanised:romenagri,romanised:romenagri,,,romanised:romenagri,,romanised:romenagri,,,,,,,,,romanised:romenagri,romanised:romenagri,romanised:romenagri,,,,romanised:romenagri,,romanised:romenagri,,,romanised:romenagri
CPP_S_IRWXO,S_IRWXO,cpp,romanised:romenagri,romanised:romenagri,,,romanised:romenagri,,romanised:romenagri,,,,,,,,,romanised:romenagri,romanised:romenagri,romanised:romenagri,,,,romanised:romenagri,,romanised:romenagri,,,romanised:romenagri
CPP_S_IRWXU,S_IRWXU,cpp,romanised:romenagri,romanised:romenagri,,,romanised:romenagri,,romanised:romenagri,,,,,,,,,romanised:romenagri,romanised:romenagri,romanised:romenagri,,,,romanised:romenagri,,romanised:romenagri,,,romanised:romenagri
CPP_S_ISBLK,S_ISBLK,cpp,romanised:romenagri,romanised:romenagri,,,romanised:romenagri,,romanised:romenagri,,,,,,,,,romanised:romenagri,romanised:romenagri,romanised:romenagri,,,,romanised:romenagri,,romanised:romenagri,,,romanised:romenagri
CPP_S_ISCHR,S_ISCHR,cpp,romanised:romenagri,romanised:romenagri,,,romanised:romenagri,,romanised:romenagri,,,,,,,,,romanised:romenagri,romanised:romenagri,romanised:romenagri,,,,romanised:romenagri,,romanised:romenagri,,,romanised:romenagri
CPP_S_ISDIR,S_ISDIR,cpp,romanised:romenagri,romanised:romenagri,,,romanised:romenagri,,romanised:romenagri,,,,,,,,,romanised:romenagri,romanised:romenagri,romanised:romenagri,,,,romanised:romenagri,,romanised:romenagri,,,romanised:romenagri
CPP_S_ISFIFO,S_ISFIFO,cpp,romanised:romenagri,romanised:romenagri,,,romanised:romenagri,,romanised:romenagri,,,,,,,,,romanised:romenagri,romanised:romenagri,romanised:romenagri,,,,romanised:romenagri,,romanised:romenagri,,,romanised:romenagri
CPP_S_ISGID,S_ISGID,cpp,romanised:romenagri,romanised:romenagri,,,romanised:romenagri,,romanised:romenagri,,,,,,,,,romanised:romenagri,romanised:romenagri,romanised:romenagri,,,,romanised:romenagri,,romanised:romenagri,,,romanised:romenagri
CPP_S_ISREGSUID,S_ISREGSUID,cpp,romanised:romenagri,romanised:romenagri,,,romanised:romenagri,,romanised:romenagri,,,,,,,,,romanised:romenagri,romanised:romenagri,romanised:romenagri,,,,romanised:romenagri,,romanised:romenagri,,,romanised:romenagri
CPP_S_IWGRP,S_IWGRP,cpp,romanised:romenagri,romanised:romenagri,,,romanised:romenagri,,romanised:romenagri,,,,,,,,,romanised:romenagri,romanised:romenagri,romanised:romenagri,,,,romanised:romenagri,,romanised:romenagri,,,romanised:romenagri
CPP_S_IWOTH,S_IWOTH,cpp,romanised:romenagri,romanised:romenagri,,,romanised:romenagri,,romanised:romenagri,,,,,,,,,romanised:romenagri,romanised:romenagri,romanised:romenagri,,,,romanised:romenagri,,romanised:romenagri,,,romanised:romenagri
CPP_S_IWUSR,S_IWUSR,cpp,romanised:romenagri,romanised:romenagri,,,romanised:romenagri,,romanised:romenagri,,,,,,,,,romanised:romenagri,romanised:romenagri,romanised:romenagri,,,,romanised:romenagri,,romanised:romenagri,,,romanised:romenagri
CPP_S_IXGRP,S_IXGRP,cpp,romanised:romenagri,romanised:romenagri,,,romanised:romenagri,,romanised:romenagri,,,,,,,,,romanised:romenagri,romanised:romenagri,romanised:romenagri,,,,romanised:romenagri,,romanised:romenagri,,,romanised:romenagri
CPP_S_IXOTH,S_IXOTH,cpp,romanised:romenagri,romanised:romenagri,,,romanised:romenagri,,romanised:romenagri,,,,,,,,,romanised:romenagri,romanised:romenagri,romanised:romenagri,,,,romanised:romenagri,,romanised:romenagri,,,romanised:romenagri
CPP_S_IXUSR,S_IXUSR,cpp,romanised:romenagri,romanised:romenagri,,,romanised:romenagri,,romanised:romenagri,,,,,,,,,romanised:romenagri,romanised:romenagri,romanised:romenagri,,,,romanised:romenagri,,romanised:romenagri,,,romanised:romenagri
CPP_SCREENMODE,ScreenMode,cpp,romanised:romenagri,romanised:romenagri,,,romanised:romenagri,,romanised:romenagri,,,,,,,,,romanised:romenagri,romanised:romenagri,romanised:romenagri,,,,romanised:romenagri,,romanised:romenagri,,,romanised:romenagri
CPP_TCIFLUSH,TCIFLUSH,cpp,romanised:romenagri,romanised:romenagri,,,romanised:romenagri,,romanised:romenagri,,,,,,,,,romanised:romenagri,romanised:romenagri,romanised:romenagri,,,,romanised:romenagri,,romanised:romenagri,,,romanised:romenagri
CPP_TCIOFF,TCIOFF,cpp,romanised:romenagri,romanised:romenagri,,,romanised:romenagri,,romanised:romenagri,,,,,,,,,romanised:romenagri,romanised:romenagri,romanised:romenagri,,,,romanised:romenagri,,romanised:romenagri,,,romanised:romenagri
CPP_TCIOFLUSH,TCIOFLUSH,cpp,romanised:romenagri,romanised:romenagri,,,romanised:romenagri,,romanised:romenagri,,,,,,,,,romanised:romenagri,romanised:romenagri,romanised:romenagri,,,,romanised:romenagri,,romanised:romenagri,,,romanised:romenagri
CPP_TCION,TCION,cpp,romanised:romenagri,romanised:romenagri,,,romanised:romenagri,,romanised:romenagri,,,,,,,,,romanised:romenagri,romanised:romenagri,romanised:romenagri,,,,romanised:romenagri,,romanised:romenagri,,,romanised:romenagri
CPP_TCOFF,TCOFF,cpp,romanised:romenagri,romanised:romenagri,,,romanised:romenagri,,romanised:romenagri,,,,,,,,,romanised:romenagri,romanised:romenagri,romanised:romenagri,,,,romanised:romenagri,,romanised:romenagri,,,romanised:romenagri
CPP_TCOFLUSH,TCOFLUSH,cpp,romanised:romenagri,romanised:romenagri,,,romanised:romenagri,,romanised:romenagri,,,,,,,,,romanised:romenagri,romanised:romenagri,romanised:romenagri,,,,romanised:romenagri,,romanised:romenagri,,,romanised:romenagri
CPP_TCOON,TCOON,cpp,romanised:romenagri,romanised:romenagri,,,romanised:romenagri,,romanised:romenagri,,,,,,,,,romanised:romenagri,romanised:romenagri,romanised:romenagri,,,,romanised:romenagri,,romanised:romenagri,,,romanised:romenagri
CPP_TCSADRAIN,TCSADRAIN,cpp,romanised:romenagri,romanised:romenagri,,,romanised:romenagri,,romanised:romenagri,,,,,,,,,romanised:romenagri,romanised:romenagri,romanised:romenagri,,,,romanised:romenagri,,romanised:romenagri,,,romanised:romenagri
CPP_TCSAFLUSH,TCSAFLUSH,cpp,romanised:romenagri,romanised:romenagri,,,romanised:romenagri,,romanised:romenagri,,,,,,,,,romanised:romenagri,romanised:romenagri,romanised:romenagri,,,,romanised:romenagri,,romanised:romenagri,,,romanised:romenagri
CPP_TCSANOW,TCSANOW,cpp,romanised:romenagri,romanised:romenagri,,,romanised:romenagri,,romanised:romenagri,,,,,,,,,romanised:romenagri,romanised:romenagri,romanised:romenagri,,,,romanised:romenagri,,romanised:romenagri,,,romanised:romenagri
CPP_TMP_MAX,TMP_MAX,cpp,projected:perso-arabic,projected:aramaic,projected:bengali,projected:bengali,projected:perso-arabic,projected:gujarati,projected:hebrew,authored,projected:kannada,projected:sharada,projected:malayalam,projected:devanagari,projected:devanagari,projected:oriya,projected:devanagari,projected:perso-arabic,projected:perso-arabic,projected:phoenician,projected:devanagari,projected:gurmukhi,projected:devanagari,projected:perso-arabic,projected:khudawadi,projected:syriac,projected:tamil,projected:telugu,projected:perso-arabic
CPP_TOSTOP,TOSTOP,cpp,romanised:romenagri,romanised:romenagri,,,romanised:romenagri,,romanised:romenagri,,,,,,,,,romanised:romenagri,romanised:romenagri,romanised:romenagri,,,,romanised:romenagri,,romanised:romenagri,,,romanised:romenagri
CPP_TZNAME_MAX,TZNAME_MAX,cpp,romanised:romenagri,romanised:romenagri,,,romanised:romenagri,,romanised:romenagri,,,,,,,,,romanised:romenagri,romanised:romenagri,romanised:romenagri,,,,romanised:romenagri,,romanised:romenagri,,,romanised:romenagri
CPP_UCHAR_MAX,UCHAR_MAX,cpp,projected:perso-arabic,projected:aramaic,projected:bengali,projected:bengali,projected:perso-arabic,projected:gujarati,projected:hebrew,authored,projected:kannada,projected:sharada,projected:malayalam,projected:devanagari,projected:devanagari,projected:oriya,projected:devanagari,projected:perso-arabic,projected:perso-arabic,projected:phoenician,projected:devanagari,projected:gurmukhi,projected:devanagari,projected:perso-arabic,projected:khudawadi,projected:syriac,projected:tamil,projected:telugu,projected:perso-arabic
CPP_UINT_MAX,UINT_MAX,cpp,projected:perso-arabic,projected:aramaic,projected:bengali,projected:bengali,projected:perso-arabic,projected:gujarati,projected:hebrew,authored,projected:kannada,projected:sharada,projected:malayalam,projected:devanagari,projected:devanagari,projected:oriya,projected:devanagari,projected:perso-arabic,projected:perso-arabic,projected:phoenician,projected:devanagari,projected:gurmukhi,projected:devanagari,projected:perso-arabic,projected:khudawadi,projected:syriac,projected:tamil,projected:telugu,projected:perso-arabic
CPP_ULONG_MAX,ULONG_MAX,cpp,projected:perso-arabic,projected:aramaic,projected:bengali,projected:bengali,projected:perso-arabic,projected:gujarati,projected:hebrew,authored,projected:kannada,projected:sharada,projected:malayalam,projected:devanagari,projected:devanagari,projected:oriya,projected:devanagari,projected:perso-arabic,projected:perso-arabic,projected:phoenician,projected:devanagari,projected:gurmukhi,projected:devanagari,projected:perso-arabic,projected:khudawadi,projected:syriac,projected:tamil,projected:telugu,projected:perso-arabic
CPP_USHRT_MAX,USHRT_MAX,cpp,projected:perso-arabic,projected:aramaic,projected:bengali,projected:bengali,projected:perso-arabic,projected:gujarati,projected:hebrew,authored,projected:kannada,projected:sharada,projected:malayalam,projected:devanagari,projected:devanagari,projected:oriya,projected:devanagari,projected:perso-arabic,projected:perso-arabic,projected:phoenician,projected:devanagari,projected:gurmukhi,projected:devanagari,projected:perso-arabic,projected:khudawadi,projected:syriac,projected:tamil,projected:telugu,projected:perso-arabic
CPP_VEOF,VEOF,cpp,romanised:romenagri,romanised:romenagri,,,romanised:romenagri,,romanised:romenagri,,,,,,,,,romanised:romenagri,romanised:romenagri,romanised:romenagri,,,,romanised:romenagri,,romanised:romenagri,,,romanised:romenagri
CPP_VEOL,VEOL,cpp,romanised:romenagri,romanised:romenagri,,,romanised:romenagri,,romanised:romenagri,,,,,,,,,romanised:romenagri,romanised:romenagri,romanised:romenagri,,,,romanised:romenagri,,romanised:romenagri,,,romanised:romenagri
CPP_VERASE,VERASE,cpp,romanised:romenagri,romanised:romenagri,,,romanised:romenagri,,romanised:romenagri,,,,,,,,,romanised:romenagri,romanised:romenagri,romanised:romenagri,,,,romanised:romenagri,,romanised:romenagri,,,romanised:romenagri
CPP_VINTR,VINTR,cpp,romanised:romenagri,romanised:romenagri,,,romanised:romenagri,,romanised:romenagri,,,,,,,,,romanised:romenagri,romanised:romenagri,romanised:romenagri,,,,romanised:romenagri,,romanised:romenagri,,,romanised:romenagri
CPP_VKILL,VKILL,cpp,romanised:romenagri,romanised:romenagri,,,romanised:romenagri,,romanised:romenagri,,,,,,,,,romanised:romenagri,romanised:romenagri,romanised:romenagri,,,,romanised:romenagri,,romanised:romenagri,,,romanised:romenagri
CPP_VMIN,VMIN,cpp,romanised:romenagri,romanised:romenagri,,,romanised:romenagri,,romanised:romenagri,,,,,,,,,romanised:romenagri,romanised:romenagri,romanised:romenagri,,,,romanised:romenagri,,romanised:romenagri,,,romanised:romenagri
CPP_VQUIT,VQUIT,cpp,romanised:romenagri,romanised:romenagri,,,romanised:romenagri,,romanised:romenagri,,,,,,,,,romanised:romenagri,romanised:romenagri,romanised:romenagri,,,,romanised:romenagri,,romanised:romenagri,,,romanised:romenagri
CPP_VSTART,VSTART,cpp,romanised:romenagri,romanised:romenagri,,,romanised:romenagri,,romanised:romenagri,,,,,,,,,romanised:romenagri,romanised:romenagri,romanised:romenagri,,,,romanised:romenagri,,romanised:romenagri,,,romanised:romenagri
CPP_VSTOP,VSTOP,cpp,romanised:romenagri,romanised:romenagri,,,romanised:romenagri,,romanised:romenagri,,,,,,,,,romanised:romenagri,romanised:romenagri,romanised:romenagri,,,,romanised:romenagri,,romanised:romenagri,,,romanised:romenagri
CPP_VSUSP,VSUSP,cpp,romanised:romenagri,romanised:romenagri,,,romanised:romenagri,,romanised:romenagri,,,,,,,,,romanised:romenagri,romanised:romenagri,romanised:romenagri,,,,romanised:romenagri,,romanised:romenagri,,,romanised:romenagri
CPP_VTIME,VTIME,cpp,romanised:romenagri,romanised:romenagri,,,romanised:romenagri,,romanised:romenagri,,,,,,,,,romanised:romenagri,romanised:romenagri,romanised:romenagri,,,,romanised:romenagri,,romanised:romenagri,,,romanised:romenagri
CPP_WEXITSTATUS,WEXITSTATUS,cpp,romanised:romenagri,romanised:romenagri,,,romanised:romenagri,,romanised:romenagri,,,,,,,,,romanised:romenagri,romanised:romenagri,romanised:romenagri,,,,romanised:romenagri,,romanised:romenagri,,,romanised:romenagri
CPP_WIFEXITED,WIFEXITED,cpp,romanised:romenagri,romanised:romenagri,,,romanised:romenagri,,romanised:romenagri,,,,,,,,,romanised:romenagri,romanised:romenagri,romanised:romenagri,,,,romanised:romenagri,,romanised:romenagri,,,romanised:romenagri
CPP_WIFSIGNALED,WIFSIGNALED,cpp,romanised:romenagri,romanised:romenagri,,,romanised:romenagri,,romanised:romenagri,,,,,,,,,romanised:romenagri,romanised:romenagri,romanised:romenagri,,,,romanised:romenagri,,romanised:romenagri,,,romanised:romenagri
CPP_WIFSTOPPED,WIFSTOPPED,cpp,romanised:romenagri,romanised:romenagri,,,romanised:romenagri,,romanised:romenagri,,,,,,,,,romanised:romenagri,romanised:romenagri,romanised:romenagri,,,,romanised:romenagri,,romanised:romenagri,,,romanised:romenagri
CPP_WNOHANG,WNOHANG,cpp,romanised:romenagri,romanised:romenagri,,,romanised:romenagri,,romanised:romenagri,,,,,,,,,romanised:romenagri,romanised:romenagri,romanised:romenagri,,,,romanised:romenagri,,romanised:romenagri,,,romanised:romenagri
CPP_WSTOPSIG,WSTOPSIG,cpp,romanised:romenagri,romanised:romenagri,,,romanised:romenagri,,romanised:romenagri,,,,,,,,,romanised:romenagri,romanised:romenagri,romanised:romenagri,,,,romanised:romenagri,,romanised:romenagri,,,romanised:romenagri
CPP_WTERMSIG,WTERMSIG,cpp,romanised:romenagri,romanised:romenagri,,,romanised:romenagri,,romanised:romenagri,,,,,,,,,romanised:romenagri,romanised:romenagri,romanised:romenagri,,,,romanised:romenagri,,romanised:romenagri,,,romanised:romenagri
CPP_WUNTRACED,WUNTRACED,cpp,romanised:romenagri,romanised:romenagri,,,romanised:romenagri,,romanised:romenagri,,,,,,,,,romanised:romenagri,romanised:romenagri,romanised:romenagri,,,,romanised:romenagri,,romanised:romenagri,,,romanised:romenagri
CPP_W_OK,W_OK,cpp,romanised:romenagri,romanised:romenagri,,,romanised:romenagri,,romanised:romenagri,,,,,,,,,romanised:romenagri,romanised:romenagri,romanised:romenagri,,,,romanised:romenagri,,romanised:romenagri,,,romanised:romenagri
CPP_X_OK,X_OK,cpp,romanised:romenagri,romanised:romenagri,,,romanised:romenagri,,romanised:romenagri,,,,,,,,,romanised:romenagri,romanised:romenagri,romanised:romenagri,,,,romanised:romenagri,,romanised:romenagri,,,romanised:romenagri
CPP__,[,cpp,romanised:romenagri,romanised:romenagri,,,romanised:romenagri,,romanised:romenagri,,,,,,,,,romanised:romenagri,romanised:romenagri,romanised:romenagri,,,,romanised:romenagri,,romanised:romenagri,,,romanised:romenagri
CPP___,[],cpp,romanised:romenagri,romanised:romenagri,,,romanised:romenagri,,romanised:romenagri,,,,,,,,,romanised:romenagri,romanised:romenagri,romanised:romenagri,,,,romanised:romenagri,,romanised:romenagri,,,romanised:romenagri
CPP___,\\,cpp,romanised:romenagri,romanised:romenagri,,,romanised:romenagri,,romanised:romenagri,,,,,,,,,romanised:romenagri,romanised:romenagri,romanised:romenagri,,,,romanised:romenagri,,romanised:romenagri,,,romanised:romenagri
CPP_____,\\\',cpp,romanised:romenagri,romanised:romenagri,,,romanised:romenagri,,romanised:romenagri,,,,,,,,,romanised:romenagri,romanised:romenagri,romanised:romenagri,,,,romanised:romenagri,,romanised:romenagri,,,romanised:romenagri
CPP_____,\\\?,cpp,romanised:romenagri,romanised:romenagri,,,romanised:romenagri,,romanised:romenagri,,,,,,,,,romanised:romenagri,romanised:romenagri,romanised:romenagri,,,,romanised:romenagri,,romanised:romenagri,,,romanised:romenagri
CPP_____,\\\\,cpp,romanised:romenagri,romanised:romenagri,,,romanised:romenagri,,romanised:romenagri,,,,,,,,,romanised:romenagri,romanised:romenagri,romanised:romenagri,,,,romanised:romenagri,,romanised:romenagri,,,romanised:romenagri
CPP__,],cpp,romanised:romenagri,romanised:romenagri,,,romanised:romenagri,,romanised:romenagri,,,,,,,,,romanised:romenagri,romanised:romenagri,romanised:romenagri,,,,romanised:romenagri,,romanised:romenagri,,,romanised:romenagri
CPP__,^,cpp,romanised:romenagri,romanised:romenagri,,,romanised:romenagri,,romanised:romenagri,,,,,,,,,romanised:romenagri,romanised:romenagri,romanised:romenagri,,,,romanised:romenagri,,romanised:romenagri,,,romanised:romenagri
CPP___,^=,cpp,romanised:romenagri,romanised:romenagri,,,romanised:romenagri,,romanised:romenagri,,,,,,,,,romanised:romenagri,romanised:romenagri,romanised:romenagri,,,,romanised:romenagri,,romanised:romenagri,,,romanised:romenagri
CPP__8087,_8087,cpp,romanised:romenagri,romanised:romenagri,,,romanised:romenagri,,romanised:romenagri,,,,,,,,,romanised:romenagri,romanised:romenagri,romanised:romenagri,,,,romanised:romenagri,,romanised:romenagri,,,romanised:romenagri
CPP__IOFBF,_IOFBF,cpp,romanised:romenagri,romanised:romenagri,,,romanised:romenagri,,romanised:romenagri,,,,,,,,,romanised:romenagri,romanised:romenagri,romanised:romenagri,,,,romanised:romenagri,,romanised:romenagri,,,romanised:romenagri
CPP__IOLBF,_IOLBF,cpp,romanised:romenagri,romanised:romenagri,,,romanised:romenagri,,romanised:romenagri,,,,,,,,,romanised:romenagri,romanised:romenagri,romanised:romenagri,,,,romanised:romenagri,,romanised:romenagri,,,romanised:romenagri
CPP__IONBF,_IONBF,cpp,romanised:romenagri,romanised:romenagri,,,romanised:romenagri,,romanised:romenagri,,,,,,,,,romanised:romenagri,romanised:romenagri,romanised:romenagri,,,,romanised:romenagri,,romanised:romenagri,,,romanised:romenagri
CPP__PC_CHOWN_RESTRICTED,_PC_CHOWN_RESTRICTED,cpp,romanised:romenagri,romanised:romenagri,,,romanised:romenagri,,romanised:romenagri,,,,,,,,,romanised:romenagri,romanised:romenagri,romanised:romenagri,,,,romanised:romenagri,,romanised:romenagri,,,romanised:romenagri
CPP__PC_MAX_CANON,_PC_MAX_CANON,cpp,romanised:romenagri,romanised:romenagri,,,romanised:romenagri,,romanised:romenagri,,,,,,,,,romanised:romenagri,romanised:romenagri,romanised:romenagri,,,,romanised:romenagri,,romanised:romenagri,,,romanised:romenagri
CPP__PC_MAX_INPUT,_PC_MAX_INPUT,cpp,romanised:romenagri,romanised:romenagri,,,romanised:romenagri,,romanised:romenagri,,,,,,,,,romanised:romenagri,romanised:romenagri,romanised:romenagri,,,,romanised:romenagri,,romanised:romenagri,,,romanised:romenagri
CPP__PC_NAME_MAX,_PC_NAME_MAX,cpp,romanised:romenagri,romanised:romenagri,,,romanised:romenagri,,romanised:romenagri,,,,,,,,,romanised:romenagri,romanised:romenagri,romanised:romenagri,,,,romanised:romenagri,,romanised:romenagri,,,romanised:romenagri
CPP__PC_NO_TRUNC,_PC_NO_TRUNC,cpp,romanised:romenagri,romanised:romenagri,,,romanised:romenagri,,romanised:romenagri,,,,,,,,,romanised:romenagri,romanised:romenagri,romanised:romenagri,,,,romanised:romenagri,,romanised:romenagri,,,romanised:romenagri
CPP__PC_PATH_MAX,_PC_PATH_MAX,cpp,romanised:romenagri,romanised:romenagri,,,romanised:romenagri,,romanised:romenagri,,,,,,,,,romanised:romenagri,romanised:romenagri,romanised:romenagri,,,,romanised:romenagri,,romanised:romenagri,,,romanised:romenagri
CPP__PC_PIPE_BUF,_PC_PIPE_BUF,cpp,romanised:romenagri,romanised:romenagri,,,romanised:romenagri,,romanised:romenagri,,,,,,,,,romanised:romenagri,romanised:romenagri,romanised:romenagri,,,,romanised:romenagri,,romanised:romenagri,,,romanised:romenagri
CPP__PC_VDISABLE,_PC_VDISABLE,cpp,romanised:romenagri,romanised:romenagri,,,romanised:romenagri,,romanised:romenagri,,,,,,,,,romanised:romenagri,romanised:romenagri,romanised:romenagri,,,,romanised:romenagri,,romanised:romenagri,,,romanised:romenagri
CPP__POSIX_ARG_MAX,_POSIX_ARG_MAX,cpp,romanised:romenagri,romanised:romenagri,,,romanised:romenagri,,romanised:romenagri,,,,,,,,,romanised:romenagri,romanised:romenagri,romanised:romenagri,,,,romanised:romenagri,,romanised:romenagri,,,romanised:romenagri
CPP__POSIX_CHILD_MAX,_POSIX_CHILD_MAX,cpp,romanised:romenagri,romanised:romenagri,,,romanised:romenagri,,romanised:romenagri,,,,,,,,,romanised:romenagri,romanised:romenagri,romanised:romenagri,,,,romanised:romenagri,,romanised:romenagri,,,romanised:romenagri
CPP__POSIX_CHOWN_RESTRICTED,_POSIX_CHOWN_RESTRICTED,cpp,romanised:romenagri,romanised:romenagri,,,romanised:romenagri,,romanised:romenagri,,,,,,,,,romanised:romenagri,romanised:romenagri,romanised:romenagri,,,,romanised:romenagri,,romanised:romenagri,,,romanised:romenagri
CPP__POSIX_JOB_CONTROL,_POSIX_JOB_CONTROL,cpp,romanised:romenagri,romanised:romenagri,,,romanised:romenagri,,romanised:romenagri,,,,,,,,,romanised:romenagri,romanised:romenagri,romanised:romenagri,,,,romanised:romenagri,,romanised:romenagri,,,romanised:romenagri
CPP__POSIX_LINK_MAX,_POSIX_LINK_MAX,cpp,romanised:romenagri,romanised:romenagri,,,romanised:romenagri,,romanised:romenagri,,,,,,,,,romanised:romenagri,romanised:romenagri,romanised:romenagri,,,,romanised:romenagri,,romanised:romenagri,,,romanised:romenagri
CPP__POSIX_MAX_CANON,_POSIX_MAX_CANON,cpp,romanised:romenagri,romanised:romenagri,,,romanised:romenagri,,romanised:romenagri,,,,,,,,,romanised:romenagri,romanised:romenagri,romanised:romenagri,,,,romanised:romenagri,,romanised:romenagri,,,romanised:romenagri
CPP__POSIX_MAX_INPUT,_POSIX_MAX_INPUT,cpp,romanised:romenagri,romanised:romenagri,,,romanised:romenagri,,romanised:romenagri,,,,,,,,,romanised:romenagri,romanised:romenagri,romanised:romenagri,,,,romanised:romenagri,,romanised:romenagri,,,romanised:romenagri
CPP__POSIX_NAME_MAX,_POSIX_NAME_MAX,cpp,romanised:romenagri,romanised:romenagri,,,romanised:romenagri,,romanised:romenagri,,,,,,,,,romanised:romenagri,romanised:romenagri,romanised:romenagri,,,,romanised:romenagri,,romanised:romenagri,,,romanised:romenagri
CPP__POSIX_NGROUPS_MAX,_POSIX_NGROUPS_MAX,cpp,romanised:romenagri,romanised:romenagri,,,romanised:romenagri,,romanised:romenagri,,,,,,,,,romanised:romenagri,romanised:romenagri,romanised:romenagri,,,,romanised:romenagri,,romanised:romenagri,,,romanised:romenagri
CPP__POSIX_NO_TRUNC,_POSIX_NO_TRUNC,cpp,romanised:romenagri,romanised:romenagri,,,romanised:romenagri,,romanised:romenagri,,,,,,,,,romanised:romenagri,romanised:romenagri,romanised:romenagri,,,,romanised:romenagri,,romanised:romenagri,,,romanised:romenagri
CPP__POSIX_OPEN_MAX,_POSIX_OPEN_MAX,cpp,romanised:romenagri,romanised:romenagri,,,romanised:romenagri,,romanised:romenagri,,,,,,,,,romanised:romenagri,romanised:romenagri,romanised:romenagri,,,,romanised:romenagri,,romanised:romenagri,,,romanised:romenagri
CPP__POSIX_PATH_MAX,_POSIX_PATH_MAX,cpp,romanised:romenagri,romanised:romenagri,,,romanised:romenagri,,romanised:romenagri,,,,,,,,,romanised:romenagri,romanised:romenagri,romanised:romenagri,,,,romanised:romenagri,,romanised:romenagri,,,romanised:romenagri
CPP__POSIX_SAVED_IDS,_POSIX_SAVED_IDS,cpp,romanised:romenagri,romanised:romenagri,,,romanised:romenagri,,romanised:romenagri,,,,,,,,,romanised:romenagri,romanised:romenagri,romanised:romenagri,,,,romanised:romenagri,,romanised:romenagri,,,romanised:romenagri
CPP__POSIX_SSIZE_MAX,_POSIX_SSIZE_MAX,cpp,romanised:romenagri,romanised:romenagri,,,romanised:romenagri,,romanised:romenagri,,,,,,,,,romanised:romenagri,romanised:romenagri,romanised:romenagri,,,,romanised:romenagri,,romanised:romenagri,,,romanised:romenagri
CPP__POSIX_STREAM_MAX,_POSIX_STREAM_MAX,cpp,romanised:romenagri,romanised:romenagri,,,romanised:romenagri,,romanised:romenagri,,,,,,,,,romanised:romenagri,romanised:romenagri,romanised:romenagri,,,,romanised:romenagri,,romanised:romenagri,,,romanised:romenagri
CPP__POSIX_TZNAME_MAX,_POSIX_TZNAME_MAX,cpp,romanised:romenagri,romanised:romenagri,,,romanised:romenagri,,romanised:romenagri,,,,,,,,,romanised:romenagri,romanised:romenagri,romanised:romenagri,,,,romanised:romenagri,,romanised:romenagri,,,romanised:romenagri
CPP__POSIX_VDISABLE,_POSIX_VDISABLE,cpp,romanised:romenagri,romanised:romenagri,,,romanised:romenagri,,romanised:romenagri,,,,,,,,,romanised:romenagri,romanised:romenagri,romanised:romenagri,,,,romanised:romenagri,,romanised:romenagri,,,romanised:romenagri
CPP__POSIX_VERSION,_POSIX_VERSION,cpp,romanised:romenagri,romanised:romenagri,,,romanised:romenagri,,romanised:romenagri,,,,,,,,,romanised:romenagri,romanised:romenagri,romanised:romenagri,,,,romanised:romenagri,,romanised:romenagri,,,romanised:romenagri
CPP__SC_ARG_MAX,_SC_ARG_MAX,cpp,romanised:romenagri,romanised:romenagri,,,romanised:romenagri,,romanised:romenagri,,,,,,,,,romanised:romenagri,romanised:romenagri,romanised:romenagri,,,,romanised:romenagri,,romanised:romenagri,,,romanised:romenagri
CPP__SC_CHILD_MAX,_SC_CHILD_MAX,cpp,romanised:romenagri,romanised:romenagri,,,romanised:romenagri,,romanised:romenagri,,,,,,,,,romanised:romenagri,romanised:romenagri,romanised:romenagri,,,,romanised:romenagri,,romanised:romenagri,,,romanised:romenagri
CPP__SC_CLK_TCK,_SC_CLK_TCK,cpp,romanised:romenagri,romanised:romenagri,,,romanised:romenagri,,romanised:romenagri,,,,,,,,,romanised:romenagri,romanised:romenagri,romanised:romenagri,,,,romanised:romenagri,,romanised:romenagri,,,romanised:romenagri
CPP__SC_JOB_CONTROL,_SC_JOB_CONTROL,cpp,romanised:romenagri,romanised:romenagri,,,romanised:romenagri,,romanised:romenagri,,,,,,,,,romanised:romenagri,romanised:romenagri,romanised:romenagri,,,,romanised:romenagri,,romanised:romenagri,,,romanised:romenagri
CPP__SC_NGROUPS_MAX,_SC_NGROUPS_MAX,cpp,romanised:romenagri,romanised:romenagri,,,romanised:romenagri,,romanised:romenagri,,,,,,,,,romanised:romenagri,romanised:romenagri,romanised:romenagri,,,,romanised:romenagri,,romanised:romenagri,,,romanised:romenagri
CPP__SC_OPEN_MAX,_SC_OPEN_MAX,cpp,romanised:romenagri,romanised:romenagri,,,romanised:romenagri,,romanised:romenagri,,,,,,,,,romanised:romenagri,romanised:romenagri,romanised:romenagri,,,,romanised:romenagri,,romanised:romenagri,,,romanised:romenagri
CPP__SC_SAVED_IDS,_SC_SAVED_IDS,cpp,romanised:romenagri,romanised:romenagri,,,romanised:romenagri,,romanised:romenagri,,,,,,,,,romanised:romenagri,romanised:romenagri,romanised:romenagri,,,,romanised:romenagri,,romanised:romenagri,,,romanised:romenagri
CPP__SC_STREAM_MAX,_SC_STREAM_MAX,cpp,romanised:romenagri,romanised:romenagri,,,romanised:romenagri,,romanised:romenagri,,,,,,,,,romanised:romenagri,romanised:romenagri,romanised:romenagri,,,,romanised:romenagri,,romanised:romenagri,,,romanised:romenagri
CPP__SC_TZNAME_MAX,_SC_TZNAME_MAX,cpp,romanised:romenagri,romanised:romenagri,,,romanised:romenagri,,romanised:romenagri,,,,,,,,,romanised:romenagri,romanised:romenagri,romanised:romenagri,,,,romanised:romenagri,,romanised:romenagri,,,romanised:romenagri
CPP__SC_VERSION,_SC_VERSION,cpp,romanised:romenagri,romanised:romenagri,,,romanised:romenagri,,romanised:romenagri,,,,,,,,,romanised:romenagri,romanised:romenagri,romanised:romenagri,,,,romanised:romenagri,,romanised:romenagri,,,romanised:romenagri
CPP___DATE__,__DATE__,cpp,projected:perso-arabic,projected:aramaic,projected:bengali,projected:bengali,projected:perso-arabic,projected:gujarati,projected:hebrew,authored,projected:kannada,projected:sharada,projected:malayalam,projected:devanagari,projected:devanagari,projected:oriya,projected:devanagari,projected:perso-arabic,projected:perso-arabic,projected:phoenician,projected:devanagari,projected:gurmukhi,projected:devanagari,projected:perso-arabic,projected:khudawadi,projected:syriac,projected:tamil,projected:telugu,projected:perso-arabic
CPP___FILE__,__FILE__,cpp,projected:perso-arabic,projected:aramaic,projected:bengali,projected:bengali,projected:perso-arabic,projected:gujarati,projected:hebrew,authored,projected:kannada,projected:sharada,projected:malayalam,projected:devanagari,projected:devanagari,projected:oriya,projected:devanagari,projected:perso-arabic,projected:perso-arabic,projected:phoenician,projected:devanagari,projected:gurmukhi,projected:devanagari,projected:perso-arabic,projected:khudawadi,projected:syriac,projected:tamil,projected:telugu,projected:perso-arabic
CPP___FPCE_IEEE__,__FPCE_IEEE__,cpp,romanised:romenagri,romanised:romenagri,,,romanised:romenagri,,romanised:romenagri,,,,,,,,,romanised:romenagri,romanised:romenagri,romanised:romenagri,,,,romanised:romenagri,,romanised:romenagri,,,romanised:romenagri
CPP___FPCE__,__FPCE__,cpp,romanised:romenagri,romanised:romenagri,,,romanised:romenagri,,romanised:romenagri,,,,,,,,,romanised:romenagri,romanised:romenagri,romanised:romenagri,,,,romanised:romenagri,,romanised:romenagri,,,romanised:romenagri
CPP___LINE__,__LINE__,cpp,projected:perso-arabic,projected:aramaic,projected:bengali,projected:bengali,projected:perso-arabic,projected:gujarati,projected:hebrew,authored,projected:kannada,projected:sharada,projected:malayalam,projected:devanagari,projected:devanagari,projected:oriya,projected:devanagari,projected:perso-arabic,projected:perso-arabic,projected:phoenician,projected:devanagari,projected:gurmukhi,projected:devanagari,projected:perso-arabic,projected:khudawadi,projected:syriac,projected:tamil,projected:telugu,projected:perso-arabic
CPP___STDC__,__STDC__,cpp,projected:perso-arabic,projected:aramaic,projected:bengali,projected:bengali,projected:perso-arabic,projected:gujarati,projected:hebrew,authored,projected:kannada,projected:sharada,projected:malayalam,projected:devanagari,projected:devanagari,projected:oriya,projected:devanagari,projected:perso-arabic,projected:perso-arabic,projected:phoenician,projected:devanagari,projected:gurmukhi,projected:devanagari,projected:perso-arabic,projected:khudawadi,projected:syriac,projected:tamil,projected:telugu,projected:perso-arabic
CPP___TIME__,__TIME__,cpp,projected:perso-arabic,projected:aramaic,projected:bengali,projected:bengali,projected:perso-arabic,projected:gujarati,projected:hebrew,authored,projected:kannada,projected:sharada,projected:malayalam,projected:devanagari,projected:devanagari,projected:oriya,projected:devanagari,projected:perso-arabic,projected:perso-arabic,projected:phoenician,projected:devanagari,projected:gurmukhi,projected:devanagari,projected:perso-arabic,projected:khudawadi,projected:syriac,projected:tamil,projected:telugu,projected:perso-arabic
CPP__ATOLD,_atold,cpp,romanised:romenagri,romanised:romenagri,,,romanised:romenagri,,romanised:romenagri,,,,,,,,,romanised:romenagri,romanised:romenagri,romanised:romenagri,,,,romanised:romenagri,,romanised:romenagri,,,romanised:romenagri
CPP__EXIT,_exit,cpp,projected:perso-arabic,projected:aramaic,projected:bengali,projected:bengali,projected:perso-arabic,projected:gujarati,projected:hebrew,authored,projected:kannada,projected:sharada,projected:malayalam,projected:devanagari,projected:devanagari,projected:oriya,projected:devanagari,projected:perso-arabic,projected:perso-arabic,projected:phoenician,projected:devanagari,projected:gurmukhi,projected:devanagari,projected:perso-arabic,projected:khudawadi,projected:syriac,projected:tamil,projected:telugu,projected:perso-arabic
CPP__STKLEN,_stklen,cpp,romanised:romenagri,romanised:romenagri,,,romanised:romenagri,,romanised:romenagri,,,,,,,,,romanised:romenagri,romanised:romenagri,romanised:romenagri,,,,romanised:romenagri,,romanised:romenagri,,,romanised:romenagri
CPP_ABORT,abort,cpp,projected:perso-arabic,projected:aramaic,projected:bengali,projected:bengali,projected:perso-arabic,projected:gujarati,projected:hebrew,authored,projected:kannada,projected:sharada,projected:malayalam,projected:devanagari,projected:devanagari,projected:oriya,projected:devanagari,projected:perso-arabic,projected:perso-arabic,projected:phoenician,projected:devanagari,projected:gurmukhi,projected:devanagari,projected:perso-arabic,projected:khudawadi,projected:syriac,projected:tamil,projected:telugu,projected:perso-arabic
CPP_ABS,abs,cpp,projected:perso-arabic,projected:aramaic,projected:bengali,projected:bengali,projected:perso-arabic,projected:gujarati,projected:hebrew,authored,projected:kannada,projected:sharada,projected:malayalam,projected:devanagari,projected:devanagari,projected:oriya,projected:devanagari,projected:perso-arabic,projected:perso-arabic,projected:phoenician,projected:devanagari,projected:gurmukhi,projected:devanagari,projected:perso-arabic,projected:khudawadi,projected:syriac,projected:tamil,projected:telugu,projected:perso-arabic
CPP_ACCESS,access,cpp,romanised:romenagri,romanised:romenagri,,,romanised:romenagri,,romanised:romenagri,,,,,,,,,romanised:romenagri,romanised:romenagri,romanised:romenagri,,,,romanised:romenagri,,romanised:romenagri,,,romanised:romenagri
CPP_ACOS,acos,cpp,romanised:romenagri,romanised:romenagri,,,romanised:romenagri,,romanised:romenagri,,,,,,,,,romanised:romenagri,romanised:romenagri,romanised:romenagri,,,,romanised:romenagri,,romanised:romenagri,,,romanised:romenagri
CPP_ALARM,alarm,cpp,romanised:romenagri,romanised:romenagri,,,romanised:romenagri,,romanised:romenagri,,,,,,,,,romanised:romenagri,romanised:romenagri,romanised:romenagri,,,,romanised:romenagri,,romanised:romenagri,,,romanised:romenagri
CPP_ALLOCA,alloca,cpp,romanised:romenagri,romanised:romenagri,,,romanised:romenagri,,romanised:romenagri,,,,,,,,,romanised:romenagri,romanised:romenagri,romanised:romenagri,,,,romanised:romenagri,,romanised:romenagri,,,romanised:romenagri
CPP_ASCTIME,asctime,cpp,projected:perso-arabic,projected:aramaic,projected:bengali,projected:bengali,projected:perso-arabic,projected:gujarati,projected:hebrew,authored,projected:kannada,projected:sharada,projected:malayalam,projected:devanagari,projected:devanagari,projected:oriya,projected:devanagari,projected:perso-arabic,projected:perso-arabic,projected:phoenician,projected:devanagari,projected:gurmukhi,projected:devanagari,projected:perso-arabic,projected:khudawadi,projected:syriac,projected:tamil,projected:telugu,projected:perso-arabic
CPP_ASIN,asin,cpp,romanised:romenagri,romanised:romenagri,,,romanised:romenagri,,romanised:romenagri,,,,,,,,,romanised:romenagri,romanised:romenagri,romanised:romenagri,,,,romanised:romenagri,,romanised:romenagri,,,romanised:romenagri
CPP_ASM,asm,cpp,projected:perso-arabic,projected:aramaic,projected:bengali,projected:bengali,projected:perso-arabic,projected:gujarati,projected:hebrew,authored,projected:kannada,projected:sharada,projected:malayalam,projected:devanagari,projected:devanagari,projected:oriya,projected:devanagari,projected:perso-arabic,projected:perso-arabic,projected:phoenician,projected:devanagari,projected:gurmukhi,projected:devanagari,projected:perso-arabic,projected:khudawadi,projected:syriac,projected:tamil,projected:telugu,projected:perso-arabic
CPP_ASSERT,assert,cpp,projected:perso-arabic,projected:aramaic,projected:bengali,projected:bengali,projected:perso-arabic,projected:gujarati,projected:hebrew,authored,projected:kannada,projected:sharada,projected:malayalam,projected:devanagari,projected:devanagari,projected:oriya,projected:devanagari,projected:perso-arabic,projected:perso-arabic,projected:phoenician,projected:devanagari,projected:gurmukhi,projected:devanagari,projected:perso-arabic,projected:khudawadi,projected:syriac,projected:tamil,projected:telugu,projected:perso-arabic
CPP_ATAN,atan,cpp,romanised:romenagri,romanised:romenagri,,,romanised:romenagri,,romanised:romenagri,,,,,,,,,romanised:romenagri,romanised:romenagri,romanised:romenagri,,,,romanised:romenagri,,romanised:romenagri,,,romanised:romenagri
CPP_ATAN2,atan2,cpp,romanised:romenagri,romanised:romenagri,,,romanised:romenagri,,romanised:romenagri,,,,,,,,,romanised:romenagri,romanised:romenagri,romanised:romenagri,,,,romanised:romenagri,,romanised:romenagri,,,romanised:romenagri
CPP_ATEXIT,atexit,cpp,projected:perso-arabic,projected:aramaic,projected:bengali,projected:bengali,projected:perso-arabic,projected:gujarati,projected:hebrew,authored,projected:kannada,projected:sharada,projected:malayalam,projected:devanagari,projected:devanagari,projected:oriya,projected:devanagari,projected:perso-arabic,projected:perso-arabic,projected:phoenician,projected:devanagari,projected:gurmukhi,projected:devanagari,projected:perso-arabic,projected:khudawadi,projected:syriac,projected:tamil,projected:telugu,projected:perso-arabic
CPP_ATOF,atof,cpp,projected:perso-arabic,projected:aramaic,projected:bengali,projected:bengali,projected:perso-arabic,projected:gujarati,projected:hebrew,authored,projected:kannada,projected:sharada,projected:malayalam,projected:devanagari,projected:devanagari,projected:oriya,projected:devanagari,projected:perso-arabic,projected:perso-arabic,projected:phoenician,projected:devanagari,projected:gurmukhi,projected:devanagari,projected:perso-arabic,projected:khudawadi,projected:syriac,projected:tamil,projected:telugu,projected:perso-arabic
CPP_ATOI,atoi,cpp,projected:perso-arabic,projected:aramaic,projected:bengali,projected:bengali,projected:perso-arabic,projected:gujarati,projected:hebrew,authored,projected:kannada,projected:sharada,projected:malayalam,projected:devanagari,projected:devanagari,projected:oriya,projected:devanagari,projected:perso-arabic,projected:perso-arabic,projected:phoenician,projected:devanagari,projected:gurmukhi,projected:devanagari,projected:perso-arabic,projected:khudawadi,projected:syriac,projected:tamil,projected:telugu,projected:perso-arabic
CPP_ATOL,atol,cpp,projected:perso-arabic,projected:aramaic,projected:bengali,projected:bengali,projected:perso-arabic,projected:gujarati,projected:hebrew,authored,projected:kannada,projected:sharada,projected:malayalam,projected:devanagari,projected:devanagari,projected:oriya,projected:devanagari,projected:perso-arabic,projected:perso-arabic,projected:phoenician,projected:devanagari,projected:gurmukhi,projected:devanagari,projected:perso-arabic,projected:khudawadi,projected:syriac,projected:tamil,projected:telugu,projected:perso-arabic
CPP_AUTO,auto,cpp,projected:perso-arabic,projected:aramaic,projected:bengali,projected:bengali,projected:perso-arabic,projected:gujarati,projected:hebrew,authored,projected:kannada,projected:sharada,projected:malayalam,projected:devanagari,projected:devanagari,projected:oriya,projected:devanagari,projected:perso-arabic,projected:perso-arabic,projected:phoenician,projected:devanagari,projected:gurmukhi,projected:devanagari,projected:perso-arabic,projected:khudawadi,projected:syriac,projected:tamil,projected:telugu,projected:perso-arabic
CPP_BASENAME,basename,cpp,romanised:romenagri,romanised:romenagri,,,romanised:romenagri,,romanised:romenagri,,,,,,,,,romanised:romenagri,romanised:romenagri,romanised:romenagri,,,,romanised:romenagri,,romanised:romenagri,,,romanised:romenagri
CPP_BREAK,break,cpp,authored,authored,authored,authored,authored,authored,authored,authored,authored,authored,authored,authored,authored,authored,authored,authored,authored,authored,authored,authored,authored,authored,authored,authored,authored,authored,authored
CPP_BRK,brk,cpp,romanised:romenagri,romanised:romenagri,,,romanised:romenagri,,romanised:romenagri,,,,,,,,,romanised:romenagri,romanised:romenagri,romanised:romenagri,,,,romanised:romenagri,,romanised:romenagri,,,romanised:romenagri
CPP_BSEARCH,bsearch,cpp,projected:perso-arabic,projected:aramaic,projected:bengali,projected:bengali,projected:perso-arabic,projected:gujarati,projected:hebrew,authored,projected:kannada,projected:sharada,projected:malayalam,projected:devanagari,projected:devanagari,projected:oriya,projected:devanagari,projected:perso-arabic,projected:perso-arabic,projected:phoenician,projected:devanagari,projected:gurmukhi,projected:devanagari,projected:perso-arabic,projected:khudawadi,projected:syriac,projected:tamil,projected:telugu,projected:perso-arabic
CPP_CALLOC,calloc,cpp,projected:perso-arabic,projected:aramaic,projected:bengali,projected:bengali,projected:perso-arabic,projected:gujarati,projected:hebrew,authored,projected:kannada,projected:sharada,projected:malayalam,projected:devanagari,projected:devanagari,projected:oriya,projected:devanagari,projected:perso-arabic,projected:perso-arabic,projected:phoenician,projected:devanagari,projected:gurmukhi,projected:devanagari,projected:perso-arabic,projected:khudawadi,projected:syriac,projected:tamil,projected:telugu,projected:perso-arabic
CPP_CASE,case,cpp,authored,authored,authored,authored,authored,authored,authored,authored,authored,authored,authored,authored,authored,authored,authored,authored,authored,authored,authored,authored,authored,authored,authored,authored,authored,authored,authored
CPP_CATCH,catch,cpp,projected:perso-arabic,projected:aramaic,projected:bengali,projected:bengali,projected:perso-arabic,projected:gujarati,projected:hebrew,authored,projected:kannada,projected:sharada,projected:malayalam,projected:devanagari,projected:devanagari,projected:oriya,projected:devanagari,projected:perso-arabic,projected:perso-arabic,projected:phoenician,projected:devanagari,projected:gurmukhi,projected:devanagari,projected:perso-arabic,projected:khudawadi,projected:syriac,projected:tamil,projected:telugu,projected:perso-arabic
CPP_CC_T,cc_t,cpp,romanised:romenagri,romanised:romenagri,,,romanised:romenagri,,romanised:romenagri,,,,,,,,,romanised:romenagri,romanised:romenagri,romanised:romenagri,,,,romanised:romenagri,,romanised:romenagri,,,romanised:romenagri
CPP_CEIL,ceil,cpp,projected:perso-arabic,projected:aramaic,projected:bengali,projected:bengali,projected:perso-arabic,projected:gujarati,projected:hebrew,authored,projected:kannada,projected:sharada,projected:malayalam,projected:devanagari,projected:devanagari,projected:oriya,projected:devanagari,projected:perso-arabic,projected:perso-arabic,projected:phoenician,projected:devanagari,projected:gurmukhi,projected:devanagari,projected:perso-arabic,projected:khudawadi,projected:syriac,projected:tamil,projected:telugu,projected:perso-arabic
CPP_CFGETISPEED,cfgetispeed,cpp,romanised:romenagri,romanised:romenagri,,,romanised:romenagri,,romanised:romenagri,,,,,,,,,romanised:romenagri,romanised:romenagri,romanised:romenagri,,,,romanised:romenagri,,romanised:romenagri,,,romanised:romenagri
CPP_CFGETOSPEED,cfgetospeed,cpp,romanised:romenagri,romanised:romenagri,,,romanised:romenagri,,romanised:romenagri,,,,,,,,,romanised:romenagri,romanised:romenagri,romanised:romenagri,,,,romanised:romenagri,,romanised:romenagri,,,romanised:romenagri
CPP_CFSETISPEED,cfsetispeed,cpp,romanised:romenagri,romanised:romenagri,,,romanised:romenagri,,romanised:romenagri,,,,,,,,,romanised:romenagri,romanised:romenagri,romanised:romenagri,,,,romanised:romenagri,,romanised:romenagri,,,romanised:romenagri
CPP_CFSETOSPEED,cfsetospeed,cpp,romanised:romenagri,romanised:romenagri,,,romanised:romenagri,,romanised:romenagri,,,,,,,,,romanised:romenagri,romanised:romenagri,romanised:romenagri,,,,romanised:romenagri,,romanised:romenagri,,,romanised:romenagri
CPP_CHAR,char,cpp,authored,authored,authored,authored,authored,authored,authored,authored,authored,authored,authored,authored,authored,authored,authored,authored,authored,authored,authored,authored,authored,authored,authored,authored,authored,authored,authored
CPP_CHDIR,chdir,cpp,projected:perso-arabic,projected:aramaic,projected:bengali,projected:bengali,projected:perso-arabic,projected:gujarati,projected:hebrew,authored,projected:kannada,projected:sharada,projected:malayalam,projected:devanagari,projected:devanagari,projected:oriya,projected:devanagari,projected:perso-arabic,projected:perso-arabic,projected:phoenician,projected:devanagari,projected:gurmukhi,projected:devanagari,projected:perso-arabic,projected:khudawadi,projected:syriac,projected:tamil,projected:telugu,projected:perso-arabic
CPP_CHMOD,chmod,cpp,romanised:romenagri,romanised:romenagri,,,romanised:romenagri,,romanised:romenagri,,,,,,,,,romanised:romenagri,romanised:romenagri,romanised:romenagri,,,,romanised:romenagri,,romanised:romenagri,,,romanised:romenagri
CPP_CHOWN,chown,cpp,romanised:romenagri,romanised:romenagri,,,romanised:romenagri,,romanised:romenagri,,,,,,,,,romanised:romenagri,romanised:romenagri,romanised:romenagri,,,,romanised:romenagri,,romanised:romenagri,,,romanised:romenagri
CPP_CLASS,class,cpp,authored,authored,authored,authored,authored,authored,authored,authored,authored,authored,authored,authored,authored,authored,authored,authored,authored,authored,authored,authored,authored,authored,authored,authored,authored,authored,authored
CPP_CLEARERR,clearerr,cpp,projected:perso-arabic,projected:aramaic,projected:bengali,projected:bengali,projected:perso-arabic,projected:gujarati,projected:hebrew,authored,projected:kannada,projected:sharada,projected:malayalam,projected:devanagari,projected:devanagari,projected:oriya,projected:devanagari,projected:perso-arabic,projected:perso-arabic,projected:phoenician,projected:devanagari,projected:gurmukhi,projected:devanagari,projected:perso-arabic,projected:khudawadi,projected:syriac,projected:tamil,projected:telugu,projected:perso-arabic
CPP_CLOCK,clock,cpp,projected:perso-arabic,projected:aramaic,projected:bengali,projected:bengali,projected:perso-arabic,projected:gujarati,projected:hebrew,authored,projected:kannada,projected:sharada,projected:malayalam,projected:devanagari,projected:devanagari,projected:oriya,projected:devanagari,projected:perso-arabic,projected:perso-arabic,projected:phoenician,projected:devanagari,projected:gurmukhi,projected:devanagari,projected:perso-arabic,projected:khudawadi,projected:syriac,projected:tamil,projected:telugu,projected:perso-arabic
CPP_CLOCK_T,clock_t,cpp,projected:perso-arabic,projected:aramaic,projected:bengali,projected:bengali,projected:perso-arabic,projected:gujarati,projected:hebrew,authored,projected:kannada,projected:sharada,projected:malayalam,projected:devanagari,projected:devanagari,projected:oriya,projected:devanagari,projected:perso-arabic,projected:perso-arabic,projected:phoenician,projected:devanagari,projected:gurmukhi,projected:devanagari,projected:perso-arabic,projected:khudawadi,projected:syriac,projected:tamil,projected:telugu,projected:perso-arabic
CPP_CLOSE,close,cpp,projected:perso-arabic,projected:aramaic,projected:bengali,projected:bengali,projected:perso-arabic,projected:gujarati,projected:hebrew,authored,projected:kannada,projected:sharada,projected:malayalam,projected:devanagari,projected:devanagari,projected:oriya,projected:devanagari,projected:perso-arabic,projected:perso-arabic,projected:phoenician,projected:devanagari,projected:gurmukhi,projected:devanagari,projected:perso-arabic,projected:khudawadi,projected:syriac,projected:tamil,projected:telugu,projected:perso-arabic
CPP_CLOSEDIR,closedir,cpp,projected:perso-arabic,projected:aramaic,projected:bengali,projected:bengali,projected:perso-arabic,projected:gujarati,projected:hebrew,authored,projected:kannada,projected:sharada,projected:malayalam,projected:devanagari,projected:devanagari,projected:oriya,projected:devanagari,projected:perso-arabic,projected:perso-arabic,projected:phoenician,projected:devanagari,projected:gurmukhi,projected:devanagari,projected:perso-arabic,projected:khudawadi,projected:syriac,projected:tamil,projected:telugu,projected:perso-arabic
CPP_CONST,const,cpp,authored,authored,authored,authored,authored,authored,authored,authored,authored,authored,authored,authored,authored,authored,authored,authored,authored,authored,authored,authored,authored,authored,authored,authored,authored,authored,authored
CPP_CONTINUE,continue,cpp,authored,authored,authored,authored,authored,authored,authored,authored,authored,authored,authored,authored,authored,authored,authored,authored,authored,authored,authored,authored,authored,authored,authored,authored,authored,authored,authored
CPP_COS,cos,cpp,romanised:romenagri,romanised:romenagri,,,romanised:romenagri,,romanised:romenagri,,,,,,,,,romanised:romenagri,romanised:romenagri,romanised:romenagri,,,,romanised:romenagri,,romanised:romenagri,,,romanised:romenagri
CPP_COSH,cosh,cpp,romanised:romenagri,romanised:romenagri,,,romanised:romenagri,,romanised:romenagri,,,,,,,,,romanised:romenagri,romanised:romenagri,romanised:romenagri,,,,romanised:romenagri,,romanised:romenagri,,,romanised:romenagri
CPP_CREAT,creat,cpp,romanised:romenagri,romanised:romenagri,,,romanised:romenagri,,romanised:romenagri,,,,,,,,,romanised:romenagri,romanised:romenagri,romanised:romenagri,,,,romanised:romenagri,,romanised:romenagri,,,romanised:romenagri
CPP_CRLF2NL,crlf2nl,cpp,romanised:romenagri,romanised:romenagri,,,romanised:romenagri,,romanised:romenagri,,,,,,,,,romanised:romenagri,romanised:romenagri,romanised:romenagri,,,,romanised:romenagri,,romanised:romenagri,,,romanised:romenagri
CPP_CTERMID,ctermid,cpp,romanised:romenagri,romanised:romenagri,,,romanised:romenagri,,romanised:romenagri,,,,,,,,,romanised:romenagri,romanised:romenagri,romanised:romenagri,,,,romanised:romenagri,,romanised:romenagri,,,romanised:romenagri
CPP_CTIME,ctime,cpp,projected:perso-arabic,projected:aramaic,projected:bengali,projected:bengali,projected:perso-arabic,projected:gujarati,projected:hebrew,authored,projected:kannada,projected:sharada,projected:malayalam,projected:devanagari,projected:devanagari,projected:oriya,projected:devanagari,projected:perso-arabic,projected:perso-arabic,projected:phoenician,projected:devanagari,projected:gurmukhi,projected:devanagari,projected:perso-arabic,projected:khudawadi,projected:syriac,projected:tamil,projected:telugu,projected:perso-arabic
CPP_CUSERID,cuserid,cpp,romanised:romenagri,romanised:romenagri,,,romanised:romenagri,,romanised:romenagri,,,,,,,,,romanised:romenagri,romanised:romenagri,romanised:romenagri,,,,romanised:romenagri,,romanised:romenagri,,,romanised:romenagri
CPP_DEFAULT,default,cpp,authored,authored,authored,authored,authored,authored,authored,authored,authored,authored,authored,authored,authored,authored,authored,authored,authored,authored,authored,authored,authored,authored,authored,authored,authored,authored,authored
CPP_DEFINED,defined,cpp,romanised:romenagri,romanised:romenagri,,,romanised:romenagri,,romanised:romenagri,,,,,,,,,romanised:romenagri,romanised:romenagri,romanised:romenagri,,,,romanised:romenagri,,romanised:romenagri,,,romanised:romenagri
CPP_DELETE,delete,cpp,projected:perso-arabic,projected:aramaic,projected:bengali,projected:bengali,projected:perso-arabic,projected:gujarati,projected:hebrew,authored,projected:kannada,projected:sharada,projected:malayalam,projected:devanagari,projected:devanagari,projected:oriya,projected:devanagari,projected:perso-arabic,projected:perso-arabic,projected:phoenician,projected:devanagari,projected:gurmukhi,projected:devanagari,projected:perso-arabic,projected:khudawadi,projected:syriac,projected:tamil,projected:telugu,projected:perso-arabic
CPP_DEV_T,dev_t,cpp,romanised:romenagri,romanised:romenagri,,,romanised:romenagri,,romanised:romenagri,,,,,,,,,romanised:romenagri,romanised:romenagri,romanised:romenagri,,,,romanised:romenagri,,romanised:romenagri,,,romanised:romenagri
CPP_DIFFTIME,difftime,cpp,projected:perso-arabic,projected:aramaic,projected:bengali,projected:bengali,projected:perso-arabic,projected:gujarati,projected:hebrew,authored,projected:kannada,projected:sharada,projected:malayalam,projected:devanagari,projected:devanagari,projected:oriya,projected:devanagari,projected:perso-arabic,projected:perso-arabic,projected:phoenician,projected:devanagari,projected:gurmukhi,projected:devanagari,projected:perso-arabic,projected:khudawadi,projected:syriac,projected:tamil,projected:telugu,projected:perso-arabic
CPP_DIRNAME,dirname,cpp,projected:perso-arabic,projected:aramaic,projected:bengali,projected:bengali,projected:perso-arabic,projected:gujarati,projected:hebrew,authored,projected:kannada,projected:sharada,projected:malayalam,projected:devanagari,projected:devanagari,projected:oriya,projected:devanagari,projected:perso-arabic,projected:perso-arabic,projected:phoenician,projected:devanagari,projected:gurmukhi,projected:devanagari,projected:perso-arabic,projected:khudawadi,projected:syriac,projected:tamil,projected:telugu,projected:perso-arabic
CPP_DIV,div,cpp,projected:perso-arabic,projected:aramaic,projected:bengali,projected:bengali,projected:perso-arabic,projected:gujarati,projected:hebrew,authored,projected:kannada,projected:sharada,projected:malayalam,projected:devanagari,projected:devanagari,projected:oriya,projected:devanagari,projected:perso-arabic,projected:perso-arabic,projected:phoenician,projected:devanagari,projected:gurmukhi,projected:devanagari,projected:perso-arabic,projected:khudawadi,projected:syriac,projected:tamil,projected:telugu,projected:perso-arabic
CPP_DIV_T,div_t,cpp,projected:perso-arabic,projected:aramaic,projected:bengali,projected:bengali,projected:perso-arabic,projected:gujarati,projected:hebrew,authored,projected:kannada,projected:sharada,projected:malayalam,projected:devanagari,projected:devanagari,projected:oriya,projected:devanagari,projected:perso-arabic,projected:perso-arabic,projected:phoenician,projected:devanagari,projected:gurmukhi,projected:devanagari,projected:perso-arabic,projected:khudawadi,projected:syriac,projected:tamil,projected:telugu,projected:perso-arabic
CPP_DO,do,cpp,authored,authored,authored,authored,authored,authored,authored,authored,authored,authored,authored,authored,authored,authored,authored,authored,authored,authored,authored,authored,authored,authored,authored,authored,authored,authored,authored
CPP_DOSMEMGET,dosmemget,cpp,romanised:romenagri,romanised:romenagri,,,romanised:romenagri,,romanised:romenagri,,,,,,,,,romanised:romenagri,romanised:romenagri,romanised:romenagri,,,,romanised:romenagri,,romanised:romenagri,,,romanised:romenagri
CPP_DOSMEMPUT,dosmemput,cpp,romanised:romenagri,romanised:romenagri,,,romanised:romenagri,,romanised:romenagri,,,,,,,,,romanised:romenagri,romanised:romenagri,romanised:romenagri,,,,romanised:romenagri,,romanised:romenagri,,,romanised:romenagri
CPP_DOUBLE,double,cpp,authored,authored,authored,authored,authored,authored,authored,authored,authored,authored,authored,authored,authored,authored,authored,authored,authored,authored,authored,authored,authored,authored,authored,authored,authored,authored,authored
CPP_DUP,dup,cpp,romanised:romenagri,romanised:romenagri,,,romanised:romenagri,,romanised:romenagri,,,,,,,,,romanised:romenagri,romanised:romenagri,romanised:romenagri,,,,romanised:romenagri,,romanised:romenagri,,,romanised:romenagri
CPP_DUP2,dup2,cpp,romanised:romenagri,romanised:romenagri,,,romanised:romenagri,,romanised:romenagri,,,,,,,,,romanised:romenagri,romanised:romenagri,romanised:romenagri,,,,romanised:romenagri,,romanised:romenagri,,,romanised:romenagri
CPP_ELSE,else,cpp,authored,authored,authored,authored,authored,authored,authored,authored,authored,authored,authored,authored,authored,authored,authored,authored,authored,authored,authored,authored,authored,authored,authored,authored,authored,authored,authored
CPP_ENUM,enum,cpp,projected:perso-arabic,projected:aramaic,projected:bengali,projected:bengali,projected:perso-arabic,projected:gujarati,projected:hebrew,authored,projected:kannada,projected:sharada,projected:malayalam,projected:devanagari,projected:devanagari,projected:oriya,projected:devanagari,projected:perso-arabic,projected:perso-arabic,projected:phoenician,projected:devanagari,projected:gurmukhi,projected:devanagari,projected:perso-arabic,projected:khudawadi,projected:syriac,projected:tamil,projected:telugu,projected:perso-arabic
CPP_ERRNO,errno,cpp,projected:perso-arabic,projected:aramaic,projected:bengali,projected:bengali,projected:perso-arabic,projected:gujarati,projected:hebrew,authored,projected:kannada,projected:sharada,projected:malayalam,projected:devanagari,projected:devanagari,projected:oriya,projected:devanagari,projected:perso-arabic,projected:perso-arabic,projected:phoenician,projected:devanagari,projected:gurmukhi,projected:devanagari,projected:perso-arabic,projected:khudawadi,projected:syriac,projected:tamil,projected:telugu,projected:perso-arabic
CPP_EXECL,execl,cpp,romanised:romenagri,romanised:romenagri,,,romanised:romenagri,,romanised:romenagri,,,,,,,,,romanised:romenagri,romanised:romenagri,romanised:romenagri,,,,romanised:romenagri,,romanised:romenagri,,,romanised:romenagri
CPP_EXECLE,execle,cpp,romanised:romenagri,romanised:romenagri,,,romanised:romenagri,,romanised:romenagri,,,,,,,,,romanised:romenagri,romanised:romenagri,romanised:romenagri,,,,romanised:romenagri,,romanised:romenagri,,,romanised:romenagri
CPP_EXECLP,execlp,cpp,romanised:romenagri,romanised:romenagri,,,romanised:romenagri,,romanised:romenagri,,,,,,,,,romanised:romenagri,romanised:romenagri,romanised:romenagri,,,,romanised:romenagri,,romanised:romenagri,,,romanised:romenagri
CPP_EXECV,execv,cpp,romanised:romenagri,romanised:romenagri,,,romanised:romenagri,,romanised:romenagri,,,,,,,,,romanised:romenagri,romanised:romenagri,romanised:romenagri,,,,romanised:romenagri,,romanised:romenagri,,,romanised:romenagri
CPP_EXECVE,execve,cpp,romanised:romenagri,romanised:romenagri,,,romanised:romenagri,,romanised:romenagri,,,,,,,,,romanised:romenagri,romanised:romenagri,romanised:romenagri,,,,romanised:romenagri,,romanised:romenagri,,,romanised:romenagri
CPP_EXECVP,execvp,cpp,romanised:romenagri,romanised:romenagri,,,romanised:romenagri,,romanised:romenagri,,,,,,,,,romanised:romenagri,romanised:romenagri,romanised:romenagri,,,,romanised:romenagri,,romanised:romenagri,,,romanised:romenagri
CPP_EXIT,exit,cpp,projected:perso-arabic,projected:aramaic,projected:bengali,projected:bengali,projected:perso-arabic,projected:gujarati,projected:hebrew,authored,projected:kannada,projected:sharada,projected:malayalam,projected:devanagari,projected:devanagari,projected:oriya,projected:devanagari,projected:perso-arabic,projected:perso-arabic,projected:phoenician,projected:devanagari,projected:gurmukhi,projected:devanagari,projected:perso-arabic,projected:khudawadi,projected:syriac,projected:tamil,projected:telugu,projected:perso-arabic
CPP_EXP,exp,cpp,romanised:romenagri,romanised:romenagri,,,romanised:romenagri,,romanised:romenagri,,,,,,,,,romanised:romenagri,romanised:romenagri,romanised:romenagri,,,,romanised:romenagri,,romanised:romenagri,,,romanised:romenagri
CPP_EXTERN,extern,cpp,projected:perso-arabic,projected:aramaic,projected:bengali,projected:bengali,projected:perso-arabic,projected:gujarati,projected:hebrew,authored,projected:kannada,projected:sharada,projected:malayalam,projected:devanagari,projected:devanagari,projected:oriya,projected:devanagari,projected:perso-arabic,projected:perso-arabic,projected:phoenician,projected:devanagari,projected:gurmukhi,projected:devanagari,projected:perso-arabic,projected:khudawadi,projected:syriac,projected:tamil,projected:telugu,projected:perso-arabic
CPP_FABS,fabs,cpp,projected:perso-arabic,projected:aramaic,projected:bengali,projected:bengali,projected:perso-arabic,projected:gujarati,projected:hebrew,authored,projected:kannada,projected:sharada,projected:malayalam,projected:devanagari,projected:devanagari,projected:oriya,projected:devanagari,projected:perso-arabic,projected:perso-arabic,projected:phoenician,projected:devanagari,projected:gurmukhi,projected:devanagari,projected:perso-arabic,projected:khudawadi,projected:syriac,projected:tamil,projected:telugu,projected:perso-arabic
CPP_FCBT,fcbt,cpp,romanised:romenagri,romanised:romenagri,,,romanised:romenagri,,romanised:romenagri,,,,,,,,,romanised:romenagri,romanised:romenagri,romanised:romenagri,,,,romanised:romenagri,,romanised:romenagri,,,romanised:romenagri
CPP_FCLOSE,fclose,cpp,projected:perso-arabic,projected:aramaic,projected:bengali,projected:bengali,projected:perso-arabic,projected:gujarati,projected:hebrew,authored,projected:kannada,projected:sharada,projected:malayalam,projected:devanagari,projected:devanagari,projected:oriya,projected:devanagari,projected:perso-arabic,projected:perso-arabic,projected:phoenician,projected:devanagari,projected:gurmukhi,projected:devanagari,projected:perso-arabic,projected:khudawadi,projected:syriac,projected:tamil,projected:telugu,projected:perso-arabic
CPP_FCNTL,fcntl,cpp,romanised:romenagri,romanised:romenagri,,,romanised:romenagri,,romanised:romenagri,,,,,,,,,romanised:romenagri,romanised:romenagri,romanised:romenagri,,,,romanised:romenagri,,romanised:romenagri,,,romanised:romenagri
CPP_FDOPEN,fdopen,cpp,romanised:romenagri,romanised:romenagri,,,romanised:romenagri,,romanised:romenagri,,,,,,,,,romanised:romenagri,romanised:romenagri,romanised:romenagri,,,,romanised:romenagri,,romanised:romenagri,,,romanised:romenagri
CPP_FECLEAREXCEPTS,feclearexcepts,cpp,romanised:romenagri,romanised:romenagri,,,romanised:romenagri,,romanised:romenagri,,,,,,,,,romanised:romenagri,romanised:romenagri,romanised:romenagri,,,,romanised:romenagri,,romanised:romenagri,,,romanised:romenagri
CPP_FEGETENV,fegetenv,cpp,romanised:romenagri,romanised:romenagri,,,romanised:romenagri,,romanised:romenagri,,,,,,,,,romanised:romenagri,romanised:romenagri,romanised:romenagri,,,,romanised:romenagri,,romanised:romenagri,,,romanised:romenagri
CPP_FEGETEXCEPT,fegetexcept,cpp,romanised:romenagri,romanised:romenagri,,,romanised:romenagri,,romanised:romenagri,,,,,,,,,romanised:romenagri,romanised:romenagri,romanised:romenagri,,,,romanised:romenagri,,romanised:romenagri,,,romanised:romenagri
CPP_FEGETPREC,fegetprec,cpp,romanised:romenagri,romanised:romenagri,,,romanised:romenagri,,romanised:romenagri,,,,,,,,,romanised:romenagri,romanised:romenagri,romanised:romenagri,,,,romanised:romenagri,,romanised:romenagri,,,romanised:romenagri
CPP_FEGETROUND,fegetround,cpp,romanised:romenagri,romanised:romenagri,,,romanised:romenagri,,romanised:romenagri,,,,,,,,,romanised:romenagri,romanised:romenagri,romanised:romenagri,,,,romanised:romenagri,,romanised:romenagri,,,romanised:romenagri
CPP_FENV_T,fenv_t,cpp,romanised:romenagri,romanised:romenagri,,,romanised:romenagri,,romanised:romenagri,,,,,,,,,romanised:romenagri,romanised:romenagri,romanised:romenagri,,,,romanised:romenagri,,romanised:romenagri,,,romanised:romenagri
CPP_FEOF,feof,cpp,projected:perso-arabic,projected:aramaic,projected:bengali,projected:bengali,projected:perso-arabic,projected:gujarati,projected:hebrew,authored,projected:kannada,projected:sharada,projected:malayalam,projected:devanagari,projected:devanagari,projected:oriya,projected:devanagari,projected:perso-arabic,projected:perso-arabic,projected:phoenician,projected:devanagari,projected:gurmukhi,projected:devanagari,projected:perso-arabic,projected:khudawadi,projected:syriac,projected:tamil,projected:telugu,projected:perso-arabic
CPP_FEPROCENTRY,feprocentry,cpp,romanised:romenagri,romanised:romenagri,,,romanised:romenagri,,romanised:romenagri,,,,,,,,,romanised:romenagri,romanised:romenagri,romanised:romenagri,,,,romanised:romenagri,,romanised:romenagri,,,romanised:romenagri
CPP_FEPROCEXIT,feprocexit,cpp,romanised:romenagri,romanised:romenagri,,,romanised:romenagri,,romanised:romenagri,,,,,,,,,romanised:romenagri,romanised:romenagri,romanised:romenagri,,,,romanised:romenagri,,romanised:romenagri,,,romanised:romenagri
CPP_FERAISEEXCEPT,feraiseexcept,cpp,romanised:romenagri,romanised:romenagri,,,romanised:romenagri,,romanised:romenagri,,,,,,,,,romanised:romenagri,romanised:romenagri,romanised:romenagri,,,,romanised:romenagri,,romanised:romenagri,,,romanised:romenagri
CPP_FERROR,ferror,cpp,projected:perso-arabic,projected:aramaic,projected:bengali,projected:bengali,projected:perso-arabic,projected:gujarati,projected:hebrew,authored,projected:kannada,projected:sharada,projected:malayalam,projected:devanagari,projected:devanagari,projected:oriya,projected:devanagari,projected:perso-arabic,projected:perso-arabic,projected:phoenician,projected:devanagari,projected:gurmukhi,projected:devanagari,projected:perso-arabic,projected:khudawadi,projected:syriac,projected:tamil,projected:telugu,projected:perso-arabic
CPP_FESETENV,fesetenv,cpp,romanised:romenagri,romanised:romenagri,,,romanised:romenagri,,romanised:romenagri,,,,,,,,,romanised:romenagri,romanised:romenagri,romanised:romenagri,,,,romanised:romenagri,,romanised:romenagri,,,romanised:romenagri
CPP_FESETEXCEPT,fesetexcept,cpp,romanised:romenagri,romanised:romenagri,,,romanised:romenagri,,romanised:romenagri,,,,,,,,,romanised:romenagri,romanised:romenagri,romanised:romenagri,,,,romanised:romenagri,,romanised:romenagri,,,romanised:romenagri
CPP_FESETPREC,fesetprec,cpp,romanised:romenagri,romanised:romenagri,,,romanised:romenagri,,romanised:romenagri,,,,,,,,,romanised:romenagri,romanised:romenagri,romanised:romenagri,,,,romanised:romenagri,,romanised:romenagri,,,romanised:romenagri
CPP_FESETROUND,fesetround,cpp,romanised:romenagri,romanised:romenagri,,,romanised:romenagri,,romanised:romenagri,,,,,,,,,romanised:romenagri,romanised:romenagri,romanised:romenagri,,,,romanised:romenagri,,romanised:romenagri,,,romanised:romenagri
CPP_FETESTEXCEPT,fetestexcept,cpp,romanised:romenagri,romanised:romenagri,,,romanised:romenagri,,romanised:romenagri,,,,,,,,,romanised:romenagri,romanised:romenagri,romanised:romenagri,,,,romanised:romenagri,,romanised:romenagri,,,romanised:romenagri
CPP_FEXCEPT_T,fexcept_t,cpp,romanised:romenagri,romanised:romenagri,,,romanised:romenagri,,romanised:romenagri,,,,,,,,,romanised:romenagri,romanised:romenagri,romanised:romenagri,,,,romanised:romenagri,,romanised:romenagri,,,romanised:romenagri
CPP_FFLUSH,fflush,cpp,projected:perso-arabic,projected:aramaic,projected:bengali,projected:bengali,projected:perso-arabic,projected:gujarati,projected:hebrew,authored,projected:kannada,projected:sharada,projected:malayalam,projected:devanagari,projected:devanagari,projected:oriya,projected:devanagari,projected:perso-arabic,projected:perso-arabic,projected:phoenician,projected:devanagari,projected:gurmukhi,projected:devanagari,projected:perso-arabic,projected:khudawadi,projected:syriac,projected:tamil,projected:telugu,projected:perso-arabic
CPP_FGETC,fgetc,cpp,projected:perso-arabic,projected:aramaic,projected:bengali,projected:bengali,projected:perso-arabic,projected:gujarati,projected:hebrew,authored,projected:kannada,projected:sharada,projected:malayalam,projected:devanagari,projected:devanagari,projected:oriya,projected:devanagari,projected:perso-arabic,projected:perso-arabic,projected:phoenician,projected:devanagari,projected:gurmukhi,projected:devanagari,projected:perso-arabic,projected:khudawadi,projected:syriac,projected:tamil,projected:telugu,projected:perso-arabic
CPP_FGETPOS,fgetpos,cpp,projected:perso-arabic,projected:aramaic,projected:bengali,projected:bengali,projected:perso-arabic,projected:gujarati,projected:hebrew,authored,projected:kannada,projected:sharada,projected:malayalam,projected:devanagari,projected:devanagari,projected:oriya,projected:devanagari,projected:perso-arabic,projected:perso-arabic,projected:phoenician,projected:devanagari,projected:gurmukhi,projected:devanagari,projected:perso-arabic,projected:khudawadi,projected:syriac,projected:tamil,projected:telugu,projected:perso-arabic
CPP_FGETS,fgets,cpp,projected:perso-arabic,projected:aramaic,projected:bengali,projected:bengali,projected:perso-arabic,projected:gujarati,projected:hebrew,authored,projected:kannada,projected:sharada,projected:malayalam,projected:devanagari,projected:devanagari,projected:oriya,projected:devanagari,projected:perso-arabic,projected:perso-arabic,projected:phoenician,projected:devanagari,projected:gurmukhi,projected:devanagari,projected:perso-arabic,projected:khudawadi,projected:syriac,projected:tamil,projected:telugu,projected:perso-arabic
CPP_FILENO,fileno,cpp,romanised:romenagri,romanised:romenagri,,,romanised:romenagri,,romanised:romenagri,,,,,,,,,romanised:romenagri,romanised:romenagri,romanised:romenagri,,,,romanised:romenagri,,romanised:romenagri,,,romanised:romenagri
CPP_FLOAT,float,cpp,authored,authored,authored,authored,authored,authored,authored,authored,authored,authored,authored,authored,authored,authored,authored,authored,authored,authored,authored,authored,authored,authored,authored,authored,authored,authored,authored
CPP_FLOOR,floor,cpp,projected:perso-arabic,projected:aramaic,projected:bengali,projected:bengali,projected:perso-arabic,projected:gujarati,projected:hebrew,authored,projected:kannada,projected:sharada,projected:malayalam,projected:devanagari,projected:devanagari,projected:oriya,projected:devanagari,projected:perso-arabic,projected:perso-arabic,projected:phoenician,projected:devanagari,projected:gurmukhi,projected:devanagari,projected:perso-arabic,projected:khudawadi,projected:syriac,projected:tamil,projected:telugu,projected:perso-arabic
CPP_FMOD,fmod,cpp,projected:perso-arabic,projected:aramaic,projected:bengali,projected:bengali,projected:perso-arabic,projected:gujarati,projected:hebrew,authored,projected:kannada,projected:sharada,projected:malayalam,projected:devanagari,projected:devanagari,projected:oriya,projected:devanagari,projected:perso-arabic,projected:perso-arabic,projected:phoenician,projected:devanagari,projected:gurmukhi,projected:devanagari,projected:perso-arabic,projected:khudawadi,projected:syriac,projected:tamil,projected:telugu,projected:perso-arabic
CPP_FOPEN,fopen,cpp,projected:perso-arabic,projected:aramaic,projected:bengali,projected:bengali,projected:perso-arabic,projected:gujarati,projected:hebrew,authored,projected:kannada,projected:sharada,projected:malayalam,projected:devanagari,projected:devanagari,projected:oriya,projected:devanagari,projected:perso-arabic,projected:perso-arabic,projected:phoenician,projected:devanagari,projected:gurmukhi,projected:devanagari,projected:perso-arabic,projected:khudawadi,projected:syriac,projected:tamil,projected:telugu,projected:perso-arabic
CPP_FOR,for,cpp,authored,authored,authored,authored,authored,authored,authored,authored,authored,authored,authored,authored,authored,authored,authored,authored,authored,authored,authored,authored,authored,authored,authored,authored,authored,authored,authored
CPP_FORK,fork,cpp,projected:perso-arabic,projected:aramaic,projected:bengali,projected:bengali,projected:perso-arabic,projected:gujarati,projected:hebrew,authored,projected:kannada,projected:sharada,projected:malayalam,projected:devanagari,projected:devanagari,projected:oriya,projected:devanagari,projected:perso-arabic,projected:perso-arabic,projected:phoenician,projected:devanagari,projected:gurmukhi,projected:devanagari,projected:perso-arabic,projected:khudawadi,projected:syriac,projected:tamil,projected:telugu,projected:perso-arabic
CPP_FPATHCONF,fpathconf,cpp,romanised:romenagri,romanised:romenagri,,,romanised:romenagri,,romanised:romenagri,,,,,,,,,romanised:romenagri,romanised:romenagri,romanised:romenagri,,,,romanised:romenagri,,romanised:romenagri,,,romanised:romenagri
CPP_FPCLASSIFY,fpclassify,cpp,romanised:romenagri,romanised:romenagri,,,romanised:romenagri,,romanised:romenagri,,,,,,,,,romanised:romenagri,romanised:romenagri,romanised:romenagri,,,,romanised:romenagri,,romanised:romenagri,,,romanised:romenagri
CPP_FPOS_T,fpos_t,cpp,projected:perso-arabic,projected:aramaic,projected:bengali,projected:bengali,projected:perso-arabic,projected:gujarati,projected:hebrew,authored,projected:kannada,projected:sharada,projected:malayalam,projected:devanagari,projected:devanagari,projected:oriya,projected:devanagari,projected:perso-arabic,projected:perso-arabic,projected:phoenician,projected:devanagari,projected:gurmukhi,projected:devanagari,projected:perso-arabic,projected:khudawadi,projected:syriac,projected:tamil,projected:telugu,projected:perso-arabic
CPP_FPRINTF,fprintf,cpp,projected:perso-arabic,projected:aramaic,projected:bengali,projected:bengali,projected:perso-arabic,projected:gujarati,projected:hebrew,authored,projected:kannada,projected:sharada,projected:malayalam,projected:devanagari,projected:devanagari,projected:oriya,projected:devanagari,projected:perso-arabic,projected:perso-arabic,projected:phoenician,projected:devanagari,projected:gurmukhi,projected:devanagari,projected:perso-arabic,projected:khudawadi,projected:syriac,projected:tamil,projected:telugu,projected:perso-arabic
CPP_FPUTC,fputc,cpp,projected:perso-arabic,projected:aramaic,projected:bengali,projected:bengali,projected:perso-arabic,projected:gujarati,projected:hebrew,authored,projected:kannada,projected:sharada,projected:malayalam,projected:devanagari,projected:devanagari,projected:oriya,projected:devanagari,projected:perso-arabic,projected:perso-arabic,projected:phoenician,projected:devanagari,projected:gurmukhi,projected:devanagari,projected:perso-arabic,projected:khudawadi,projected:syriac,projected:tamil,projected:telugu,projected:perso-arabic
CPP_FPUTS,fputs,cpp,projected:perso-arabic,projected:aramaic,projected:bengali,projected:bengali,projected:perso-arabic,projected:gujarati,projected:hebrew,authored,projected:kannada,projected:sharada,projected:malayalam,projected:devanagari,projected:devanagari,projected:oriya,projected:devanagari,projected:perso-arabic,projected:perso-arabic,projected:phoenician,projected:devanagari,projected:gurmukhi,projected:devanagari,projected:perso-arabic,projected:khudawadi,projected:syriac,projected:tamil,projected:telugu,projected:perso-arabic
CPP_FREAD,fread,cpp,projected:perso-arabic,projected:aramaic,projected:bengali,projected:bengali,projected:perso-arabic,projected:gujarati,projected:hebrew,authored,projected:kannada,projected:sharada,projected:malayalam,projected:devanagari,projected:devanagari,projected:oriya,projected:devanagari,projected:perso-arabic,projected:perso-arabic,projected:phoenician,projected:devanagari,projected:gurmukhi,projected:devanagari,projected:perso-arabic,projected:khudawadi,projected:syriac,projected:tamil,projected:telugu,projected:perso-arabic
CPP_FREE,free,cpp,projected:perso-arabic,projected:aramaic,projected:bengali,projected:bengali,projected:perso-arabic,projected:gujarati,projected:hebrew,authored,projected:kannada,projected:sharada,projected:malayalam,projected:devanagari,projected:devanagari,projected:oriya,projected:devanagari,projected:perso-arabic,projected:perso-arabic,projected:phoenician,projected:devanagari,projected:gurmukhi,projected:devanagari,projected:perso-arabic,projected:khudawadi,projected:syriac,projected:tamil,projected:telugu,projected:perso-arabic
CPP_FREOPEN,freopen,cpp,projected:perso-arabic,projected:aramaic,projected:bengali,projected:bengali,projected:perso-arabic,projected:gujarati,projected:hebrew,authored,projected:kannada,projected:sharada,projected:malayalam,projected:devanagari,projected:devanagari,projected:oriya,projected:devanagari,projected:perso-arabic,projected:perso-arabic,projected:phoenician,projected:devanagari,projected:gurmukhi,projected:devanagari,projected:perso-arabic,projected:khudawadi,projected:syriac,projected:tamil,projected:telugu,projected:perso-arabic
CPP_FREXP,frexp,cpp,romanised:romenagri,romanised:romenagri,,,romanised:romenagri,,romanised:romenagri,,,,,,,,,romanised:romenagri,romanised:romenagri,romanised:romenagri,,,,romanised:romenagri,,romanised:romenagri,,,romanised:romenagri
CPP_FRIEND,friend,cpp,projected:perso-arabic,projected:aramaic,projected:bengali,projected:bengali,projected:perso-arabic,projected:gujarati,projected:hebrew,authored,projected:kannada,projected:sharada,projected:malayalam,projected:devanagari,projected:devanagari,projected:oriya,projected:devanagari,projected:perso-arabic,projected:perso-arabic,projected:phoenician,projected:devanagari,projected:gurmukhi,projected:devanagari,projected:perso-arabic,projected:khudawadi,projected:syriac,projected:tamil,projected:telugu,projected:perso-arabic
CPP_FSCANF,fscanf,cpp,projected:perso-arabic,projected:aramaic,projected:bengali,projected:bengali,projected:perso-arabic,projected:gujarati,projected:hebrew,authored,projected:kannada,projected:sharada,projected:malayalam,projected:devanagari,projected:devanagari,projected:oriya,projected:devanagari,projected:perso-arabic,projected:perso-arabic,projected:phoenician,projected:devanagari,projected:gurmukhi,projected:devanagari,projected:perso-arabic,projected:khudawadi,projected:syriac,projected:tamil,projected:telugu,projected:perso-arabic
CPP_FSEEK,fseek,cpp,projected:perso-arabic,projected:aramaic,projected:bengali,projected:bengali,projected:perso-arabic,projected:gujarati,projected:hebrew,authored,projected:kannada,projected:sharada,projected:malayalam,projected:devanagari,projected:devanagari,projected:oriya,projected:devanagari,projected:perso-arabic,projected:perso-arabic,projected:phoenician,projected:devanagari,projected:gurmukhi,projected:devanagari,projected:perso-arabic,projected:khudawadi,projected:syriac,projected:tamil,projected:telugu,projected:perso-arabic
CPP_FSETPOS,fsetpos,cpp,projected:perso-arabic,projected:aramaic,projected:bengali,projected:bengali,projected:perso-arabic,projected:gujarati,projected:hebrew,authored,projected:kannada,projected:sharada,projected:malayalam,projected:devanagari,projected:devanagari,projected:oriya,projected:devanagari,projected:perso-arabic,projected:perso-arabic,projected:phoenician,projected:devanagari,projected:gurmukhi,projected:devanagari,projected:perso-arabic,projected:khudawadi,projected:syriac,projected:tamil,projected:telugu,projected:perso-arabic
CPP_FSTAT,fstat,cpp,projected:perso-arabic,projected:aramaic,projected:bengali,projected:bengali,projected:perso-arabic,projected:gujarati,projected:hebrew,authored,projected:kannada,projected:sharada,projected:malayalam,projected:devanagari,projected:devanagari,projected:oriya,projected:devanagari,projected:perso-arabic,projected:perso-arabic,projected:phoenician,projected:devanagari,projected:gurmukhi,projected:devanagari,projected:perso-arabic,projected:khudawadi,projected:syriac,projected:tamil,projected:telugu,projected:perso-arabic
CPP_FSYNC,fsync,cpp,romanised:romenagri,romanised:romenagri,,,romanised:romenagri,,romanised:romenagri,,,,,,,,,romanised:romenagri,romanised:romenagri,romanised:romenagri,,,,romanised:romenagri,,romanised:romenagri,,,romanised:romenagri
CPP_FTELL,ftell,cpp,projected:perso-arabic,projected:aramaic,projected:bengali,projected:bengali,projected:perso-arabic,projected:gujarati,projected:hebrew,authored,projected:kannada,projected:sharada,projected:malayalam,projected:devanagari,projected:devanagari,projected:oriya,projected:devanagari,projected:perso-arabic,projected:perso-arabic,projected:phoenician,projected:devanagari,projected:gurmukhi,projected:devanagari,projected:perso-arabic,projected:khudawadi,projected:syriac,projected:tamil,projected:telugu,projected:perso-arabic
CPP_FWRITE,fwrite,cpp,projected:perso-arabic,projected:aramaic,projected:bengali,projected:bengali,projected:perso-arabic,projected:gujarati,projected:hebrew,authored,projected:kannada,projected:sharada,projected:malayalam,projected:devanagari,projected:devanagari,projected:oriya,projected:devanagari,projected:perso-arabic,projected:perso-arabic,projected:phoenician,projected:devanagari,projected:gurmukhi,projected:devanagari,projected:perso-arabic,projected:khudawadi,projected:syriac,projected:tamil,projected:telugu,projected:perso-arabic
CPP_GETC,getc,cpp,projected:perso-arabic,projected:aramaic,projected:bengali,projected:bengali,projected:perso-arabic,projected:gujarati,projected:hebrew,authored,projected:kannada,projected:sharada,projected:malayalam,projected:devanagari,projected:devanagari,projected:oriya,projected:devanagari,projected:perso-arabic,projected:perso-arabic,projected:phoenician,projected:devanagari,projected:gurmukhi,projected:devanagari,projected:perso-arabic,projected:khudawadi,projected:syriac,projected:tamil,projected:telugu,projected:perso-arabic
CPP_GETCBRK,getcbrk,cpp,romanised:romenagri,romanised:romenagri,,,romanised:romenagri,,romanised:romenagri,,,,,,,,,romanised:romenagri,romanised:romenagri,romanised:romenagri,,,,romanised:romenagri,,romanised:romenagri,,,romanised:romenagri
CPP_GETCHAR,getchar,cpp,projected:perso-arabic,projected:aramaic,projected:bengali,projected:bengali,projected:perso-arabic,projected:gujarati,projected:hebrew,authored,projected:kannada,projected:sharada,projected:malayalam,projected:devanagari,projected:devanagari,projected:oriya,projected:devanagari,projected:perso-arabic,projected:perso-arabic,projected:phoenician,projected:devanagari,projected:gurmukhi,projected:devanagari,projected:perso-arabic,projected:khudawadi,projected:syriac,projected:tamil,projected:telugu,projected:perso-arabic
CPP_GETCWD,getcwd,cpp,romanised:romenagri,romanised:romenagri,,,romanised:romenagri,,romanised:romenagri,,,,,,,,,romanised:romenagri,romanised:romenagri,romanised:romenagri,,,,romanised:romenagri,,romanised:romenagri,,,romanised:romenagri
CPP_GETEGID,getegid,cpp,romanised:romenagri,romanised:romenagri,,,romanised:romenagri,,romanised:romenagri,,,,,,,,,romanised:romenagri,romanised:romenagri,romanised:romenagri,,,,romanised:romenagri,,romanised:romenagri,,,romanised:romenagri
CPP_GETENV,getenv,cpp,projected:perso-arabic,projected:aramaic,projected:bengali,projected:bengali,projected:perso-arabic,projected:gujarati,projected:hebrew,authored,projected:kannada,projected:sharada,projected:malayalam,projected:devanagari,projected:devanagari,projected:oriya,projected:devanagari,projected:perso-arabic,projected:perso-arabic,projected:phoenician,projected:devanagari,projected:gurmukhi,projected:devanagari,projected:perso-arabic,projected:khudawadi,projected:syriac,projected:tamil,projected:telugu,projected:perso-arabic
CPP_GETEUID,geteuid,cpp,romanised:romenagri,romanised:romenagri,,,romanised:romenagri,,romanised:romenagri,,,,,,,,,romanised:romenagri,romanised:romenagri,romanised:romenagri,,,,romanised:romenagri,,romanised:romenagri,,,romanised:romenagri
CPP_GETGID,getgid,cpp,romanised:romenagri,romanised:romenagri,,,romanised:romenagri,,romanised:romenagri,,,,,,,,,romanised:romenagri,romanised:romenagri,romanised:romenagri,,,,romanised:romenagri,,romanised:romenagri,,,romanised:romenagri
CPP_GETGRGID,getgrgid,cpp,romanised:romenagri,romanised:romenagri,,,romanised:romenagri,,romanised:romenagri,,,,,,,,,romanised:romenagri,romanised:romenagri,romanised:romenagri,,,,romanised:romenagri,,romanised:romenagri,,,romanised:romenagri
CPP_GETGRNAM,getgrnam,cpp,romanised:romenagri,romanised:romenagri,,,romanised:romenagri,,romanised:romenagri,,,,,,,,,romanised:romenagri,romanised:romenagri,romanised:romenagri,,,,romanised:romenagri,,romanised:romenagri,,,romanised:romenagri
CPP_GETGROUPS,getgroups,cpp,romanised:romenagri,romanised:romenagri,,,romanised:romenagri,,romanised:romenagri,,,,,,,,,romanised:romenagri,romanised:romenagri,romanised:romenagri,,,,romanised:romenagri,,romanised:romenagri,,,romanised:romenagri
CPP_GETHOSTNAME,gethostname,cpp,romanised:romenagri,romanised:romenagri,,,romanised:romenagri,,romanised:romenagri,,,,,,,,,romanised:romenagri,romanised:romenagri,romanised:romenagri,,,,romanised:romenagri,,romanised:romenagri,,,romanised:romenagri
CPP_GETKEY,getkey,cpp,romanised:romenagri,romanised:romenagri,,,romanised:romenagri,,romanised:romenagri,,,,,,,,,romanised:romenagri,romanised:romenagri,romanised:romenagri,,,,romanised:romenagri,,romanised:romenagri,,,romanised:romenagri
CPP_GETLOGIN,getlogin,cpp,romanised:romenagri,romanised:romenagri,,,romanised:romenagri,,romanised:romenagri,,,,,,,,,romanised:romenagri,romanised:romenagri,romanised:romenagri,,,,romanised:romenagri,,romanised:romenagri,,,romanised:romenagri
CPP_GETPGRP,getpgrp,cpp,romanised:romenagri,romanised:romenagri,,,romanised:romenagri,,romanised:romenagri,,,,,,,,,romanised:romenagri,romanised:romenagri,romanised:romenagri,,,,romanised:romenagri,,romanised:romenagri,,,romanised:romenagri
CPP_GETPID,getpid,cpp,romanised:romenagri,romanised:romenagri,,,romanised:romenagri,,romanised:romenagri,,,,,,,,,romanised:romenagri,romanised:romenagri,romanised:romenagri,,,,romanised:romenagri,,romanised:romenagri,,,romanised:romenagri
CPP_GETPPID,getppid,cpp,romanised:romenagri,romanised:romenagri,,,romanised:romenagri,,romanised:romenagri,,,,,,,,,romanised:romenagri,romanised:romenagri,romanised:romenagri,,,,romanised:romenagri,,romanised:romenagri,,,romanised:romenagri
CPP_GETPWNAM,getpwnam,cpp,romanised:romenagri,romanised:romenagri,,,romanised:romenagri,,romanised:romenagri,,,,,,,,,romanised:romenagri,romanised:romenagri,romanised:romenagri,,,,romanised:romenagri,,romanised:romenagri,,,romanised:romenagri
CPP_GETPWUID,getpwuid,cpp,romanised:romenagri,romanised:romenagri,,,romanised:romenagri,,romanised:romenagri,,,,,,,,,romanised:romenagri,romanised:romenagri,romanised:romenagri,,,,romanised:romenagri,,romanised:romenagri,,,romanised:romenagri
CPP_GETS,gets,cpp,projected:perso-arabic,projected:aramaic,projected:bengali,projected:bengali,projected:perso-arabic,projected:gujarati,projected:hebrew,authored,projected:kannada,projected:sharada,projected:malayalam,projected:devanagari,projected:devanagari,projected:oriya,projected:devanagari,projected:perso-arabic,projected:perso-arabic,projected:phoenician,projected:devanagari,projected:gurmukhi,projected:devanagari,projected:perso-arabic,projected:khudawadi,projected:syriac,projected:tamil,projected:telugu,projected:perso-arabic
CPP_GETUID,getuid,cpp,romanised:romenagri,romanised:romenagri,,,romanised:romenagri,,romanised:romenagri,,,,,,,,,romanised:romenagri,romanised:romenagri,romanised:romenagri,,,,romanised:romenagri,,romanised:romenagri,,,romanised:romenagri
CPP_GID_T,gid_t,cpp,romanised:romenagri,romanised:romenagri,,,romanised:romenagri,,romanised:romenagri,,,,,,,,,romanised:romenagri,romanised:romenagri,romanised:romenagri,,,,romanised:romenagri,,romanised:romenagri,,,romanised:romenagri
CPP_GMTIME,gmtime,cpp,projected:perso-arabic,projected:aramaic,projected:bengali,projected:bengali,projected:perso-arabic,projected:gujarati,projected:hebrew,authored,projected:kannada,projected:sharada,projected:malayalam,projected:devanagari,projected:devanagari,projected:oriya,projected:devanagari,projected:perso-arabic,projected:perso-arabic,projected:phoenician,projected:devanagari,projected:gurmukhi,projected:devanagari,projected:perso-arabic,projected:khudawadi,projected:syriac,projected:tamil,projected:telugu,projected:perso-arabic
CPP_GOTO,goto,cpp,projected:perso-arabic,projected:aramaic,projected:bengali,projected:bengali,projected:perso-arabic,projected:gujarati,projected:hebrew,authored,projected:kannada,projected:sharada,projected:malayalam,projected:devanagari,projected:devanagari,projected:oriya,projected:devanagari,projected:perso-arabic,projected:perso-arabic,projected:phoenician,projected:devanagari,projected:gurmukhi,projected:devanagari,projected:perso-arabic,projected:khudawadi,projected:syriac,projected:tamil,projected:telugu,projected:perso-arabic
CPP_IF,if,cpp,authored,authored,authored,authored,authored,authored,authored,authored,authored,authored,authored,authored,authored,authored,authored,authored,authored,authored,authored,authored,authored,authored,authored,authored,authored,authored,authored
CPP_INLINE,inline,cpp,projected:perso-arabic,projected:aramaic,projected:bengali,projected:bengali,projected:perso-arabic,projected:gujarati,projected:hebrew,authored,projected:kannada,projected:sharada,projected:malayalam,projected:devanagari,projected:devanagari,projected:oriya,projected:devanagari,projected:perso-arabic,projected:perso-arabic,projected:phoenician,projected:devanagari,projected:gurmukhi,projected:devanagari,projected:perso-arabic,projected:khudawadi,projected:syriac,projected:tamil,projected:telugu,projected:perso-arabic
CPP_INO_T,ino_t,cpp,romanised:romenagri,romanised:romenagri,,,romanised:romenagri,,romanised:romenagri,,,,,,,,,romanised:romenagri,romanised:romenagri,romanised:romenagri,,,,romanised:romenagri,,romanised:romenagri,,,romanised:romenagri
CPP_INT,int,cpp,authored,authored,authored,authored,authored,authored,authored,authored,authored,authored,authored,authored,authored,authored,authored,authored,authored,authored,authored,authored,authored,authored,authored,authored,authored,authored,authored
CPP_ISALNUM,isalnum,cpp,projected:perso-arabic,projected:aramaic,projected:bengali,projected:bengali,projected:perso-arabic,projected:gujarati,projected:hebrew,authored,projected:kannada,projected:sharada,projected:malayalam,projected:devanagari,projected:devanagari,projected:oriya,projected:devanagari,projected:perso-arabic,projected:perso-arabic,projected:phoenician,projected:devanagari,projected:gurmukhi,projected:devanagari,projected:perso-arabic,projected:khudawadi,projected:syriac,projected:tamil,projected:telugu,projected:perso-arabic
CPP_ISALPHA,isalpha,cpp,projected:perso-arabic,projected:aramaic,projected:bengali,projected:bengali,projected:perso-arabic,projected:gujarati,projected:hebrew,authored,projected:kannada,projected:sharada,projected:malayalam,projected:devanagari,projected:devanagari,projected:oriya,projected:devanagari,projected:perso-arabic,projected:perso-arabic,projected:phoenician,projected:devanagari,projected:gurmukhi,projected:devanagari,projected:perso-arabic,projected:khudawadi,projected:syriac,projected:tamil,projected:telugu,projected:perso-arabic
CPP_ISATTY,isatty,cpp,romanised:romenagri,romanised:romenagri,,,romanised:romenagri,,romanised:romenagri,,,,,,,,,romanised:romenagri,romanised:romenagri,romanised:romenagri,,,,romanised:romenagri,,romanised:romenagri,,,romanised:romenagri
CPP_ISCNTRL,iscntrl,cpp,projected:perso-arabic,projected:aramaic,projected:bengali,projected:bengali,projected:perso-arabic,projected:gujarati,projected:hebrew,authored,projected:kannada,projected:sharada,projected:malayalam,projected:devanagari,projected:devanagari,projected:oriya,projected:devanagari,projected:perso-arabic,projected:perso-arabic,projected:phoenician,projected:devanagari,projected:gurmukhi,projected:devanagari,projected:perso-arabic,projected:khudawadi,projected:syriac,projected:tamil,projected:telugu,projected:perso-arabic
CPP_ISDIGIT,isdigit,cpp,projected:perso-arabic,projected:aramaic,projected:bengali,projected:bengali,projected:perso-arabic,projected:gujarati,projected:hebrew,authored,projected:kannada,projected:sharada,projected:malayalam,projected:devanagari,projected:devanagari,projected:oriya,projected:devanagari,projected:perso-arabic,projected:perso-arabic,projected:phoenician,projected:devanagari,projected:gurmukhi,projected:devanagari,projected:perso-arabic,projected:khudawadi,projected:syriac,projected:tamil,projected:telugu,projected:perso-arabic
CPP_ISFINITE,isfinite,cpp,projected:perso-arabic,projected:aramaic,projected:bengali,projected:bengali,projected:perso-arabic,projected:gujarati,projected:hebrew,authored,projected:kannada,projected:sharada,projected:malayalam,projected:devanagari,projected:devanagari,projected:oriya,projected:devanagari,projected:perso-arabic,projected:perso-arabic,projected:phoenician,projected:devanagari,projected:gurmukhi,projected:devanagari,projected:perso-arabic,projected:khudawadi,projected:syriac,projected:tamil,projected:telugu,projected:perso-arabic
CPP_ISGRAPH,isgraph,cpp,projected:perso-arabic,projected:aramaic,projected:bengali,projected:bengali,projected:perso-arabic,projected:gujarati,projected:hebrew,authored,projected:kannada,projected:sharada,projected:malayalam,projected:devanagari,projected:devanagari,projected:oriya,projected:devanagari,projected:perso-arabic,projected:perso-arabic,projected:phoenician,projected:devanagari,projected:gurmukhi,projected:devanagari,projected:perso-arabic,projected:khudawadi,projected:syriac,projected:tamil,projected:telugu,projected:perso-arabic
CPP_ISLOWER,islower,cpp,projected:perso-arabic,projected:aramaic,projected:bengali,projected:bengali,projected:perso-arabic,projected:gujarati,projected:hebrew,authored,projected:kannada,projected:sharada,projected:malayalam,projected:devanagari,projected:devanagari,projected:oriya,projected:devanagari,projected:perso-arabic,projected:perso-arabic,projected:phoenician,projected:devanagari,projected:gurmukhi,projected:devanagari,projected:perso-arabic,projected:khudawadi,projected:syriac,projected:tamil,projected:telugu,projected:perso-arabic
CPP_ISNAN,isnan,cpp,romanised:romenagri,romanised:romenagri,,,romanised:romenagri,,romanised:romenagri,,,,,,,,,romanised:romenagri,romanised:romenagri,romanised:romenagri,,,,romanised:romenagri,,romanised:romenagri,,,romanised:romenagri
CPP_ISNORMAL,isnormal,cpp,romanised:romenagri,romanised:romenagri,,,romanised:romenagri,,romanised:romenagri,,,,,,,,,romanised:romenagri,romanised:romenagri,romanised:romenagri,,,,romanised:romenagri,,romanised:romenagri,,,romanised:romenagri
CPP_ISODIGIT,isodigit,cpp,projected:perso-arabic,projected:aramaic,projected:bengali,projected:bengali,projected:perso-arabic,projected:gujarati,projected:hebrew,authored,projected:kannada,projected:sharada,projected:malayalam,projected:devanagari,projected:devanagari,projected:oriya,projected:devanagari,projected:perso-arabic,projected:perso-arabic,projected:phoenician,projected:devanagari,projected:gurmukhi,projected:devanagari,projected:perso-arabic,projected:khudawadi,projected:syriac,projected:tamil,projected:telugu,projected:perso-arabic
CPP_ISPRINT,isprint,cpp,projected:perso-arabic,projected:aramaic,projected:bengali,projected:bengali,projected:perso-arabic,projected:gujarati,projected:hebrew,authored,projected:kannada,projected:sharada,projected:malayalam,projected:devanagari,projected:devanagari,projected:oriya,projected:devanagari,projected:perso-arabic,projected:perso-arabic,projected:phoenician,projected:devanagari,projected:gurmukhi,projected:devanagari,projected:perso-arabic,projected:khudawadi,projected:syriac,projected:tamil,projected:telugu,projected:perso-arabic
CPP_ISPUNCT,ispunct,cpp,projected:perso-arabic,projected:aramaic,projected:bengali,projected:bengali,projected:perso-arabic,projected:gujarati,projected:hebrew,authored,projected:kannada,projected:sharada,projected:malayalam,projected:devanagari,projected:devanagari,projected:oriya,projected:devanagari,projected:perso-arabic,projected:perso-arabic,projected:phoenician,projected:devanagari,projected:gurmukhi,projected:devanagari,projected:perso-arabic,projected:khudawadi,projected:syriac,projected:tamil,projected:telugu,projected:perso-arabic
CPP_ISSPACE,isspace,cpp,projected:perso-arabic,projected:aramaic,projected:bengali,projected:bengali,projected:perso-arabic,projected:gujarati,projected:hebrew,authored,projected:kannada,projected:sharada,projected:malayalam,projected:devanagari,projected:devanagari,projected:oriya,projected:devanagari,projected:perso-arabic,projected:perso-arabic,projected:phoenician,projected:devanagari,projected:gurmukhi,projected:devanagari,projected:perso-arabic,projected:khudawadi,projected:syriac,projected:tamil,projected:telugu,projected:perso-arabic
CPP_ISUPPER,isupper,cpp,projected:perso-arabic,projected:aramaic,projected:bengali,projected:bengali,projected:perso-arabic,projected:gujarati,projected:hebrew,authored,projected:kannada,projected:sharada,projected:malayalam,projected:devanagari,projected:devanagari,projected:oriya,projected:devanagari,projected:perso-arabic,projected:perso-arabic,projected:phoenician,projected:devanagari,projected:gurmukhi,projected:devanagari,projected:perso-arabic,projected:khudawadi,projected:syriac,projected:tamil,projected:telugu,projected:perso-arabic
CPP_ISXDIGIT,isxdigit,cpp,projected:perso-arabic,projected:aramaic,projected:bengali,projected:bengali,projected:perso-arabic,projected:gujarati,projected:hebrew,authored,projected:kannada,projected:sharada,projected:malayalam,projected:devanagari,projected:devanagari,projected:oriya,projected:devanagari,projected:perso-arabic,projected:perso-arabic,projected:phoenician,projected:devanagari,projected:gurmukhi,projected:devanagari,projected:perso-arabic,projected:khudawadi,projected:syriac,projected:tamil,projected:telugu,projected:perso-arabic
CPP_ITOA,itoa,cpp,romanised:romenagri,romanised:romenagri,,,romanised:romenagri,,romanised:romenagri,,,,,,,,,romanised:romenagri,romanised:romenagri,romanised:romenagri,,,,romanised:romenagri,,romanised:romenagri,,,romanised:romenagri
CPP_JMP_BUF,jmp_buf,cpp,projected:perso-arabic,projected:aramaic,projected:bengali,projected:bengali,projected:perso-arabic,projected:gujarati,projected:hebrew,authored,projected:kannada,projected:sharada,projected:malayalam,projected:devanagari,projected:devanagari,projected:oriya,projected:devanagari,projected:perso-arabic,projected:perso-arabic,projected:phoenician,projected:devanagari,projected:gurmukhi,projected:devanagari,projected:perso-arabic,projected:khudawadi,projected:syriac,projected:tamil,projected:telugu,projected:perso-arabic
CPP_KILL,kill,cpp,projected:perso-arabic,projected:aramaic,projected:bengali,projected:bengali,projected:perso-arabic,projected:gujarati,projected:hebrew,authored,projected:kannada,projected:sharada,projected:malayalam,projected:devanagari,projected:devanagari,projected:oriya,projected:devanagari,projected:perso-arabic,projected:perso-arabic,projected:phoenician,projected:devanagari,projected:gurmukhi,projected:devanagari,projected:perso-arabic,projected:khudawadi,projected:syriac,projected:tamil,projected:telugu,projected:perso-arabic
CPP_LABS,labs,cpp,projected:perso-arabic,projected:aramaic,projected:bengali,projected:bengali,projected:perso-arabic,projected:gujarati,projected:hebrew,authored,projected:kannada,projected:sharada,projected:malayalam,projected:devanagari,projected:devanagari,projected:oriya,projected:devanagari,projected:perso-arabic,projected:perso-arabic,projected:phoenician,projected:devanagari,projected:gurmukhi,projected:devanagari,projected:perso-arabic,projected:khudawadi,projected:syriac,projected:tamil,projected:telugu,projected:perso-arabic
CPP_LCONV,lconv,cpp,projected:perso-arabic,projected:aramaic,projected:bengali,projected:bengali,projected:perso-arabic,projected:gujarati,projected:hebrew,authored,projected:kannada,projected:sharada,projected:malayalam,projected:devanagari,projected:devanagari,projected:oriya,projected:devanagari,projected:perso-arabic,projected:perso-arabic,projected:phoenician,projected:devanagari,projected:gurmukhi,projected:devanagari,projected:perso-arabic,projected:khudawadi,projected:syriac,projected:tamil,projected:telugu,projected:perso-arabic
CPP_LDEXP,ldexp,cpp,romanised:romenagri,romanised:romenagri,,,romanised:romenagri,,romanised:romenagri,,,,,,,,,romanised:romenagri,romanised:romenagri,romanised:romenagri,,,,romanised:romenagri,,romanised:romenagri,,,romanised:romenagri
CPP_LDIV,ldiv,cpp,projected:perso-arabic,projected:aramaic,projected:bengali,projected:bengali,projected:perso-arabic,projected:gujarati,projected:hebrew,authored,projected:kannada,projected:sharada,projected:malayalam,projected:devanagari,projected:devanagari,projected:oriya,projected:devanagari,projected:perso-arabic,projected:perso-arabic,projected:phoenician,projected:devanagari,projected:gurmukhi,projected:devanagari,projected:perso-arabic,projected:khudawadi,projected:syriac,projected:tamil,projected:telugu,projected:perso-arabic
CPP_LDIV_T,ldiv_t,cpp,projected:perso-arabic,projected:aramaic,projected:bengali,projected:bengali,projected:perso-arabic,projected:gujarati,projected:hebrew,authored,projected:kannada,projected:sharada,projected:malayalam,projected:devanagari,projected:devanagari,projected:oriya,projected:devanagari,projected:perso-arabic,projected:perso-arabic,projected:phoenician,projected:devanagari,projected:gurmukhi,projected:devanagari,projected:perso-arabic,projected:khudawadi,projected:syriac,projected:tamil,projected:telugu,projected:perso-arabic
CPP_LINK,link,cpp,romanised:romenagri,romanised:romenagri,,,romanised:romenagri,,romanised:romenagri,,,,,,,,,romanised:romenagri,romanised:romenagri,romanised:romenagri,,,,romanised:romenagri,,romanised:romenagri,,,romanised:romenagri
CPP_LOCALECONV,localeconv,cpp,projected:perso-arabic,projected:aramaic,projected:bengali,projected:bengali,projected:perso-arabic,projected:gujarati,projected:hebrew,authored,projected:kannada,projected:sharada,projected:malayalam,projected:devanagari,projected:devanagari,projected:oriya,projected:devanagari,projected:perso-arabic,projected:perso-arabic,projected:phoenician,projected:devanagari,projected:gurmukhi,projected:devanagari,projected:perso-arabic,projected:khudawadi,projected:syriac,projected:tamil,projected:telugu,projected:perso-arabic
CPP_LOCALTIME,localtime,cpp,projected:perso-arabic,projected:aramaic,projected:bengali,projected:bengali,projected:perso-arabic,projected:gujarati,projected:hebrew,authored,projected:kannada,projected:sharada,projected:malayalam,projected:devanagari,projected:devanagari,projected:oriya,projected:devanagari,projected:perso-arabic,projected:perso-arabic,projected:phoenician,projected:devanagari,projected:gurmukhi,projected:devanagari,projected:perso-arabic,projected:khudawadi,projected:syriac,projected:tamil,projected:telugu,projected:perso-arabic
CPP_LOG,log,cpp,romanised:romenagri,romanised:romenagri,,,romanised:romenagri,,romanised:romenagri,,,,,,,,,romanised:romenagri,romanised:romenagri,romanised:romenagri,,,,romanised:romenagri,,romanised:romenagri,,,romanised:romenagri
CPP_LOG10,log10,cpp,romanised:romenagri,romanised:romenagri,,,romanised:romenagri,,romanised:romenagri,,,,,,,,,romanised:romenagri,romanised:romenagri,romanised:romenagri,,,,romanised:romenagri,,romanised:romenagri,,,romanised:romenagri
CPP_LOG2,log2,cpp,romanised:romenagri,romanised:romenagri,,,romanised:romenagri,,romanised:romenagri,,,,,,,,,romanised:romenagri,romanised:romenagri,romanised:romenagri,,,,romanised:romenagri,,romanised:romenagri,,,romanised:romenagri
CPP_LONG,long,cpp,projected:perso-arabic,projected:aramaic,projected:bengali,projected:bengali,projected:perso-arabic,projected:gujarati,projected:hebrew,authored,projected:kannada,projected:sharada,projected:malayalam,projected:devanagari,projected:devanagari,projected:oriya,projected:devanagari,projected:perso-arabic,projected:perso-arabic,projected:phoenician,projected:devanagari,projected:gurmukhi,projected:devanagari,projected:perso-arabic,projected:khudawadi,projected:syriac,projected:tamil,projected:telugu,projected:perso-arabic
CPP_LONGJMP,longjmp,cpp,projected:perso-arabic,projected:aramaic,projected:bengali,projected:bengali,projected:perso-arabic,projected:gujarati,projected:hebrew,authored,projected:kannada,projected:sharada,projected:malayalam,projected:devanagari,projected:devanagari,projected:oriya,projected:devanagari,projected:perso-arabic,projected:perso-arabic,projected:phoenician,projected:devanagari,projected:gurmukhi,projected:devanagari,projected:perso-arabic,projected:khudawadi,projected:syriac,projected:tamil,projected:telugu,projected:perso-arabic
CPP_LSEEK,lseek,cpp,romanised:romenagri,romanised:romenagri,,,romanised:romenagri,,romanised:romenagri,,,,,,,,,romanised:romenagri,romanised:romenagri,romanised:romenagri,,,,romanised:romenagri,,romanised:romenagri,,,romanised:romenagri
CPP_MALLOC,malloc,cpp,projected:perso-arabic,projected:aramaic,projected:bengali,projected:bengali,projected:perso-arabic,projected:gujarati,projected:hebrew,authored,projected:kannada,projected:sharada,projected:malayalam,projected:devanagari,projected:devanagari,projected:oriya,projected:devanagari,projected:perso-arabic,projected:perso-arabic,projected:phoenician,projected:devanagari,projected:gurmukhi,projected:devanagari,projected:perso-arabic,projected:khudawadi,projected:syriac,projected:tamil,projected:telugu,projected:perso-arabic
CPP_MBLEN,mblen,cpp,romanised:romenagri,romanised:romenagri,,,romanised:romenagri,,romanised:romenagri,,,,,,,,,romanised:romenagri,romanised:romenagri,romanised:romenagri,,,,romanised:romenagri,,romanised:romenagri,,,romanised:romenagri
CPP_MBSTOWCS,mbstowcs,cpp,romanised:romenagri,romanised:romenagri,,,romanised:romenagri,,romanised:romenagri,,,,,,,,,romanised:romenagri,romanised:romenagri,romanised:romenagri,,,,romanised:romenagri,,romanised:romenagri,,,romanised:romenagri
CPP_MBTOWC,mbtowc,cpp,romanised:romenagri,romanised:romenagri,,,romanised:romenagri,,romanised:romenagri,,,,,,,,,romanised:romenagri,romanised:romenagri,romanised:romenagri,,,,romanised:romenagri,,romanised:romenagri,,,romanised:romenagri
CPP_MEMCHR,memchr,cpp,projected:perso-arabic,projected:aramaic,projected:bengali,projected:bengali,projected:perso-arabic,projected:gujarati,projected:hebrew,authored,projected:kannada,projected:sharada,projected:malayalam,projected:devanagari,projected:devanagari,projected:oriya,projected:devanagari,projected:perso-arabic,projected:perso-arabic,projected:phoenician,projected:devanagari,projected:gurmukhi,projected:devanagari,projected:perso-arabic,projected:khudawadi,projected:syriac,projected:tamil,projected:telugu,projected:perso-arabic
CPP_MEMCMP,memcmp,cpp,projected:perso-arabic,projected:aramaic,projected:bengali,projected:bengali,projected:perso-arabic,projected:gujarati,projected:hebrew,authored,projected:kannada,projected:sharada,projected:malayalam,projected:devanagari,projected:devanagari,projected:oriya,projected:devanagari,projected:perso-arabic,projected:perso-arabic,projected:phoenician,projected:devanagari,projected:gurmukhi,projected:devanagari,projected:perso-arabic,projected:khudawadi,projected:syriac,projected:tamil,projected:telugu,projected:perso-arabic
CPP_MEMCPY,memcpy,cpp,projected:perso-arabic,projected:aramaic,projected:bengali,projected:bengali,projected:perso-arabic,projected:gujarati,projected:hebrew,authored,projected:kannada,projected:sharada,projected:malayalam,projected:devanagari,projected:devanagari,projected:oriya,projected:devanagari,projected:perso-arabic,projected:perso-arabic,projected:phoenician,projected:devanagari,projected:gurmukhi,projected:devanagari,projected:perso-arabic,projected:khudawadi,projected:syriac,projected:tamil,projected:telugu,projected:perso-arabic
CPP_MEMMOVE,memmove,cpp,projected:perso-arabic,projected:aramaic,projected:bengali,projected:bengali,projected:perso-arabic,projected:gujarati,projected:hebrew,authored,projected:kannada,projected:sharada,projected:malayalam,projected:devanagari,projected:devanagari,projected:oriya,projected:devanagari,projected:perso-arabic,projected:perso-arabic,projected:phoenician,projected:devanagari,projected:gurmukhi,projected:devanagari,projected:perso-arabic,projected:khudawadi,projected:syriac,projected:tamil,projected:telugu,projected:perso-arabic
CPP_MEMSET,memset,cpp,projected:perso-arabic,projected:aramaic,projected:bengali,projected:bengali,projected:perso-arabic,projected:gujarati,projected:hebrew,authored,projected:kannada,projected:sharada,projected:malayalam,projected:devanagari,projected:devanagari,projected:oriya,projected:devanagari,projected:perso-arabic,projected:perso-arabic,projected:phoenician,projected:devanagari,projected:gurmukhi,projected:devanagari,projected:perso-arabic,projected:khudawadi,projected:syriac,projected:tamil,projected:telugu,projected:perso-arabic
CPP_MKDIR,mkdir,cpp,projected:perso-arabic,projected:aramaic,projected:bengali,projected:bengali,projected:perso-arabic,projected:gujarati,projected:hebrew,authored,projected:kannada,projected:sharada,projected:malayalam,projected:devanagari,projected:devanagari,projected:oriya,projected:devanagari,projected:perso-arabic,projected:perso-arabic,projected:phoenician,projected:devanagari,projected:gurmukhi,projected:devanagari,projected:perso-arabic,projected:khudawadi,projected:syriac,projected:tamil,projected:telugu,projected:perso-arabic
CPP_MKFIFO,mkfifo,cpp,romanised:romenagri,romanised:romenagri,,,romanised:romenagri,,romanised:romenagri,,,,,,,,,romanised:romenagri,romanised:romenagri,romanised:romenagri,,,,romanised:romenagri,,romanised:romenagri,,,romanised:romenagri
CPP_MKTIME,mktime,cpp,projected:perso-arabic,projected:aramaic,projected:bengali,projected:bengali,projected:perso-arabic,projected:gujarati,projected:hebrew,authored,projected:kannada,projected:sharada,projected:malayalam,projected:devanagari,projected:devanagari,projected:oriya,projected:devanagari,projected:perso-arabic,projected:perso-arabic,projected:phoenician,projected:devanagari,projected:gurmukhi,projected:devanagari,projected:perso-arabic,projected:khudawadi,projected:syriac,projected:tamil,projected:telugu,projected:perso-arabic
CPP_MODE_T,mode_t,cpp,romanised:romenagri,romanised:romenagri,,,romanised:romenagri,,romanised:romenagri,,,,,,,,,romanised:romenagri,romanised:romenagri,romanised:romenagri,,,,romanised:romenagri,,romanised:romenagri,,,romanised:romenagri
CPP_MODF,modf,cpp,romanised:romenagri,romanised:romenagri,,,romanised:romenagri,,romanised:romenagri,,,,,,,,,romanised:romenagri,romanised:romenagri,romanised:romenagri,,,,romanised:romenagri,,romanised:romenagri,,,romanised:romenagri
CPP_NEW,new,cpp,authored,authored,authored,authored,authored,authored,authored,authored,authored,authored,authored,authored,authored,authored,authored,authored,authored,authored,authored,authored,authored,authored,authored,authored,authored,authored,authored
CPP_NLINK_T,nlink_t,cpp,romanised:romenagri,romanised:romenagri,,,romanised:romenagri,,romanised:romenagri,,,,,,,,,romanised:romenagri,romanised:romenagri,romanised:romenagri,,,,romanised:romenagri,,romanised:romenagri,,,romanised:romenagri
CPP_NTOHL,ntohl,cpp,romanised:romenagri,romanised:romenagri,,,romanised:romenagri,,romanised:romenagri,,,,,,,,,romanised:romenagri,romanised:romenagri,romanised:romenagri,,,,romanised:romenagri,,romanised:romenagri,,,romanised:romenagri
CPP_NTOHS,ntohs,cpp,romanised:romenagri,romanised:romenagri,,,romanised:romenagri,,romanised:romenagri,,,,,,,,,romanised:romenagri,romanised:romenagri,romanised:romenagri,,,,romanised:romenagri,,romanised:romenagri,,,romanised:romenagri
CPP_OFF_T,off_t,cpp,romanised:romenagri,romanised:romenagri,,,romanised:romenagri,,romanised:romenagri,,,,,,,,,romanised:romenagri,romanised:romenagri,romanised:romenagri,,,,romanised:romenagri,,romanised:romenagri,,,romanised:romenagri
CPP_OFFSETOF,offsetof,cpp,projected:perso-arabic,projected:aramaic,projected:bengali,projected:bengali,projected:perso-arabic,projected:gujarati,projected:hebrew,authored,projected:kannada,projected:sharada,projected:malayalam,projected:devanagari,projected:devanagari,projected:oriya,projected:devanagari,projected:perso-arabic,projected:perso-arabic,projected:phoenician,projected:devanagari,projected:gurmukhi,projected:devanagari,projected:perso-arabic,projected:khudawadi,projected:syriac,projected:tamil,projected:telugu,projected:perso-arabic
CPP_OPEN,open,cpp,projected:perso-arabic,projected:aramaic,projected:bengali,projected:bengali,projected:perso-arabic,projected:gujarati,projected:hebrew,authored,projected:kannada,projected:sharada,projected:malayalam,projected:devanagari,projected:devanagari,projected:oriya,projected:devanagari,projected:perso-arabic,projected:perso-arabic,projected:phoenician,projected:devanagari,projected:gurmukhi,projected:devanagari,projected:perso-arabic,projected:khudawadi,projected:syriac,projected:tamil,projected:telugu,projected:perso-arabic
CPP_OPENDIR,opendir,cpp,projected:perso-arabic,projected:aramaic,projected:bengali,projected:bengali,projected:perso-arabic,projected:gujarati,projected:hebrew,authored,projected:kannada,projected:sharada,projected:malayalam,projected:devanagari,projected:devanagari,projected:oriya,projected:devanagari,projected:perso-arabic,projected:perso-arabic,projected:phoenician,projected:devanagari,projected:gurmukhi,projected:devanagari,projected:perso-arabic,projected:khudawadi,projected:syriac,projected:tamil,projected:telugu,projected:perso-arabic
CPP_OPERATOR,operator,cpp,projected:perso-arabic,projected:aramaic,projected:bengali,projected:bengali,projected:perso-arabic,projected:gujarati,projected:hebrew,authored,projected:kannada,projected:sharada,projected:malayalam,projected:devanagari,projected:devanagari,projected:oriya,projected:devanagari,projected:perso-arabic,projected:perso-arabic,projected:phoenician,projected:devanagari,projected:gurmukhi,projected:devanagari,projected:perso-arabic,projected:khudawadi,projected:syriac,projected:tamil,projected:telugu,projected:perso-arabic
CPP_PASSWD,passwd,cpp,romanised:romenagri,romanised:romenagri,,,romanised:romenagri,,romanised:romenagri,,,,,,,,,romanised:romenagri,romanised:romenagri,romanised:romenagri,,,,romanised:romenagri,,romanised:romenagri,,,romanised:romenagri
CPP_PAUSE,pause,cpp,projected:perso-arabic,projected:aramaic,projected:bengali,projected:bengali,projected:perso-arabic,projected:gujarati,projected:hebrew,authored,projected:kannada,projected:sharada,projected:malayalam,projected:devanagari,projected:devanagari,projected:oriya,projected:devanagari,projected:perso-arabic,projected:perso-arabic,projected:phoenician,projected:devanagari,projected:gurmukhi,projected:devanagari,projected:perso-arabic,projected:khudawadi,projected:syriac,projected:tamil,projected:telugu,projected:perso-arabic
CPP_PCLOSE,pclose,cpp,romanised:romenagri,romanised:romenagri,,,romanised:romenagri,,romanised:romenagri,,,,,,,,,romanised:romenagri,romanised:romenagri,romanised:romenagri,,,,romanised:romenagri,,romanised:romenagri,,,romanised:romenagri
CPP_PERROR,perror,cpp,projected:perso-arabic,projected:aramaic,projected:bengali,projected:bengali,projected:perso-arabic,projected:gujarati,projected:hebrew,authored,projected:kannada,projected:sharada,projected:malayalam,projected:devanagari,projected:devanagari,projected:oriya,projected:devanagari,projected:perso-arabic,projected:perso-arabic,projected:phoenician,projected:devanagari,projected:gurmukhi,projected:devanagari,projected:perso-arabic,projected:khudawadi,projected:syriac,projected:tamil,projected:telugu,projected:perso-arabic
CPP_PID_T,pid_t,cpp,romanised:romenagri,romanised:romenagri,,,romanised:romenagri,,romanised:romenagri,,,,,,,,,romanised:romenagri,romanised:romenagri,romanised:romenagri,,,,romanised:romenagri,,romanised:romenagri,,,romanised:romenagri
CPP_PIPE,pipe,cpp,romanised:romenagri,romanised:romenagri,,,romanised:romenagri,,romanised:romenagri,,,,,,,,,romanised:romenagri,romanised:romenagri,romanised:romenagri,,,,romanised:romenagri,,romanised:romenagri,,,romanised:romenagri
CPP_POPEN,popen,cpp,romanised:romenagri,romanised:romenagri,,,romanised:romenagri,,romanised:romenagri,,,,,,,,,romanised:romenagri,romanised:romenagri,romanised:romenagri,,,,romanised:romenagri,,romanised:romenagri,,,romanised:romenagri
CPP_POW,pow,cpp,projected:perso-arabic,projected:aramaic,projected:bengali,projected:bengali,projected:perso-arabic,projected:gujarati,projected:hebrew,authored,projected:kannada,projected:sharada,projected:malayalam,projected:devanagari,projected:devanagari,projected:oriya,projected:devanagari,projected:perso-arabic,projected:perso-arabic,projected:phoenician,projected:devanagari,projected:gurmukhi,projected:devanagari,projected:perso-arabic,projected:khudawadi,projected:syriac,projected:tamil,projected:telugu,projected:perso-arabic
CPP_POW2,pow2,cpp,romanised:romenagri,romanised:romenagri,,,romanised:romenagri,,romanised:romenagri,,,,,,,,,romanised:romenagri,romanised:romenagri,romanised:romenagri,,,,romanised:romenagri,,romanised:romenagri,,,romanised:romenagri
CPP_PRINTF,printf,cpp,authored,authored,authored,authored,authored,authored,authored,authored,authored,authored,authored,authored,authored,authored,authored,authored,authored,authored,authored,authored,authored,authored,authored,authored,authored,authored,authored
CPP_PRIVATE,private,cpp,authored,authored,authored,authored,authored,authored,authored,authored,authored,authored,authored,authored,authored,authored,authored,authored,authored,authored,authored,authored,authored,authored,authored,authored,authored,authored,authored
CPP_PROTECTED,protected,cpp,projected:perso-arabic,projected:aramaic,projected:bengali,projected:bengali,projected:perso-arabic,projected:gujarati,projected:hebrew,authored,projected:kannada,projected:sharada,projected:malayalam,projected:devanagari,projected:devanagari,projected:oriya,projected:devanagari,projected:perso-arabic,projected:perso-arabic,projected:phoenician,projected:devanagari,projected:gurmukhi,projected:devanagari,projected:perso-arabic,projected:khudawadi,projected:syriac,projected:tamil,projected:telugu,projected:perso-arabic
CPP_PSIGNAL,psignal,cpp,romanised:romenagri,romanised:romenagri,,,romanised:romenagri,,romanised:romenagri,,,,,,,,,romanised:romenagri,romanised:romenagri,romanised:romenagri,,,,romanised:romenagri,,romanised:romenagri,,,romanised:romenagri
CPP_PTRDIFF_T,ptrdiff_t,cpp,projected:perso-arabic,projected:aramaic,projected:bengali,projected:bengali,projected:perso-arabic,projected:gujarati,projected:hebrew,authored,projected:kannada,projected:sharada,projected:malayalam,projected:devanagari,projected:devanagari,projected:oriya,projected:devanagari,projected:perso-arabic,projected:perso-arabic,projected:phoenician,projected:devanagari,projected:gurmukhi,projected:devanagari,projected:perso-arabic,projected:khudawadi,projected:syriac,projected:tamil,projected:telugu,projected:perso-arabic
CPP_PUBLIC,public,cpp,authored,authored,authored,authored,authored,authored,authored,authored,authored,authored,authored,authored,authored,authored,authored,authored,authored,authored,authored,authored,authored,authored,authored,authored,authored,authored,authored
CPP_PUTC,putc,cpp,projected:perso-arabic,projected:aramaic,projected:bengali,projected:bengali,projected:perso-arabic,projected:gujarati,projected:hebrew,authored,projected:kannada,projected:sharada,projected:malayalam,projected:devanagari,projected:devanagari,projected:oriya,projected:devanagari,projected:perso-arabic,projected:perso-arabic,projected:phoenician,projected:devanagari,projected:gurmukhi,projected:devanagari,projected:perso-arabic,projected:khudawadi,projected:syriac,projected:tamil,projected:telugu,projected:perso-arabic
CPP_PUTCHAR,putchar,cpp,projected:perso-arabic,projected:aramaic,projected:bengali,projected:bengali,projected:perso-arabic,projected:gujarati,projected:hebrew,authored,projected:kannada,projected:sharada,projected:malayalam,projected:devanagari,projected:devanagari,projected:oriya,projected:devanagari,projected:perso-arabic,projected:perso-arabic,projected:phoenician,projected:devanagari,projected:gurmukhi,projected:devanagari,projected:perso-arabic,projected:khudawadi,projected:syriac,projected:tamil,projected:telugu,projected:perso-arabic
CPP_PUTS,puts,cpp,projected:perso-arabic,projected:aramaic,projected:bengali,projected:bengali,projected:perso-arabic,projected:gujarati,projected:hebrew,authored,projected:kannada,projected:sharada,projected:malayalam,projected:devanagari,projected:devanagari,projected:oriya,projected:devanagari,projected:perso-arabic,projected:perso-arabic,projected:phoenician,projected:devanagari,projected:gurmukhi,projected:devanagari,projected:perso-arabic,projected:khudawadi,projected:syriac,projected:tamil,projected:telugu,projected:perso-arabic
CPP_QSORT,qsort,cpp,projected:perso-arabic,projected:aramaic,projected:bengali,projected:bengali,projected:perso-arabic,projected:gujarati,projected:hebrew,authored,projected:kannada,projected:sharada,projected:malayalam,projected:devanagari,projected:devanagari,projected:oriya,projected:devanagari,projected:perso-arabic,projected:perso-arabic,projected:phoenician,projected:devanagari,projected:gurmukhi,projected:devanagari,projected:perso-arabic,projected:khudawadi,projected:syriac,projected:tamil,projected:telugu,projected:perso-arabic
CPP_RAISE,raise,cpp,projected:perso-arabic,projected:aramaic,projected:bengali,projected:bengali,projected:perso-arabic,projected:gujarati,projected:hebrew,authored,projected:kannada,projected:sharada,projected:malayalam,projected:devanagari,projected:devanagari,projected:oriya,projected:devanagari,projected:perso-arabic,projected:perso-arabic,projected:phoenician,projected:devanagari,projected:gurmukhi,projected:devanagari,projected:perso-arabic,projected:khudawadi,projected:syriac,projected:tamil,projected:telugu,projected:perso-arabic
CPP_RAND,rand,cpp,projected:perso-arabic,projected:aramaic,projected:bengali,projected:bengali,projected:perso-arabic,projected:gujarati,projected:hebrew,authored,projected:kannada,projected:sharada,projected:malayalam,projected:devanagari,projected:devanagari,projected:oriya,projected:devanagari,projected:perso-arabic,projected:perso-arabic,projected:phoenician,projected:devanagari,projected:gurmukhi,projected:devanagari,projected:perso-arabic,projected:khudawadi,projected:syriac,projected:tamil,projected:telugu,projected:perso-arabic
CPP_RAND48,rand48,cpp,romanised:romenagri,romanised:romenagri,,,romanised:romenagri,,romanised:romenagri,,,,,,,,,romanised:romenagri,romanised:romenagri,romanised:romenagri,,,,romanised:romenagri,,romanised:romenagri,,,romanised:romenagri
CPP_READ,read,cpp,projected:perso-arabic,projected:aramaic,projected:bengali,projected:bengali,projected:perso-arabic,projected:gujarati,projected:hebrew,authored,projected:kannada,projected:sharada,projected:malayalam,projected:devanagari,projected:devanagari,projected:oriya,projected:devanagari,projected:perso-arabic,projected:perso-arabic,projected:phoenician,projected:devanagari,projected:gurmukhi,projected:devanagari,projected:perso-arabic,projected:khudawadi,projected:syriac,projected:tamil,projected:telugu,projected:perso-arabic
CPP_READDIR,readdir,cpp,projected:perso-arabic,projected:aramaic,projected:bengali,projected:bengali,projected:perso-arabic,projected:gujarati,projected:hebrew,authored,projected:kannada,projected:sharada,projected:malayalam,projected:devanagari,projected:devanagari,projected:oriya,projected:devanagari,projected:perso-arabic,projected:perso-arabic,projected:phoenician,projected:devanagari,projected:gurmukhi,projected:devanagari,projected:perso-arabic,projected:khudawadi,projected:syriac,projected:tamil,projected:telugu,projected:perso-arabic
CPP_REALLOC,realloc,cpp,projected:perso-arabic,projected:aramaic,projected:bengali,projected:bengali,projected:perso-arabic,projected:gujarati,projected:hebrew,authored,projected:kannada,projected:sharada,projected:malayalam,projected:devanagari,projected:devanagari,projected:oriya,projected:devanagari,projected:perso-arabic,projected:perso-arabic,projected:phoenician,projected:devanagari,projected:gurmukhi,projected:devanagari,projected:perso-arabic,projected:khudawadi,projected:syriac,projected:tamil,projected:telugu,projected:perso-arabic
CPP_REGISTER,register,cpp,projected:perso-arabic,projected:aramaic,projected:bengali,projected:bengali,projected:perso-arabic,projected:gujarati,projected:hebrew,authored,projected:kannada,projected:sharada,projected:malayalam,projected:devanagari,projected:devanagari,projected:oriya,projected:devanagari,projected:perso-arabic,projected:perso-arabic,projected:phoenician,projected:devanagari,projected:gurmukhi,projected:devanagari,projected:perso-arabic,projected:khudawadi,projected:syriac,projected:tamil,projected:telugu,projected:perso-arabic
CPP_REMOVE,remove,cpp,projected:perso-arabic,projected:aramaic,projected:bengali,projected:bengali,projected:perso-arabic,projected:gujarati,projected:hebrew,authored,projected:kannada,projected:sharada,projected:malayalam,projected:devanagari,projected:devanagari,projected:oriya,projected:devanagari,projected:perso-arabic,projected:perso-arabic,projected:phoenician,projected:devanagari,projected:gurmukhi,projected:devanagari,projected:perso-arabic,projected:khudawadi,projected:syriac,projected:tamil,projected:telugu,projected:perso-arabic
CPP_RENAME,rename,cpp,projected:perso-arabic,projected:aramaic,projected:bengali,projected:bengali,projected:perso-arabic,projected:gujarati,projected:hebrew,authored,projected:kannada,projected:sharada,projected:malayalam,projected:devanagari,projected:devanagari,projected:oriya,projected:devanagari,projected:perso-arabic,projected:perso-arabic,projected:phoenician,projected:devanagari,projected:gurmukhi,projected:devanagari,projected:perso-arabic,projected:khudawadi,projected:syriac,projected:tamil,projected:telugu,projected:perso-arabic
CPP_RETURN,return,cpp,authored,authored,authored,authored,authored,authored,authored,authored,authored,authored,authored,authored,authored,authored,authored,authored,authored,authored,authored,authored,authored,authored,authored,authored,authored,authored,authored
CPP_REWIND,rewind,cpp,projected:perso-arabic,projected:aramaic,projected:bengali,projected:bengali,projected:perso-arabic,projected:gujarati,projected:hebrew,authored,projected:kannada,projected:sharada,projected:malayalam,projected:devanagari,projected:devanagari,projected:oriya,projected:devanagari,projected:perso-arabic,projected:perso-arabic,projected:phoenician,projected:devanagari,projected:gurmukhi,projected:devanagari,projected:perso-arabic,projected:khudawadi,projected:syriac,projected:tamil,projected:telugu,projected:perso-arabic
CPP_REWINDDIR,rewinddir,cpp,projected:perso-arabic,projected:aramaic,projected:bengali,projected:bengali,projected:perso-arabic,projected:gujarati,projected:hebrew,authored,projected:kannada,projected:sharada,projected:malayalam,projected:devanagari,projected:devanagari,projected:oriya,projected:devanagari,projected:perso-arabic,projected:perso-arabic,projected:phoenician,projected:devanagari,projected:gurmukhi,projected:devanagari,projected:perso-arabic,projected:khudawadi,projected:syriac,projected:tamil,projected:telugu,projected:perso-arabic
CPP_RMDIR,rmdir,cpp,projected:perso-arabic,projected:aramaic,projected:bengali,projected:bengali,projected:perso-arabic,projected:gujarati,projected:hebrew,authored,projected:kannada,projected:sharada,projected:malayalam,projected:devanagari,projected:devanagari,projected:oriya,projected:devanagari,projected:perso-arabic,projected:perso-arabic,projected:phoenician,projected:devanagari,projected:gurmukhi,projected:devanagari,projected:perso-arabic,projected:khudawadi,projected:syriac,projected:tamil,projected:telugu,projected:perso-arabic
CPP_RUN_CHILD,run_child,cpp,romanised:romenagri,romanised:romenagri,,,romanised:romenagri,,romanised:romenagri,,,,,,,,,romanised:romenagri,romanised:romenagri,romanised:romenagri,,,,romanised:romenagri,,romanised:romenagri,,,romanised:romenagri
CPP_SCANF,scanf,cpp,authored,authored,authored,authored,authored,authored,authored,authored,authored,authored,authored,authored,authored,authored,authored,authored,authored,authored,authored,authored,authored,authored,authored,authored,authored,authored,authored
CPP_SETBUF,setbuf,cpp,projected:perso-arabic,projected:aramaic,projected:bengali,projected:bengali,projected:perso-arabic,projected:gujarati,projected:hebrew,authored,projected:kannada,projected:sharada,projected:malayalam,projected:devanagari,projected:devanagari,projected:oriya,projected:devanagari,projected:perso-arabic,projected:perso-arabic,projected:phoenician,projected:devanagari,projected:gurmukhi,projected:devanagari,projected:perso-arabic,projected:khudawadi,projected:syriac,projected:tamil,projected:telugu,projected:perso-arabic
CPP_SETENV,setenv,cpp,romanised:romenagri,romanised:romenagri,,,romanised:romenagri,,romanised:romenagri,,,,,,,,,romanised:romenagri,romanised:romenagri,romanised:romenagri,,,,romanised:romenagri,,romanised:romenagri,,,romanised:romenagri
CPP_SETGID,setgid,cpp,romanised:romenagri,romanised:romenagri,,,romanised:romenagri,,romanised:romenagri,,,,,,,,,romanised:romenagri,romanised:romenagri,romanised:romenagri,,,,romanised:romenagri,,romanised:romenagri,,,romanised:romenagri
CPP_SETJMP,setjmp,cpp,projected:perso-arabic,projected:aramaic,projected:bengali,projected:bengali,projected:perso-arabic,projected:gujarati,projected:hebrew,authored,projected:kannada,projected:sharada,projected:malayalam,projected:devanagari,projected:devanagari,projected:oriya,projected:devanagari,projected:perso-arabic,projected:perso-arabic,projected:phoenician,projected:devanagari,projected:gurmukhi,projected:devanagari,projected:perso-arabic,projected:khudawadi,projected:syriac,projected:tamil,projected:telugu,projected:perso-arabic
CPP_SETLOCALE,setlocale,cpp,projected:perso-arabic,projected:aramaic,projected:bengali,projected:bengali,projected:perso-arabic,projected:gujarati,projected:hebrew,authored,projected:kannada,projected:sharada,projected:malayalam,projected:devanagari,projected:devanagari,projected:oriya,projected:devanagari,projected:perso-arabic,projected:perso-arabic,projected:phoenician,projected:devanagari,projected:gurmukhi,projected:devanagari,projected:perso-arabic,projected:khudawadi,projected:syriac,projected:tamil,projected:telugu,projected:perso-arabic
CPP_SETPGID,setpgid,cpp,romanised:romenagri,romanised:romenagri,,,romanised:romenagri,,romanised:romenagri,,,,,,,,,romanised:romenagri,romanised:romenagri,romanised:romenagri,,,,romanised:romenagri,,romanised:romenagri,,,romanised:romenagri
CPP_SETSID,setsid,cpp,romanised:romenagri,romanised:romenagri,,,romanised:romenagri,,romanised:romenagri,,,,,,,,,romanised:romenagri,romanised:romenagri,romanised:romenagri,,,,romanised:romenagri,,romanised:romenagri,,,romanised:romenagri
CPP_SETUID,setuid,cpp,romanised:romenagri,romanised:romenagri,,,romanised:romenagri,,romanised:romenagri,,,,,,,,,romanised:romenagri,romanised:romenagri,romanised:romenagri,,,,romanised:romenagri,,romanised:romenagri,,,romanised:romenagri
CPP_SETVBUF,setvbuf,cpp,projected:perso-arabic,projected:aramaic,projected:bengali,projected:bengali,projected:perso-arabic,projected:gujarati,projected:hebrew,authored,projected:kannada,projected:sharada,projected:malayalam,projected:devanagari,projected:devanagari,projected:oriya,projected:devanagari,projected:perso-arabic,projected:perso-arabic,projected:phoenician,projected:devanagari,projected:gurmukhi,projected:devanagari,projected:perso-arabic,projected:khudawadi,projected:syriac,projected:tamil,projected:telugu,projected:perso-arabic
CPP_SHORT,short,cpp,projected:perso-arabic,projected:aramaic,projected:bengali,projected:bengali,projected:perso-arabic,projected:gujarati,projected:hebrew,authored,projected:kannada,projected:sharada,projected:malayalam,projected:devanagari,projected:devanagari,projected:oriya,projected:devanagari,projected:perso-arabic,projected:perso-arabic,projected:phoenician,projected:devanagari,projected:gurmukhi,projected:devanagari,projected:perso-arabic,projected:khudawadi,projected:syriac,projected:tamil,projected:telugu,projected:perso-arabic
CPP_SIG_ATOMIC_T,sig_atomic_t,cpp,projected:perso-arabic,projected:aramaic,projected:bengali,projected:bengali,projected:perso-arabic,projected:gujarati,projected:hebrew,authored,projected:kannada,projected:sharada,projected:malayalam,projected:devanagari,projected:devanagari,projected:oriya,projected:devanagari,projected:perso-arabic,projected:perso-arabic,projected:phoenician,projected:devanagari,projected:gurmukhi,projected:devanagari,projected:perso-arabic,projected:khudawadi,projected:syriac,projected:tamil,projected:telugu,projected:perso-arabic
CPP_SIGACTION,sigaction,cpp,romanised:romenagri,romanised:romenagri,,,romanised:romenagri,,romanised:romenagri,,,,,,,,,romanised:romenagri,romanised:romenagri,romanised:romenagri,,,,romanised:romenagri,,romanised:romenagri,,,romanised:romenagri
CPP_SIGADDSET,sigaddset,cpp,romanised:romenagri,romanised:romenagri,,,romanised:romenagri,,romanised:romenagri,,,,,,,,,romanised:romenagri,romanised:romenagri,romanised:romenagri,,,,romanised:romenagri,,romanised:romenagri,,,romanised:romenagri
CPP_SIGEMPTYSET,sigemptyset,cpp,romanised:romenagri,romanised:romenagri,,,romanised:romenagri,,romanised:romenagri,,,,,,,,,romanised:romenagri,romanised:romenagri,romanised:romenagri,,,,romanised:romenagri,,romanised:romenagri,,,romanised:romenagri
CPP_SIGFILLSET,sigfillset,cpp,romanised:romenagri,romanised:romenagri,,,romanised:romenagri,,romanised:romenagri,,,,,,,,,romanised:romenagri,romanised:romenagri,romanised:romenagri,,,,romanised:romenagri,,romanised:romenagri,,,romanised:romenagri
CPP_SIGISMEMBER,sigismember,cpp,romanised:romenagri,romanised:romenagri,,,romanised:romenagri,,romanised:romenagri,,,,,,,,,romanised:romenagri,romanised:romenagri,romanised:romenagri,,,,romanised:romenagri,,romanised:romenagri,,,romanised:romenagri
CPP_SIGJMP_BUF,sigjmp_buf,cpp,romanised:romenagri,romanised:romenagri,,,romanised:romenagri,,romanised:romenagri,,,,,,,,,romanised:romenagri,romanised:romenagri,romanised:romenagri,,,,romanised:romenagri,,romanised:romenagri,,,romanised:romenagri
CPP_SIGLONGJMP,siglongjmp,cpp,romanised:romenagri,romanised:romenagri,,,romanised:romenagri,,romanised:romenagri,,,,,,,,,romanised:romenagri,romanised:romenagri,romanised:romenagri,,,,romanised:romenagri,,romanised:romenagri,,,romanised:romenagri
CPP_SIGNAL,signal,cpp,projected:perso-arabic,projected:aramaic,projected:bengali,projected:bengali,projected:perso-arabic,projected:gujarati,projected:hebrew,authored,projected:kannada,projected:sharada,projected:malayalam,projected:devanagari,projected:devanagari,projected:oriya,projected:devanagari,projected:perso-arabic,projected:perso-arabic,projected:phoenician,projected:devanagari,projected:gurmukhi,projected:devanagari,projected:perso-arabic,projected:khudawadi,projected:syriac,projected:tamil,projected:telugu,projected:perso-arabic
CPP_SIGNED,signed,cpp,projected:perso-arabic,projected:aramaic,projected:bengali,projected:bengali,projected:perso-arabic,projected:gujarati,projected:hebrew,authored,projected:kannada,projected:sharada,projected:malayalam,projected:devanagari,projected:devanagari,projected:oriya,projected:devanagari,projected:perso-arabic,projected:perso-arabic,projected:phoenician,projected:devanagari,projected:gurmukhi,projected:devanagari,projected:perso-arabic,projected:khudawadi,projected:syriac,projected:tamil,projected:telugu,projected:perso-arabic
CPP_SIGPENDING,sigpending,cpp,projected:perso-arabic,projected:aramaic,projected:bengali,projected:bengali,projected:perso-arabic,projected:gujarati,projected:hebrew,authored,projected:kannada,projected:sharada,projected:malayalam,projected:devanagari,projected:devanagari,projected:oriya,projected:devanagari,projected:perso-arabic,projected:perso-arabic,projected:phoenician,projected:devanagari,projected:gurmukhi,projected:devanagari,projected:perso-arabic,projected:khudawadi,projected:syriac,projected:tamil,projected:telugu,projected:perso-arabic
CPP_SIGPROCMASK,sigprocmask,cpp,romanised:romenagri,romanised:romenagri,,,romanised:romenagri,,romanised:romenagri,,,,,,,,,romanised:romenagri,romanised:romenagri,romanised:romenagri,,,,romanised:romenagri,,romanised:romenagri,,,romanised:romenagri
CPP_SIGSET_T,sigset_t,cpp,romanised:romenagri,romanised:romenagri,,,romanised:romenagri,,romanised:romenagri,,,,,,,,,romanised:romenagri,romanised:romenagri,romanised:romenagri,,,,romanised:romenagri,,romanised:romenagri,,,romanised:romenagri
CPP_SIGSETJMP,sigsetjmp,cpp,romanised:romenagri,romanised:romenagri,,,romanised:romenagri,,romanised:romenagri,,,,,,,,,romanised:romenagri,romanised:romenagri,romanised:romenagri,,,,romanised:romenagri,,romanised:romenagri,,,romanised:romenagri
CPP_SIGSUSPEND,sigsuspend,cpp,projected:perso-arabic,projected:aramaic,projected:bengali,projected:bengali,projected:perso-arabic,projected:gujarati,projected:hebrew,authored,projected:kannada,projected:sharada,projected:malayalam,projected:devanagari,projected:devanagari,projected:oriya,projected:devanagari,projected:perso-arabic,projected:perso-arabic,projected:phoenician,projected:devanagari,projected:gurmukhi,projected:devanagari,projected:perso-arabic,projected:khudawadi,projected:syriac,projected:tamil,projected:telugu,projected:perso-arabic
CPP_SIN,sin,cpp,romanised:romenagri,romanised:romenagri,,,romanised:romenagri,,romanised:romenagri,,,,,,,,,romanised:romenagri,romanised:romenagri,romanised:romenagri,,,,romanised:romenagri,,romanised:romenagri,,,romanised:romenagri
CPP_SINH,sinh,cpp,romanised:romenagri,romanised:romenagri,,,romanised:romenagri,,romanised:romenagri,,,,,,,,,romanised:romenagri,romanised:romenagri,romanised:romenagri,,,,romanised:romenagri,,romanised:romenagri,,,romanised:romenagri
CPP_SIZE_T,size_t,cpp,projected:perso-arabic,projected:aramaic,projected:bengali,projected:bengali,projected:perso-arabic,projected:gujarati,projected:hebrew,authored,projected:kannada,projected:sharada,projected:malayalam,projected:devanagari,projected:devanagari,projected:oriya,projected:devanagari,projected:perso-arabic,projected:perso-arabic,projected:phoenician,projected:devanagari,projected:gurmukhi,projected:devanagari,projected:perso-arabic,projected:khudawadi,projected:syriac,projected:tamil,projected:telugu,projected:perso-arabic
CPP_SIZEOF,sizeof,cpp,projected:perso-arabic,projected:aramaic,projected:bengali,projected:bengali,projected:perso-arabic,projected:gujarati,projected:hebrew,authored,projected:kannada,projected:sharada,projected:malayalam,projected:devanagari,projected:devanagari,projected:oriya,projected:devanagari,projected:perso-arabic,projected:perso-arabic,projected:phoenician,projected:devanagari,projected:gurmukhi,projected:devanagari,projected:perso-arabic,projected:khudawadi,projected:syriac,projected:tamil,projected:telugu,projected:perso-arabic
CPP_SLEEP,sleep,cpp,romanised:romenagri,romanised:romenagri,,,romanised:romenagri,,romanised:romenagri,,,,,,,,,romanised:romenagri,romanised:romenagri,romanised:romenagri,,,,romanised:romenagri,,romanised:romenagri,,,romanised:romenagri
CPP_SPEED_T,speed_t,cpp,romanised:romenagri,romanised:romenagri,,,romanised:romenagri,,romanised:romenagri,,,,,,,,,romanised:romenagri,romanised:romenagri,romanised:romenagri,,,,romanised:romenagri,,romanised:romenagri,,,romanised:romenagri
CPP_SPRINTF,sprintf,cpp,projected:perso-arabic,projected:aramaic,projected:bengali,projected:bengali,projected:perso-arabic,projected:gujarati,projected:hebrew,authored,projected:kannada,projected:sharada,projected:malayalam,projected:devanagari,projected:devanagari,projected:oriya,projected:devanagari,projected:perso-arabic,projected:perso-arabic,projected:phoenician,projected:devanagari,projected:gurmukhi,projected:devanagari,projected:perso-arabic,projected:khudawadi,projected:syriac,projected:tamil,projected:telugu,projected:perso-arabic
CPP_SQRT,sqrt,cpp,projected:perso-arabic,projected:aramaic,projected:bengali,projected:bengali,projected:perso-arabic,projected:gujarati,projected:hebrew,authored,projected:kannada,projected:sharada,projected:malayalam,projected:devanagari,projected:devanagari,projected:oriya,projected:devanagari,projected:perso-arabic,projected:perso-arabic,projected:phoenician,projected:devanagari,projected:gurmukhi,projected:devanagari,projected:perso-arabic,projected:khudawadi,projected:syriac,projected:tamil,projected:telugu,projected:perso-arabic
CPP_SRAND,srand,cpp,projected:perso-arabic,projected:aramaic,projected:bengali,projected:bengali,projected:perso-arabic,projected:gujarati,projected:hebrew,authored,projected:kannada,projected:sharada,projected:malayalam,projected:devanagari,projected:devanagari,projected:oriya,projected:devanagari,projected:perso-arabic,projected:perso-arabic,projected:phoenician,projected:devanagari,projected:gurmukhi,projected:devanagari,projected:perso-arabic,projected:khudawadi,projected:syriac,projected:tamil,projected:telugu,projected:perso-arabic
CPP_SSCANF,sscanf,cpp,projected:perso-arabic,projected:aramaic,projected:bengali,projected:bengali,projected:perso-arabic,projected:gujarati,projected:hebrew,authored,projected:kannada,projected:sharada,projected:malayalam,projected:devanagari,projected:devanagari,projected:oriya,projected:devanagari,projected:perso-arabic,projected:perso-arabic,projected:phoenician,projected:devanagari,projected:gurmukhi,projected:devanagari,projected:perso-arabic,projected:khudawadi,projected:syriac,projected:tamil,projected:telugu,projected:perso-arabic
CPP_SSIZE_T,ssize_t,cpp,romanised:romenagri,romanised:romenagri,,,romanised:romenagri,,romanised:romenagri,,,,,,,,,romanised:romenagri,romanised:romenagri,romanised:romenagri,,,,romanised:romenagri,,romanised:romenagri,,,romanised:romenagri
CPP_STACKAVAIL,stackavail,cpp,romanised:romenagri,romanised:romenagri,,,romanised:romenagri,,romanised:romenagri,,,,,,,,,romanised:romenagri,romanised:romenagri,romanised:romenagri,,,,romanised:romenagri,,romanised:romenagri,,,romanised:romenagri
CPP_STAT,stat,cpp,romanised:romenagri,romanised:romenagri,,,romanised:romenagri,,romanised:romenagri,,,,,,,,,romanised:romenagri,romanised:romenagri,romanised:romenagri,,,,romanised:romenagri,,romanised:romenagri,,,romanised:romenagri
CPP_STATFS,statfs,cpp,romanised:romenagri,romanised:romenagri,,,romanised:romenagri,,romanised:romenagri,,,,,,,,,romanised:romenagri,romanised:romenagri,romanised:romenagri,,,,romanised:romenagri,,romanised:romenagri,,,romanised:romenagri
CPP_STATIC,static,cpp,authored,authored,authored,authored,authored,authored,authored,authored,authored,authored,authored,authored,authored,authored,authored,authored,authored,authored,authored,authored,authored,authored,authored,authored,authored,authored,authored
CPP_STDERR,stderr,cpp,projected:perso-arabic,projected:aramaic,projected:bengali,projected:bengali,projected:perso-arabic,projected:gujarati,projected:hebrew,authored,projected:kannada,projected:sharada,projected:malayalam,projected:devanagari,projected:devanagari,projected:oriya,projected:devanagari,projected:perso-arabic,projected:perso-arabic,projected:phoenician,projected:devanagari,projected:gurmukhi,projected:devanagari,projected:perso-arabic,projected:khudawadi,projected:syriac,projected:tamil,projected:telugu,projected:perso-arabic
CPP_STDIN,stdin,cpp,projected:perso-arabic,projected:aramaic,projected:bengali,projected:bengali,projected:perso-arabic,projected:gujarati,projected:hebrew,authored,projected:kannada,projected:sharada,projected:malayalam,projected:devanagari,projected:devanagari,projected:oriya,projected:devanagari,projected:perso-arabic,projected:perso-arabic,projected:phoenician,projected:devanagari,projected:gurmukhi,projected:devanagari,projected:perso-arabic,projected:khudawadi,projected:syriac,projected:tamil,projected:telugu,projected:perso-arabic
CPP_STDOUT,stdout,cpp,projected:perso-arabic,projected:aramaic,projected:bengali,projected:bengali,projected:perso-arabic,projected:gujarati,projected:hebrew,authored,projected:kannada,projected:sharada,projected:malayalam,projected:devanagari,projected:devanagari,projected:oriya,projected:devanagari,projected:perso-arabic,projected:perso-arabic,projected:phoenician,projected:devanagari,projected:gurmukhi,projected:devanagari,projected:perso-arabic,projected:khudawadi,projected:syriac,projected:tamil,projected:telugu,projected:perso-arabic
CPP_STKCOLL,stkcoll,cpp,romanised:romenagri,romanised:romenagri,,,romanised:romenagri,,romanised:romenagri,,,,,,,,,romanised:romenagri,romanised:romenagri,romanised:romenagri,,,,romanised:romenagri,,romanised:romenagri,,,romanised:romenagri
CPP_STRCAT,strcat,cpp,projected:perso-arabic,projected:aramaic,projected:bengali,projected:bengali,projected:perso-arabic,projected:gujarati,projected:hebrew,authored,projected:kannada,projected:sharada,projected:malayalam,projected:devanagari,projected:devanagari,projected:oriya,projected:devanagari,projected:perso-arabic,projected:perso-arabic,projected:phoenician,projected:devanagari,projected:gurmukhi,projected:devanagari,projected:perso-arabic,projected:khudawadi,projected:syriac,projected:tamil,projected:telugu,projected:perso-arabic
CPP_STRCHR,strchr,cpp,projected:perso-arabic,projected:aramaic,projected:bengali,projected:bengali,projected:perso-arabic,projected:gujarati,projected:hebrew,authored,projected:kannada,projected:sharada,projected:malayalam,projected:devanagari,projected:devanagari,projected:oriya,projected:devanagari,projected:perso-arabic,projected:perso-arabic,projected:phoenician,projected:devanagari,projected:gurmukhi,projected:devanagari,projected:perso-arabic,projected:khudawadi,projected:syriac,projected:tamil,projected:telugu,projected:perso-arabic
CPP_STRCMP,strcmp,cpp,projected:perso-arabic,projected:aramaic,projected:bengali,projected:bengali,projected:perso-arabic,projected:gujarati,projected:hebrew,authored,projected:kannada,projected:sharada,projected:malayalam,projected:devanagari,projected:devanagari,projected:oriya,projected:devanagari,projected:perso-arabic,projected:perso-arabic,projected:phoenician,projected:devanagari,projected:gurmukhi,projected:devanagari,projected:perso-arabic,projected:khudawadi,projected:syriac,projected:tamil,projected:telugu,projected:perso-arabic
CPP_STRCOLL,strcoll,cpp,romanised:romenagri,romanised:romenagri,,,romanised:romenagri,,romanised:romenagri,,,,,,,,,romanised:romenagri,romanised:romenagri,romanised:romenagri,,,,romanised:romenagri,,romanised:romenagri,,,romanised:romenagri
CPP_STRCPY,strcpy,cpp,projected:perso-arabic,projected:aramaic,projected:bengali,projected:bengali,projected:perso-arabic,projected:gujarati,projected:hebrew,authored,projected:kannada,projected:sharada,projected:malayalam,projected:devanagari,projected:devanagari,projected:oriya,projected:devanagari,projected:perso-arabic,projected:perso-arabic,projected:phoenician,projected:devanagari,projected:gurmukhi,projected:devanagari,projected:perso-arabic,projected:khudawadi,projected:syriac,projected:tamil,projected:telugu,projected:perso-arabic
CPP_STRCSPN,strcspn,cpp,projected:perso-arabic,projected:aramaic,projected:bengali,projected:bengali,projected:perso-arabic,projected:gujarati,projected:hebrew,authored,projected:kannada,projected:sharada,projected:malayalam,projected:devanagari,projected:devanagari,projected:oriya,projected:devanagari,projected:perso-arabic,projected:perso-arabic,projected:phoenician,projected:devanagari,projected:gurmukhi,projected:devanagari,projected:perso-arabic,projected:khudawadi,projected:syriac,projected:tamil,projected:telugu,projected:perso-arabic
CPP_STRERROR,strerror,cpp,projected:perso-arabic,projected:aramaic,projected:bengali,projected:bengali,projected:perso-arabic,projected:gujarati,projected:hebrew,authored,projected:kannada,projected:sharada,projected:malayalam,projected:devanagari,projected:devanagari,projected:oriya,projected:devanagari,projected:perso-arabic,projected:perso-arabic,projected:phoenician,projected:devanagari,projected:gurmukhi,projected:devanagari,projected:perso-arabic,projected:khudawadi,projected:syriac,projected:tamil,projected:telugu,projected:perso-arabic
CPP_STRFTIME,strftime,cpp,projected:perso-arabic,projected:aramaic,projected:bengali,projected:bengali,projected:perso-arabic,projected:gujarati,projected:hebrew,authored,projected:kannada,projected:sharada,projected:malayalam,projected:devanagari,projected:devanagari,projected:oriya,projected:devanagari,projected:perso-arabic,projected:perso-arabic,projected:phoenician,projected:devanagari,projected:gurmukhi,projected:devanagari,projected:perso-arabic,projected:khudawadi,projected:syriac,projected:tamil,projected:telugu,projected:perso-arabic
CPP_STRLEN,strlen,cpp,projected:perso-arabic,projected:aramaic,projected:bengali,projected:bengali,projected:perso-arabic,projected:gujarati,projected:hebrew,authored,projected:kannada,projected:sharada,projected:malayalam,projected:devanagari,projected:devanagari,projected:oriya,projected:devanagari,projected:perso-arabic,projected:perso-arabic,projected:phoenician,projected:devanagari,projected:gurmukhi,projected:devanagari,projected:perso-arabic,projected:khudawadi,projected:syriac,projected:tamil,projected:telugu,projected:perso-arabic
CPP_STRNCAT,strncat,cpp,projected:perso-arabic,projected:aramaic,projected:bengali,projected:bengali,projected:perso-arabic,projected:gujarati,projected:hebrew,authored,projected:kannada,projected:sharada,projected:malayalam,projected:devanagari,projected:devanagari,projected:oriya,projected:devanagari,projected:perso-arabic,projected:perso-arabic,projected:phoenician,projected:devanagari,projected:gurmukhi,projected:devanagari,projected:perso-arabic,projected:khudawadi,projected:syriac,projected:tamil,projected:telugu,projected:perso-arabic
CPP_STRNCMP,strncmp,cpp,projected:perso-arabic,projected:aramaic,projected:bengali,projected:bengali,projected:perso-arabic,projected:gujarati,projected:hebrew,authored,projected:kannada,projected:sharada,projected:malayalam,projected:devanagari,projected:devanagari,projected:oriya,projected:devanagari,projected:perso-arabic,projected:perso-arabic,projected:phoenician,projected:devanagari,projected:gurmukhi,projected:devanagari,projected:perso-arabic,projected:khudawadi,projected:syriac,projected:tamil,projected:telugu,projected:perso-arabic
CPP_STRNCPY,strncpy,cpp,projected:perso-arabic,projected:aramaic,projected:bengali,projected:bengali,projected:perso-arabic,projected:gujarati,projected:hebrew,authored,projected:kannada,projected:sharada,projected:malayalam,projected:devanagari,projected:devanagari,projected:oriya,projected:devanagari,projected:perso-arabic,projected:perso-arabic,projected:phoenician,projected:devanagari,projected:gurmukhi,projected:devanagari,projected:perso-arabic,projected:khudawadi,projected:syriac,projected:tamil,projected:telugu,projected:perso-arabic
CPP_STRPBRK,strpbrk,cpp,romanised:romenagri,romanised:romenagri,,,romanised:romenagri,,romanised:romenagri,,,,,,,,,romanised:romenagri,romanised:romenagri,romanised:romenagri,,,,romanised:romenagri,,romanised:romenagri,,,romanised:romenagri
CPP_STRRCHR,strrchr,cpp,projected:perso-arabic,projected:aramaic,projected:bengali,projected:bengali,projected:perso-arabic,projected:gujarati,projected:hebrew,authored,projected:kannada,projected:sharada,projected:malayalam,projected:devanagari,projected:devanagari,projected:oriya,projected:devanagari,projected:perso-arabic,projected:perso-arabic,projected:phoenician,projected:devanagari,projected:gurmukhi,projected:devanagari,projected:perso-arabic,projected:khudawadi,projected:syriac,projected:tamil,projected:telugu,projected:perso-arabic
CPP_STRSEP,strsep,cpp,romanised:romenagri,romanised:romenagri,,,romanised:romenagri,,romanised:romenagri,,,,,,,,,romanised:romenagri,romanised:romenagri,romanised:romenagri,,,,romanised:romenagri,,romanised:romenagri,,,romanised:romenagri
CPP_STRSPN,strspn,cpp,projected:perso-arabic,projected:aramaic,projected:bengali,projected:bengali,projected:perso-arabic,projected:gujarati,projected:hebrew,authored,projected:kannada,projected:sharada,projected:malayalam,projected:devanagari,projected:devanagari,projected:oriya,projected:devanagari,projected:perso-arabic,projected:perso-arabic,projected:phoenician,projected:devanagari,projected:gurmukhi,projected:devanagari,projected:perso-arabic,projected:khudawadi,projected:syriac,projected:tamil,projected:telugu,projected:perso-arabic
CPP_STRSTR,strstr,cpp,projected:perso-arabic,projected:aramaic,projected:bengali,projected:bengali,projected:perso-arabic,projected:gujarati,projected:hebrew,authored,projected:kannada,projected:sharada,projected:malayalam,projected:devanagari,projected:devanagari,projected:oriya,projected:devanagari,projected:perso-arabic,projected:perso-arabic,projected:phoenician,projected:devanagari,projected:gurmukhi,projected:devanagari,projected:perso-arabic,projected:khudawadi,projected:syriac,projected:tamil,projected:telugu,projected:perso-arabic
CPP_STRTOD,strtod,cpp,projected:perso-arabic,projected:aramaic,projected:bengali,projected:bengali,projected:perso-arabic,projected:gujarati,projected:hebrew,authored,projected:kannada,projected:sharada,projected:malayalam,projected:devanagari,projected:devanagari,projected:oriya,projected:devanagari,projected:perso-arabic,projected:perso-arabic,projected:phoenician,projected:devanagari,projected:gurmukhi,projected:devanagari,projected:perso-arabic,projected:khudawadi,projected:syriac,projected:tamil,projected:telugu,projected:perso-arabic
CPP_STRTOK,strtok,cpp,projected:perso-arabic,projected:aramaic,projected:bengali,projected:bengali,projected:perso-arabic,projected:gujarati,projected:hebrew,authored,projected:kannada,projected:sharada,projected:malayalam,projected:devanagari,projected:devanagari,projected:oriya,projected:devanagari,projected:perso-arabic,projected:perso-arabic,projected:phoenician,projected:devanagari,projected:gurmukhi,projected:devanagari,projected:perso-arabic,projected:khudawadi,projected:syriac,projected:tamil,projected:telugu,projected:perso-arabic
CPP_STRTOL,strtol,cpp,projected:perso-arabic,projected:aramaic,projected:bengali,projected:bengali,projected:perso-arabic,projected:gujarati,projected:hebrew,authored,projected:kannada,projected:sharada,projected:malayalam,projected:devanagari,projected:devanagari,projected:oriya,projected:devanagari,projected:perso-arabic,projected:perso-arabic,projected:phoenician,projected:devanagari,projected:gurmukhi,projected:devanagari,projected:perso-arabic,projected:khudawadi,projected:syriac,projected:tamil,projected:telugu,projected:perso-arabic
CPP_STRTOUL,strtoul,cpp,projected:perso-arabic,projected:aramaic,projected:bengali,projected:bengali,projected:perso-arabic,projected:gujarati,projected:hebrew,authored,projected:kannada,projected:sharada,projected:malayalam,projected:devanagari,projected:devanagari,projected:oriya,projected:devanagari,projected:perso-arabic,projected:perso-arabic,projected:phoenician,projected:devanagari,projected:gurmukhi,projected:devanagari,projected:perso-arabic,projected:khudawadi,projected:syriac,projected:tamil,projected:telugu,projected:perso-arabic
CPP_STRUCT,struct,cpp,authored,authored,authored,authored,authored,authored,authored,authored,authored,authored,authored,authored,authored,authored,authored,authored,authored,authored,authored,authored,authored,authored,authored,authored,authored,authored,authored
CPP_STRXFRM,strxfrm,cpp,romanised:romenagri,romanised:romenagri,,,romanised:romenagri,,romanised:romenagri,,,,,,,,,romanised:romenagri,romanised:romenagri,romanised:romenagri,,,,romanised:romenagri,,romanised:romenagri,,,romanised:romenagri
CPP_SWITCH,switch,cpp,authored,authored,authored,authored,authored,authored,authored,authored,authored,authored,authored,authored,authored,authored,authored,authored,authored,authored,authored,authored,authored,authored,authored,authored,authored,authored,authored
CPP_SYNC,sync,cpp,romanised:romenagri,romanised:romenagri,,,romanised:romenagri,,romanised:romenagri,,,,,,,,,romanised:romenagri,romanised:romenagri,romanised:romenagri,,,,romanised:romenagri,,romanised:romenagri,,,romanised:romenagri
CPP_SYS_ERRLIST,sys_errlist,cpp,romanised:romenagri,romanised:romenagri,,,romanised:romenagri,,romanised:romenagri,,,,,,,,,romanised:romenagri,romanised:romenagri,romanised:romenagri,,,,romanised:romenagri,,romanised:romenagri,,,romanised:romenagri
CPP_SYS_NERR,sys_nerr,cpp,romanised:romenagri,romanised:romenagri,,,romanised:romenagri,,romanised:romenagri,,,,,,,,,romanised:romenagri,romanised:romenagri,romanised:romenagri,,,,romanised:romenagri,,romanised:romenagri,,,romanised:romenagri
CPP_SYSCONF,sysconf,cpp,romanised:romenagri,romanised:romenagri,,,romanised:romenagri,,romanised:romenagri,,,,,,,,,romanised:romenagri,romanised:romenagri,romanised:romenagri,,,,romanised:romenagri,,romanised:romenagri,,,romanised:romenagri
CPP_SYSTEM,system,cpp,projected:perso-arabic,projected:aramaic,projected:bengali,projected:bengali,projected:perso-arabic,projected:gujarati,projected:hebrew,authored,projected:kannada,projected:sharada,projected:malayalam,projected:devanagari,projected:devanagari,projected:oriya,projected:devanagari,projected:perso-arabic,projected:perso-arabic,projected:phoenician,projected:devanagari,projected:gurmukhi,projected:devanagari,projected:perso-arabic,projected:khudawadi,projected:syriac,projected:tamil,projected:telugu,projected:perso-arabic
CPP_TAN,tan,cpp,romanised:romenagri,romanised:romenagri,,,romanised:romenagri,,romanised:romenagri,,,,,,,,,romanised:romenagri,romanised:romenagri,romanised:romenagri,,,,romanised:romenagri,,romanised:romenagri,,,romanised:romenagri
CPP_TANH,tanh,cpp,romanised:romenagri,romanised:romenagri,,,romanised:romenagri,,romanised:romenagri,,,,,,,,,romanised:romenagri,romanised:romenagri,romanised:romenagri,,,,romanised:romenagri,,romanised:romenagri,,,romanised:romenagri
CPP_TCDRAIN,tcdrain,cpp,romanised:romenagri,romanised:romenagri,,,romanised:romenagri,,romanised:romenagri,,,,,,,,,romanised:romenagri,romanised:romenagri,romanised:romenagri,,,,romanised:romenagri,,romanised:romenagri,,,romanised:romenagri
CPP_TCFLAG_T,tcflag_t,cpp,romanised:romenagri,romanised:romenagri,,,romanised:romenagri,,romanised:romenagri,,,,,,,,,romanised:romenagri,romanised:romenagri,romanised:romenagri,,,,romanised:romenagri,,romanised:romenagri,,,romanised:romenagri
CPP_TCFLOW,tcflow,cpp,romanised:romenagri,romanised:romenagri,,,romanised:romenagri,,romanised:romenagri,,,,,,,,,romanised:romenagri,romanised:romenagri,romanised:romenagri,,,,romanised:romenagri,,romanised:romenagri,,,romanised:romenagri
CPP_TCFLUSH,tcflush,cpp,romanised:romenagri,romanised:romenagri,,,romanised:romenagri,,romanised:romenagri,,,,,,,,,romanised:romenagri,romanised:romenagri,romanised:romenagri,,,,romanised:romenagri,,romanised:romenagri,,,romanised:romenagri
CPP_TCGETATTR,tcgetattr,cpp,romanised:romenagri,romanised:romenagri,,,romanised:romenagri,,romanised:romenagri,,,,,,,,,romanised:romenagri,romanised:romenagri,romanised:romenagri,,,,romanised:romenagri,,romanised:romenagri,,,romanised:romenagri
CPP_TCGETPGRP,tcgetpgrp,cpp,romanised:romenagri,romanised:romenagri,,,romanised:romenagri,,romanised:romenagri,,,,,,,,,romanised:romenagri,romanised:romenagri,romanised:romenagri,,,,romanised:romenagri,,romanised:romenagri,,,romanised:romenagri
CPP_TCSENDBREAK,tcsendbreak,cpp,romanised:romenagri,romanised:romenagri,,,romanised:romenagri,,romanised:romenagri,,,,,,,,,romanised:romenagri,romanised:romenagri,romanised:romenagri,,,,romanised:romenagri,,romanised:romenagri,,,romanised:romenagri
CPP_TCSETATTR,tcsetattr,cpp,romanised:romenagri,romanised:romenagri,,,romanised:romenagri,,romanised:romenagri,,,,,,,,,romanised:romenagri,romanised:romenagri,romanised:romenagri,,,,romanised:romenagri,,romanised:romenagri,,,romanised:romenagri
CPP_TCSETPGRP,tcsetpgrp,cpp,romanised:romenagri,romanised:romenagri,,,romanised:romenagri,,romanised:romenagri,,,,,,,,,romanised:romenagri,romanised:romenagri,romanised:romenagri,,,,romanised:romenagri,,romanised:romenagri,,,romanised:romenagri
CPP_TEMPLATE,template,cpp,projected:perso-arabic,projected:aramaic,projected:bengali,projected:bengali,projected:perso-arabic,projected:gujarati,projected:hebrew,authored,projected:kannada,projected:sharada,projected:malayalam,projected:devanagari,projected:devanagari,projected:oriya,projected:devanagari,projected:perso-arabic,projected:perso-arabic,projected:phoenician,projected:devanagari,projected:gurmukhi,projected:devanagari,projected:perso-arabic,projected:khudawadi,projected:syriac,projected:tamil,projected:telugu,projected:perso-arabic
CPP_TEMPNAM,tempnam,cpp,romanised:romenagri,romanised:romenagri,,,romanised:romenagri,,romanised:romenagri,,,,,,,,,romanised:romenagri,romanised:romenagri,romanised:romenagri,,,,romanised:romenagri,,romanised:romenagri,,,romanised:romenagri
CPP_TERMINATE,terminate,cpp,romanised:romenagri,romanised:romenagri,,,romanised:romenagri,,romanised:romenagri,,,,,,,,,romanised:romenagri,romanised:romenagri,romanised:romenagri,,,,romanised:romenagri,,romanised:romenagri,,,romanised:romenagri
CPP_TERMIOS,termios,cpp,romanised:romenagri,romanised:romenagri,,,romanised:romenagri,,romanised:romenagri,,,,,,,,,romanised:romenagri,romanised:romenagri,romanised:romenagri,,,,romanised:romenagri,,romanised:romenagri,,,romanised:romenagri
CPP_THIS,this,cpp,projected:perso-arabic,projected:aramaic,projected:bengali,projected:bengali,projected:perso-arabic,projected:gujarati,projected:hebrew,authored,projected:kannada,projected:sharada,projected:malayalam,projected:devanagari,projected:devanagari,projected:oriya,projected:devanagari,projected:perso-arabic,projected:perso-arabic,projected:phoenician,projected:devanagari,projected:gurmukhi,projected:devanagari,projected:perso-arabic,projected:khudawadi,projected:syriac,projected:tamil,projected:telugu,projected:perso-arabic
CPP_THROW,throw,cpp,projected:perso-arabic,projected:aramaic,projected:bengali,projected:bengali,projected:perso-arabic,projected:gujarati,projected:hebrew,authored,projected:kannada,projected:sharada,projected:malayalam,projected:devanagari,projected:devanagari,projected:oriya,projected:devanagari,projected:perso-arabic,projected:perso-arabic,projected:phoenician,projected:devanagari,projected:gurmukhi,projected:devanagari,projected:perso-arabic,projected:khudawadi,projected:syriac,projected:tamil,projected:telugu,projected:perso-arabic
CPP_TIME,time,cpp,projected:perso-arabic,projected:aramaic,projected:bengali,projected:bengali,projected:perso-arabic,projected:gujarati,projected:hebrew,authored,projected:kannada,projected:sharada,projected:malayalam,projected:devanagari,projected:devanagari,projected:oriya,projected:devanagari,projected:perso-arabic,projected:perso-arabic,projected:phoenician,projected:devanagari,projected:gurmukhi,projected:devanagari,projected:perso-arabic,projected:khudawadi,projected:syriac,projected:tamil,projected:telugu,projected:perso-arabic
CPP_TIME_T,time_t,cpp,projected:perso-arabic,projected:aramaic,projected:bengali,projected:bengali,projected:perso-arabic,projected:gujarati,projected:hebrew,authored,projected:kannada,projected:sharada,projected:malayalam,projected:devanagari,projected:devanagari,projected:oriya,projected:devanagari,projected:perso-arabic,projected:perso-arabic,projected:phoenician,projected:devanagari,projected:gurmukhi,projected:devanagari,projected:perso-arabic,projected:khudawadi,projected:syriac,projected:tamil,projected:telugu,projected:perso-arabic
CPP_TIMES,times,cpp,projected:perso-arabic,projected:aramaic,projected:bengali,projected:bengali,projected:perso-arabic,projected:gujarati,projected:hebrew,authored,projected:kannada,projected:sharada,projected:malayalam,projected:devanagari,projected:devanagari,projected:oriya,projected:devanagari,projected:perso-arabic,projected:perso-arabic,projected:phoenician,projected:devanagari,projected:gurmukhi,projected:devanagari,projected:perso-arabic,projected:khudawadi,projected:syriac,projected:tamil,projected:telugu,projected:perso-arabic
CPP_TM,tm,cpp,projected:perso-arabic,projected:aramaic,projected:bengali,projected:bengali,projected:perso-arabic,projected:gujarati,projected:hebrew,authored,projected:kannada,projected:sharada,projected:malayalam,projected:devanagari,projected:devanagari,projected:oriya,projected:devanagari,projected:perso-arabic,projected:perso-arabic,projected:phoenician,projected:devanagari,projected:gurmukhi,projected:devanagari,projected:perso-arabic,projected:khudawadi,projected:syriac,projected:tamil,projected:telugu,projected:perso-arabic
CPP_TMPFILE,tmpfile,cpp,projected:perso-arabic,projected:aramaic,projected:bengali,projected:bengali,projected:perso-arabic,projected:gujarati,projected:hebrew,authored,projected:kannada,projected:sharada,projected:malayalam,projected:devanagari,projected:devanagari,projected:oriya,projected:devanagari,projected:perso-arabic,projected:perso-arabic,projected:phoenician,projected:devanagari,projected:gurmukhi,projected:devanagari,projected:perso-arabic,projected:khudawadi,projected:syriac,projected:tamil,projected:telugu,projected:perso-arabic
CPP_TMPNAM,tmpnam,cpp,projected:perso-arabic,projected:aramaic,projected:bengali,projected:bengali,projected:perso-arabic,projected:gujarati,projected:hebrew,authored,projected:kannada,projected:sharada,projected:malayalam,projected:devanagari,projected:devanagari,projected:oriya,projected:devanagari,projected:perso-arabic,projected:perso-arabic,projected:phoenician,projected:devanagari,projected:gurmukhi,projected:devanagari,projected:perso-arabic,projected:khudawadi,projected:syriac,projected:tamil,projected:telugu,projected:perso-arabic
CPP_TOLOWER,tolower,cpp,projected:perso-arabic,projected:aramaic,projected:bengali,projected:bengali,projected:perso-arabic,projected:gujarati,projected:hebrew,authored,projected:kannada,projected:sharada,projected:malayalam,projected:devanagari,projected:devanagari,projected:oriya,projected:devanagari,projected:perso-arabic,projected:perso-arabic,projected:phoenician,projected:devanagari,projected:gurmukhi,projected:devanagari,projected:perso-arabic,projected:khudawadi,projected:syriac,projected:tamil,projected:telugu,projected:perso-arabic
CPP_TOUPPER,toupper,cpp,projected:perso-arabic,projected:aramaic,projected:bengali,projected:bengali,projected:perso-arabic,projected:gujarati,projected:hebrew,authored,projected:kannada,projected:sharada,projected:malayalam,projected:devanagari,projected:devanagari,projected:oriya,projected:devanagari,projected:perso-arabic,projected:perso-arabic,projected:phoenician,projected:devanagari,projected:gurmukhi,projected:devanagari,projected:perso-arabic,projected:khudawadi,projected:syriac,projected:tamil,projected:telugu,projected:perso-arabic
CPP_TRY,try,cpp,projected:perso-arabic,projected:aramaic,projected:bengali,projected:bengali,projected:perso-arabic,projected:gujarati,projected:hebrew,authored,projected:kannada,projected:sharada,projected:malayalam,projected:devanagari,projected:devanagari,projected:oriya,projected:devanagari,projected:perso-arabic,projected:perso-arabic,projected:phoenician,projected:devanagari,projected:gurmukhi,projected:devanagari,projected:perso-arabic,projected:khudawadi,projected:syriac,projected:tamil,projected:telugu,projected:perso-arabic
CPP_TTYNAME,ttyname,cpp,romanised:romenagri,romanised:romenagri,,,romanised:romenagri,,romanised:romenagri,,,,,,,,,romanised:romenagri,romanised:romenagri,romanised:romenagri,,,,romanised:romenagri,,romanised:romenagri,,,romanised:romenagri
CPP_TYPEDEF,typedef,cpp,projected:perso-arabic,projected:aramaic,projected:bengali,projected:bengali,projected:perso-arabic,projected:gujarati,projected:hebrew,authored,projected:kannada,projected:sharada,projected:malayalam,projected:devanagari,projected:devanagari,projected:oriya,projected:devanagari,projected:perso-arabic,projected:perso-arabic,projected:phoenician,projected:devanagari,projected:gurmukhi,projected:devanagari,projected:perso-arabic,projected:khudawadi,projected:syriac,projected:tamil,projected:telugu,projected:perso-arabic
CPP_TZSET,tzset,cpp,romanised:romenagri,romanised:romenagri,,,romanised:romenagri,,romanised:romenagri,,,,,,,,,romanised:romenagri,romanised:romenagri,romanised:romenagri,,,,romanised:romenagri,,romanised:romenagri,,,romanised:romenagri
CPP_UID_T,uid_t,cpp,romanised:romenagri,romanised:romenagri,,,romanised:romenagri,,romanised:romenagri,,,,,,,,,romanised:romenagri,romanised:romenagri,romanised:romenagri,,,,romanised:romenagri,,romanised:romenagri,,,romanised:romenagri
CPP_UMASK,umask,cpp,romanised:romenagri,romanised:romenagri,,,romanised:romenagri,,romanised:romenagri,,,,,,,,,romanised:romenagri,romanised:romenagri,romanised:romenagri,,,,romanised:romenagri,,romanised:romenagri,,,romanised:romenagri
CPP_UNAME,uname,cpp,romanised:romenagri,romanised:romenagri,,,romanised:romenagri,,romanised:romenagri,,,,,,,,,romanised:romenagri,romanised:romenagri,romanised:romenagri,,,,romanised:romenagri,,romanised:romenagri,,,romanised:romenagri
CPP_UNEXPECTED,unexpected,cpp,romanised:romenagri,romanised:romenagri,,,romanised:romenagri,,romanised:romenagri,,,,,,,,,romanised:romenagri,romanised:romenagri,romanised:romenagri,,,,romanised:romenagri,,romanised:romenagri,,,romanised:romenagri
CPP_UNGETC,ungetc,cpp,projected:perso-arabic,projected:aramaic,projected:bengali,projected:bengali,projected:perso-arabic,projected:gujarati,projected:hebrew,authored,projected:kannada,projected:sharada,projected:malayalam,projected:devanagari,projected:devanagari,projected:oriya,projected:devanagari,projected:perso-arabic,projected:perso-arabic,projected:phoenician,projected:devanagari,projected:gurmukhi,projected:devanagari,projected:perso-arabic,projected:khudawadi,projected:syriac,projected:tamil,projected:telugu,projected:perso-arabic
CPP_UNION,union,cpp,projected:perso-arabic,projected:aramaic,projected:bengali,projected:bengali,projected:perso-arabic,projected:gujarati,projected:hebrew,authored,projected:kannada,projected:sharada,projected:malayalam,projected:devanagari,projected:devanagari,projected:oriya,projected:devanagari,projected:perso-arabic,projected:perso-arabic,projected:phoenician,projected:devanagari,projected:gurmukhi,projected:devanagari,projected:perso-arabic,projected:khudawadi,projected:syriac,projected:tamil,projected:telugu,projected:perso-arabic
CPP_UNLINK,unlink,cpp,romanised:romenagri,romanised:romenagri,,,romanised:romenagri,,romanised:romenagri,,,,,,,,,romanised:romenagri,romanised:romenagri,romanised:romenagri,,,,romanised:romenagri,,romanised:romenagri,,,romanised:romenagri
CPP_UNSIGNED,unsigned,cpp,projected:perso-arabic,projected:aramaic,projected:bengali,projected:bengali,projected:perso-arabic,projected:gujarati,projected:hebrew,authored,projected:kannada,projected:sharada,projected:malayalam,projected:devanagari,projected:devanagari,projected:oriya,projected:devanagari,projected:perso-arabic,projected:perso-arabic,projected:phoenician,projected:devanagari,projected:gurmukhi,projected:devanagari,projected:perso-arabic,projected:khudawadi,projected:syriac,projected:tamil,projected:telugu,projected:perso-arabic
CPP_UTIME,utime,cpp,romanised:romenagri,romanised:romenagri,,,romanised:romenagri,,romanised:romenagri,,,,,,,,,romanised:romenagri,romanised:romenagri,romanised:romenagri,,,,romanised:romenagri,,romanised:romenagri,,,romanised:romenagri
CPP_UTSNAME,utsname,cpp,romanised:romenagri,romanised:romenagri,,,romanised:romenagri,,romanised:romenagri,,,,,,,,,romanised:romenagri,romanised:romenagri,romanised:romenagri,,,,romanised:romenagri,,romanised:romenagri,,,romanised:romenagri
CPP_VA_ARG,va_arg,cpp,projected:perso-arabic,projected:aramaic,projected:bengali,projected:bengali,projected:perso-arabic,projected:gujarati,projected:hebrew,authored,projected:kannada,projected:sharada,projected:malayalam,projected:devanagari,projected:devanagari,projected:oriya,projected:devanagari,projected:perso-arabic,projected:perso-arabic,projected:phoenician,projected:devanagari,projected:gurmukhi,projected:devanagari,projected:perso-arabic,projected:khudawadi,projected:syriac,projected:tamil,projected:telugu,projected:perso-arabic
CPP_VA_END,va_end,cpp,projected:perso-arabic,projected:aramaic,projected:bengali,projected:bengali,projected:perso-arabic,projected:gujarati,projected:hebrew,authored,projected:kannada,projected:sharada,projected:malayalam,projected:devanagari,projected:devanagari,projected:oriya,projected:devanagari,projected:perso-arabic,projected:perso-arabic,projected:phoenician,projected:devanagari,projected:gurmukhi,projected:devanagari,projected:perso-arabic,projected:khudawadi,projected:syriac,projected:tamil,projected:telugu,projected:perso-arabic
CPP_VA_START,va_start,cpp,projected:perso-arabic,projected:aramaic,projected:bengali,projected:bengali,projected:perso-arabic,projected:gujarati,projected:hebrew,authored,projected:kannada,projected:sharada,projected:malayalam,projected:devanagari,projected:devanagari,projected:oriya,projected:devanagari,projected:perso-arabic,projected:perso-arabic,projected:phoenician,projected:devanagari,projected:gurmukhi,projected:devanagari,projected:perso-arabic,projected:khudawadi,projected:syriac,projected:tamil,projected:telugu,projected:perso-arabic
CPP_VFPRINTF,vfprintf,cpp,projected:perso-arabic,projected:aramaic,projected:bengali,projected:bengali,projected:perso-arabic,projected:gujarati,projected:hebrew,authored,projected:kannada,projected:sharada,projected:malayalam,projected:devanagari,projected:devanagari,projected:oriya,projected:devanagari,projected:perso-arabic,projected:perso-arabic,projected:phoenician,projected:devanagari,projected:gurmukhi,projected:devanagari,projected:perso-arabic,projected:khudawadi,projected:syriac,projected:tamil,projected:telugu,projected:perso-arabic
CPP_VIRTUAL,virtual,cpp,authored,authored,authored,authored,authored,authored,authored,authored,authored,authored,authored,authored,authored,authored,authored,authored,authored,authored,authored,authored,authored,authored,authored,authored,authored,authored,authored
CPP_VOID,void,cpp,authored,authored,authored,authored,authored,authored,authored,authored,authored,authored,authored,authored,authored,authored,authored,authored,authored,authored,authored,authored,authored,authored,authored,authored,authored,authored,authored
CPP_VOLATILE,volatile,cpp,projected:perso-arabic,projected:aramaic,projected:bengali,projected:bengali,projected:perso-arabic,projected:gujarati,projected:hebrew,authored,projected:kannada,projected:sharada,projected:malayalam,projected:devanagari,projected:devanagari,projected:oriya,projected:devanagari,projected:perso-arabic,projected:perso-arabic,projected:phoenician,projected:devanagari,projected:gurmukhi,projected:devanagari,projected:perso-arabic,projected:khudawadi,projected:syriac,projected:tamil,projected:telugu,projected:perso-arabic
CPP_VPRINTF,vprintf,cpp,projected:perso-arabic,projected:aramaic,projected:bengali,projected:bengali,projected:perso-arabic,projected:gujarati,projected:hebrew,authored,projected:kannada,projected:sharada,projected:malayalam,projected:devanagari,projected:devanagari,projected:oriya,projected:devanagari,projected:perso-arabic,projected:perso-arabic,projected:phoenician,projected:devanagari,projected:gurmukhi,projected:devanagari,projected:perso-arabic,projected:khudawadi,projected:syriac,projected:tamil,projected:telugu,projected:perso-arabic
CPP_VSPRINTF,vsprintf,cpp,projected:perso-arabic,projected:aramaic,projected:bengali,projected:bengali,projected:perso-arabic,projected:gujarati,projected:hebrew,authored,projected:kannada,projected:sharada,projected:malayalam,projected:devanagari,projected:devanagari,projected:oriya,projected:devanagari,projected:perso-arabic,projected:perso-arabic,projected:phoenician,projected:devanagari,projected:gurmukhi,projected:devanagari,projected:perso-arabic,projected:khudawadi,projected:syriac,projected:tamil,projected:telugu,projected:perso-arabic
CPP_WAIT,wait,cpp,projected:perso-arabic,projected:aramaic,projected:bengali,projected:bengali,projected:perso-arabic,projected:gujarati,projected:hebrew,authored,projected:kannada,projected:sharada,projected:malayalam,projected:devanagari,projected:devanagari,projected:oriya,projected:devanagari,projected:perso-arabic,projected:perso-arabic,projected:phoenician,projected:devanagari,projected:gurmukhi,projected:devanagari,projected:perso-arabic,projected:khudawadi,projected:syriac,projected:tamil,projected:telugu,projected:perso-arabic
CPP_WAITPID,waitpid,cpp,romanised:romenagri,romanised:romenagri,,,romanised:romenagri,,romanised:romenagri,,,,,,,,,romanised:romenagri,romanised:romenagri,romanised:romenagri,,,,romanised:romenagri,,romanised:romenagri,,,romanised:romenagri
CPP_WCHAR_T,wchar_t,cpp,projected:perso-arabic,projected:aramaic,projected:bengali,projected:bengali,projected:perso-arabic,projected:gujarati,projected:hebrew,authored,projected:kannada,projected:sharada,projected:malayalam,projected:devanagari,projected:devanagari,projected:oriya,projected:devanagari,projected:perso-arabic,projected:perso-arabic,projected:phoenician,projected:devanagari,projected:gurmukhi,projected:devanagari,projected:perso-arabic,projected:khudawadi,projected:syriac,projected:tamil,projected:telugu,projected:perso-arabic
CPP_WCSTOMBS,wcstombs,cpp,romanised:romenagri,romanised:romenagri,,,romanised:romenagri,,romanised:romenagri,,,,,,,,,romanised:romenagri,romanised:romenagri,romanised:romenagri,,,,romanised:romenagri,,romanised:romenagri,,,romanised:romenagri
CPP_WCTOMB,wctomb,cpp,romanised:romenagri,romanised:romenagri,,,romanised:romenagri,,romanised:romenagri,,,,,,,,,romanised:romenagri,romanised:romenagri,romanised:romenagri,,,,romanised:romenagri,,romanised:romenagri,,,romanised:romenagri
CPP_WHILE,while,cpp,authored,authored,authored,authored,authored,authored,authored,authored,authored,authored,authored,authored,authored,authored,authored,authored,authored,authored,authored,authored,authored,authored,authored,authored,authored,authored,authored
CPP_WILD,wild,cpp,romanised:romenagri,romanised:romenagri,,,romanised:romenagri,,romanised:romenagri,,,,,,,,,romanised:romenagri,romanised:romenagri,romanised:romenagri,,,,romanised:romenagri,,romanised:romenagri,,,romanised:romenagri
CPP_WRITE,write,cpp,projected:perso-arabic,projected:aramaic,projected:bengali,projected:bengali,projected:perso-arabic,projected:gujarati,projected:hebrew,authored,projected:kannada,projected:sharada,projected:malayalam,projected:devanagari,projected:devanagari,projected:oriya,projected:devanagari,projected:perso-arabic,projected:perso-arabic,projected:phoenician,projected:devanagari,projected:gurmukhi,projected:devanagari,projected:perso-arabic,projected:khudawadi,projected:syriac,projected:tamil,projected:telugu,projected:perso-arabic
CPP_IOSTREAM_H,iostream.h,cpp,projected:perso-arabic,projected:aramaic,projected:bengali,projected:bengali,projected:perso-arabic,projected:gujarati,projected:hebrew,authored,projected:kannada,projected:sharada,projected:malayalam,projected:devanagari,projected:devanagari,projected:oriya,projected:devanagari,projected:perso-arabic,projected:perso-arabic,projected:phoenician,projected:devanagari,projected:gurmukhi,projected:devanagari,projected:perso-arabic,projected:khudawadi,projected:syriac,projected:tamil,projected:telugu,projected:perso-arabic
CPP_IOSTREAM,iostream,cpp,projected:perso-arabic,projected:aramaic,projected:bengali,projected:bengali,projected:perso-arabic,projected:gujarati,projected:hebrew,authored,projected:kannada,projected:sharada,projected:malayalam,projected:devanagari,projected:devanagari,projected:oriya,projected:devanagari,projected:perso-arabic,projected:perso-arabic,projected:phoenician,projected:devanagari,projected:gurmukhi,projected:devanagari,projected:perso-arabic,projected:khudawadi,projected:syriac,projected:tamil,projected:telugu,projected:perso-arabic
CPP_COUT,cout,cpp,projected:perso-arabic,projected:aramaic,projected:bengali,projected:bengali,projected:perso-arabic,projected:gujarati,projected:hebrew,authored,projected:kannada,projected:sharada,projected:malayalam,projected:devanagari,projected:devanagari,projected:oriya,projected:devanagari,projected:perso-arabic,projected:perso-arabic,projected:phoenician,projected:devanagari,projected:gurmukhi,projected:devanagari,projected:perso-arabic,projected:khudawadi,projected:syriac,projected:tamil,projected:telugu,projected:perso-arabic
CPP_CIN,cin,cpp,projected:perso-arabic,projected:aramaic,projected:bengali,projected:bengali,projected:perso-arabic,projected:gujarati,projected:hebrew,authored,projected:kannada,projected:sharada,projected:malayalam,projected:devanagari,projected:devanagari,projected:oriya,projected:devanagari,projected:perso-arabic,projected:perso-arabic,projected:phoenician,projected:devanagari,projected:gurmukhi,projected:devanagari,projected:perso-arabic,projected:khudawadi,projected:syriac,projected:tamil,projected:telugu,projected:perso-arabic
CPP_DEC,dec,cpp,projected:perso-arabic,projected:aramaic,projected:bengali,projected:bengali,projected:perso-arabic,projected:gujarati,projected:hebrew,authored,projected:kannada,projected:sharada,projected:malayalam,projected:devanagari,projected:devanagari,projected:oriya,projected:devanagari,projected:perso-arabic,projected:perso-arabic,projected:phoenician,projected:devanagari,projected:gurmukhi,projected:devanagari,projected:perso-arabic,projected:khudawadi,projected:syriac,projected:tamil,projected:telugu,projected:perso-arabic
CPP_HEX,hex,cpp,projected:perso-arabic,projected:aramaic,projected:bengali,projected:bengali,projected:perso-arabic,projected:gujarati,projected:hebrew,authored,projected:kannada,projected:sharada,projected:malayalam,projected:devanagari,projected:devanagari,projected:oriya,projected:devanagari,projected:perso-arabic,projected:perso-arabic,projected:phoenician,projected:devanagari,projected:gurmukhi,projected:devanagari,projected:perso-arabic,projected:khudawadi,projected:syriac,projected:tamil,projected:telugu,projected:perso-arabic
CPP_OCT,oct,cpp,projected:perso-arabic,projected:aramaic,projected:bengali,projected:bengali,projected:perso-arabic,projected:gujarati,projected:hebrew,authored,projected:kannada,projected:sharada,projected:malayalam,projected:devanagari,projected:devanagari,projected:oriya,projected:devanagari,projected:perso-arabic,projected:perso-arabic,projected:phoenician,projected:devanagari,projected:gurmukhi,projected:devanagari,projected:perso-arabic,projected:khudawadi,projected:syriac,projected:tamil,projected:telugu,projected:perso-arabic
CPP_WS,ws,cpp,projected:perso-arabic,projected:aramaic,projected:bengali,projected:bengali,projected:perso-arabic,projected:gujarati,projected:hebrew,authored,projected:kannada,projected:sharada,projected:malayalam,projected:devanagari,projected:devanagari,projected:oriya,projected:devanagari,projected:perso-arabic,projected:perso-arabic,projected:phoenician,projected:devanagari,projected:gurmukhi,projected:devanagari,projected:perso-arabic,projected:khudawadi,projected:syriac,projected:tamil,projected:telugu,projected:perso-arabic
CPP_ENDL,endl,cpp,projected:perso-arabic,projected:aramaic,projected:bengali,projected:bengali,projected:perso-arabic,projected:gujarati,projected:hebrew,authored,projected:kannada,projected:sharada,projected:malayalam,projected:devanagari,projected:devanagari,projected:oriya,projected:devanagari,projected:perso-arabic,projected:perso-arabic,projected:phoenician,projected:devanagari,projected:gurmukhi,projected:devanagari,projected:perso-arabic,projected:khudawadi,projected:syriac,projected:tamil,projected:telugu,projected:perso-arabic
CPP_ENDS,ends,cpp,projected:perso-arabic,projected:aramaic,projected:bengali,projected:bengali,projected:perso-arabic,projected:gujarati,projected:hebrew,authored,projected:kannada,projected:sharada,projected:malayalam,projected:devanagari,projected:devanagari,projected:oriya,projected:devanagari,projected:perso-arabic,projected:perso-arabic,projected:phoenician,projected:devanagari,projected:gurmukhi,projected:devanagari,projected:perso-arabic,projected:khudawadi,projected:syriac,projected:tamil,projected:telugu,projected:perso-arabic
CPP_FLUSH,flush,cpp,projected:perso-arabic,projected:aramaic,projected:bengali,projected:bengali,projected:perso-arabic,projected:gujarati,projected:hebrew,authored,projected:kannada,projected:sharada,projected:malayalam,projected:devanagari,projected:devanagari,projected:oriya,projected:devanagari,projected:perso-arabic,projected:perso-arabic,projected:phoenician,projected:devanagari,projected:gurmukhi,projected:devanagari,projected:perso-arabic,projected:khudawadi,projected:syriac,projected:tamil,projected:telugu,projected:perso-arabic
CPP_RESETIOSFLAGS,resetiosflags,cpp,projected:perso-arabic,projected:aramaic,projected:bengali,projected:bengali,projected:perso-arabic,projected:gujarati,projected:hebrew,authored,projected:kannada,projected:sharada,projected:malayalam,projected:devanagari,projected:devanagari,projected:oriya,projected:devanagari,projected:perso-arabic,projected:perso-arabic,projected:phoenician,projected:devanagari,projected:gurmukhi,projected:devanagari,projected:perso-arabic,projected:khudawadi,projected:syriac,projected:tamil,projected:telugu,projected:perso-arabic
CPP_SETBASE,setbase,cpp,projected:perso-arabic,projected:aramaic,projected:bengali,projected:bengali,projected:perso-arabic,projected:gujarati,projected:hebrew,authored,projected:kannada,projected:sharada,projected:malayalam,projected:devanagari,projected:devanagari,projected:oriya,projected:devanagari,projected:perso-arabic,projected:perso-arabic,projected:phoenician,projected:devanagari,projected:gurmukhi,projected:devanagari,projected:perso-arabic,projected:khudawadi,projected:syriac,projected:tamil,projected:telugu,projected:perso-arabic
CPP_SETFILL,setfill,cpp,projected:perso-arabic,projected:aramaic,projected:bengali,projected:bengali,projected:perso-arabic,projected:gujarati,projected:hebrew,authored,projected:kannada,projected:sharada,projected:malayalam,projected:devanagari,projected:devanagari,projected:oriya,projected:devanagari,projected:perso-arabic,projected:perso-arabic,projected:phoenician,projected:devanagari,projected:gurmukhi,projected:devanagari,projected:perso-arabic,projected:khudawadi,projected:syriac,projected:tamil,projected:telugu,projected:perso-arabic
CPP_SETIOSFLAGS,setiosflags,cpp,projected:perso-arabic,projected:aramaic,projected:bengali,projected:bengali,projected:perso-arabic,projected:gujarati,projected:hebrew,authored,projected:kannada,projected:sharada,projected:malayalam,projected:devanagari,projected:devanagari,projected:oriya,projected:devanagari,projected:perso-arabic,projected:perso-arabic,projected:phoenician,projected:devanagari,projected:gurmukhi,projected:devanagari,projected:perso-arabic,projected:khudawadi,projected:syriac,projected:tamil,projected:telugu,projected:perso-arabic
CPP_SETPRECISION,setprecision,cpp,projected:perso-arabic,projected:aramaic,projected:bengali,projected:bengali,projected:perso-arabic,projected:gujarati,projected:hebrew,authored,projected:kannada,projected:sharada,projected:malayalam,projected:devanagari,projected:devanagari,projected:oriya,projected:devanagari,projected:perso-arabic,projected:perso-arabic,projected:phoenician,projected:devanagari,projected:gurmukhi,projected:devanagari,projected:perso-arabic,projected:khudawadi,projected:syriac,projected:tamil,projected:telugu,projected:perso-arabic
CPP_SETW,setw,cpp,projected:perso-arabic,projected:aramaic,projected:bengali,projected:bengali,projected:perso-arabic,projected:gujarati,projected:hebrew,authored,projected:kannada,projected:sharada,projected:malayalam,projected:devanagari,projected:devanagari,projected:oriya,projected:devanagari,projected:perso-arabic,projected:perso-arabic,projected:phoenician,projected:devanagari,projected:gurmukhi,projected:devanagari,projected:perso-arabic,projected:khudawadi,projected:syriac,projected:tamil,projected:telugu,projected:perso-arabic
CPP_IOS,ios,cpp,projected:perso-arabic,projected:aramaic,projected:bengali,projected:bengali,projected:perso-arabic,projected:gujarati,projected:hebrew,authored,projected:kannada,projected:sharada,projected:malayalam,projected:devanagari,projected:devanagari,projected:oriya,projected:devanagari,projected:perso-arabic,projected:perso-arabic,projected:phoenician,projected:devanagari,projected:gurmukhi,projected:devanagari,projected:perso-arabic,projected:khudawadi,projected:syriac,projected:tamil,projected:telugu,projected:perso-arabic
CPP_SKIPWS,skipws,cpp,projected:perso-arabic,projected:aramaic,projected:bengali,projected:bengali,projected:perso-arabic,projected:gujarati,projected:hebrew,authored,projected:kannada,projected:sharada,projected:malayalam,projected:devanagari,projected:devanagari,projected:oriya,projected:devanagari,projected:perso-arabic,projected:perso-arabic,projected:phoenician,projected:devanagari,projected:gurmukhi,projected:devanagari,projected:perso-arabic,projected:khudawadi,projected:syriac,projected:tamil,projected:telugu,projected:perso-arabic
CPP_LEFT,left,cpp,projected:perso-arabic,projected:aramaic,projected:bengali,projected:bengali,projected:perso-arabic,projected:gujarati,projected:hebrew,authored,projected:kannada,projected:sharada,projected:malayalam,projected:devanagari,projected:devanagari,projected:oriya,projected:devanagari,projected:perso-arabic,projected:perso-arabic,projected:phoenician,projected:devanagari,projected:gurmukhi,projected:devanagari,projected:perso-arabic,projected:khudawadi,projected:syriac,projected:tamil,projected:telugu,projected:perso-arabic
CPP_RIGHT,right,cpp,projected:perso-arabic,projected:aramaic,projected:bengali,projected:bengali,projected:perso-arabic,projected:gujarati,projected:hebrew,authored,projected:kannada,projected:sharada,projected:malayalam,projected:devanagari,projected:devanagari,projected:oriya,projected:devanagari,projected:perso-arabic,projected:perso-arabic,projected:phoenician,projected:devanagari,projected:gurmukhi,projected:devanagari,projected:perso-arabic,projected:khudawadi,projected:syriac,projected:tamil,projected:telugu,projected:perso-arabic
CPP_SCIENTIFIC,scientific,cpp,projected:perso-arabic,projected:aramaic,projected:bengali,projected:bengali,projected:perso-arabic,projected:gujarati,projected:hebrew,authored,projected:kannada,projected:sharada,projected:malayalam,projected:devanagari,projected:devanagari,projected:oriya,projected:devanagari,projected:perso-arabic,projected:perso-arabic,projected:phoenician,projected:devanagari,projected:gurmukhi,projected:devanagari,projected:perso-arabic,projected:khudawadi,projected:syriac,projected:tamil,projected:telugu,projected:perso-arabic
CPP_FIXED,fixed,cpp,projected:perso-arabic,projected:aramaic,projected:bengali,projected:bengali,projected:perso-arabic,projected:gujarati,projected:hebrew,authored,projected:kannada,projected:sharada,projected:malayalam,projected:devanagari,projected:devanagari,projected:oriya,projected:devanagari,projected:perso-arabic,projected:perso-arabic,projected:phoenician,projected:devanagari,projected:gurmukhi,projected:devanagari,projected:perso-arabic,projected:khudawadi,projected:syriac,projected:tamil,projected:telugu,projected:perso-arabic
CPP_UPPERCASE,uppercase,cpp,projected:perso-arabic,projected:aramaic,projected:bengali,projected:bengali,projected:perso-arabic,projected:gujarati,projected:hebrew,authored,projected:kannada,projected:sharada,projected:malayalam,projected:devanagari,projected:devanagari,projected:oriya,projected:devanagari,projected:perso-arabic,projected:perso-arabic,projected:phoenician,projected:devanagari,projected:gurmukhi,projected:devanagari,projected:perso-arabic,projected:khudawadi,projected:syriac,projected:tamil,projected:telugu,projected:perso-arabic
CPP_SHOWBASE,showbase,cpp,projected:perso-arabic,projected:aramaic,projected:bengali,projected:bengali,projected:perso-arabic,projected:gujarati,projected:hebrew,authored,projected:kannada,projected:sharada,projected:malayalam,projected:devanagari,projected:devanagari,projected:oriya,projected:devanagari,projected:perso-arabic,projected:perso-arabic,projected:phoenician,projected:devanagari,projected:gurmukhi,projected:devanagari,projected:perso-arabic,projected:khudawadi,projected:syriac,projected:tamil,projected:telugu,projected:perso-arabic
CPP_SHOWPOINT,showpoint,cpp,projected:perso-arabic,projected:aramaic,projected:bengali,projected:bengali,projected:perso-arabic,projected:gujarati,projected:hebrew,authored,projected:kannada,projected:sharada,projected:malayalam,projected:devanagari,projected:devanagari,projected:oriya,projected:devanagari,projected:perso-arabic,projected:perso-arabic,projected:phoenician,projected:devanagari,projected:gurmukhi,projected:devanagari,projected:perso-arabic,projected:khudawadi,projected:syriac,projected:tamil,projected:telugu,projected:perso-arabic
CPP_SHOWPOS,showpos,cpp,projected:perso-arabic,projected:aramaic,projected:bengali,projected:bengali,projected:perso-arabic,projected:gujarati,projected:hebrew,authored,projected:kannada,projected:sharada,projected:malayalam,projected:devanagari,projected:devanagari,projected:oriya,projected:devanagari,projected:perso-arabic,projected:perso-arabic,projected:phoenician,projected:devanagari,projected:gurmukhi,projected:devanagari,projected:perso-arabic,projected:khudawadi,projected:syriac,projected:tamil,projected:telugu,projected:perso-arabic
CPP_OSTREAM,ostream,cpp,projected:perso-arabic,projected:aramaic,projected:bengali,projected:bengali,projected:perso-arabic,projected:gujarati,projected:hebrew,authored,projected:kannada,projected:sharada,projected:malayalam,projected:devanagari,projected:devanagari,projected:oriya,projected:devanagari,projected:perso-arabic,projected:perso-arabic,projected:phoenician,projected:devanagari,projected:gurmukhi,projected:devanagari,projected:perso-arabic,projected:khudawadi,projected:syriac,projected:tamil,projected:telugu,projected:perso-arabic
CPP_ISTREAM,istream,cpp,projected:perso-arabic,projected:aramaic,projected:bengali,projected:bengali,projected:perso-arabic,projected:gujarati,projected:hebrew,authored,projected:kannada,projected:sharada,projected:malayalam,projected:devanagari,projected:devanagari,projected:oriya,projected:devanagari,projected:perso-arabic,projected:perso-arabic,projected:phoenician,projected:devanagari,projected:gurmukhi,projected:devanagari,projected:perso-arabic,projected:khudawadi,projected:syriac,projected:tamil,projected:telugu,projected:perso-arabic
CPP_FSTREAM_H,fstream.h,cpp,projected:perso-arabic,projected:aramaic,projected:bengali,projected:bengali,projected:perso-arabic,projected:gujarati,projected:hebrew,authored,projected:kannada,projected:sharada,projected:malayalam,projected:devanagari,projected:devanagari,projected:oriya,projected:devanagari,projected:perso-arabic,projected:perso-arabic,projected:phoenician,projected:devanagari,projected:gurmukhi,projected:devanagari,projected:perso-arabic,projected:khudawadi,projected:syriac,projected:tamil,projected:telugu,projected:perso-arabic
CPP_FSTREAM,fstream,cpp,projected:perso-arabic,projected:aramaic,projected:bengali,projected:bengali,projected:perso-arabic,projected:gujarati,projected:hebrew,authored,projected:kannada,projected:sharada,projected:malayalam,projected:devanagari,projected:devanagari,projected:oriya,projected:devanagari,projected:perso-arabic,projected:perso-arabic,projected:phoenician,projected:devanagari,projected:gurmukhi,projected:devanagari,projected:perso-arabic,projected:khudawadi,projected:syriac,projected:tamil,projected:telugu,projected:perso-arabic
CPP_IFSTREAM,ifstream,cpp,projected:perso-arabic,projected:aramaic,projected:bengali,projected:bengali,projected:perso-arabic,projected:gujarati,projected:hebrew,authored,projected:kannada,projected:sharada,projected:malayalam,projected:devanagari,projected:devanagari,projected:oriya,projected:devanagari,projected:perso-arabic,projected:perso-arabic,projected:phoenician,projected:devanagari,projected:gurmukhi,projected:devanagari,projected:perso-arabic,projected:khudawadi,projected:syriac,projected:tamil,projected:telugu,projected:perso-arabic
CPP_INS,ins,cpp,projected:perso-arabic,projected:aramaic,projected:bengali,projected:bengali,projected:perso-arabic,projected:gujarati,projected:hebrew,authored,projected:kannada,projected:sharada,projected:malayalam,projected:devanagari,projected:devanagari,projected:oriya,projected:devanagari,projected:perso-arabic,projected:perso-arabic,projected:phoenician,projected:devanagari,projected:gurmukhi,projected:devanagari,projected:perso-arabic,projected:khudawadi,projected:syriac,projected:tamil,projected:telugu,projected:perso-arabic
CPP_APP,app,cpp,projected:perso-arabic,projected:aramaic,projected:bengali,projected:bengali,projected:perso-arabic,projected:gujarati,projected:hebrew,authored,projected:kannada,projected:sharada,projected:malayalam,projected:devanagari,projected:devanagari,projected:oriya,projected:devanagari,projected:perso-arabic,projected:perso-arabic,projected:phoenician,projected:devanagari,projected:gurmukhi,projected:devanagari,projected:perso-arabic,projected:khudawadi,projected:syriac,projected:tamil,projected:telugu,projected:perso-arabic
CPP_ATE,ate,cpp,projected:perso-arabic,projected:aramaic,projected:bengali,projected:bengali,projected:perso-arabic,projected:gujarati,projected:hebrew,authored,projected:kannada,projected:sharada,projected:malayalam,projected:devanagari,projected:devanagari,projected:oriya,projected:devanagari,projected:perso-arabic,projected:perso-arabic,projected:phoenician,projected:devanagari,projected:gurmukhi,projected:devanagari,projected:perso-arabic,projected:khudawadi,projected:syriac,projected:tamil,projected:telugu,projected:perso-arabic
CPP_NOCREATE,nocreate,cpp,projected:perso-arabic,projected:aramaic,projected:bengali,projected:bengali,projected:perso-arabic,projected:gujarati,projected:hebrew,authored,projected:kannada,projected:sharada,projected:malayalam,projected:devanagari,projected:devanagari,projected:oriya,projected:devanagari,projected:perso-arabic,projected:perso-arabic,projected:phoenician,projected:devanagari,projected:gurmukhi,projected:devanagari,projected:perso-arabic,projected:khudawadi,projected:syriac,projected:tamil,projected:telugu,projected:perso-arabic
CPP_NOREPLACE,noreplace,cpp,projected:perso-arabic,projected:aramaic,projected:bengali,projected:bengali,projected:perso-arabic,projected:gujarati,projected:hebrew,authored,projected:kannada,projected:sharada,projected:malayalam,projected:devanagari,projected:devanagari,projected:oriya,projected:devanagari,projected:perso-arabic,projected:perso-arabic,projected:phoenician,projected:devanagari,projected:gurmukhi,projected:devanagari,projected:perso-arabic,projected:khudawadi,projected:syriac,projected:tamil,projected:telugu,projected:perso-arabic
CPP_TRUNC,trunc,cpp,projected:perso-arabic,projected:aramaic,projected:bengali,projected:bengali,projected:perso-arabic,projected:gujarati,projected:hebrew,authored,projected:kannada,projected:sharada,projected:malayalam,projected:devanagari,projected:devanagari,projected:oriya,projected:devanagari,projected:perso-arabic,projected:perso-arabic,projected:phoenician,projected:devanagari,projected:gurmukhi,projected:devanagari,projected:perso-arabic,projected:khudawadi,projected:syriac,projected:tamil,projected:telugu,projected:perso-arabic
CPP_OFSTREAM,ofstream,cpp,projected:perso-arabic,projected:aramaic,projected:bengali,projected:bengali,projected:perso-arabic,projected:gujarati,projected:hebrew,authored,projected:kannada,projected:sharada,projected:malayalam,projected:devanagari,projected:devanagari,projected:oriya,projected:devanagari,projected:perso-arabic,projected:perso-arabic,projected:phoenician,projected:devanagari,projected:gurmukhi,projected:devanagari,projected:perso-arabic,projected:khudawadi,projected:syriac,projected:tamil,projected:telugu,projected:perso-arabic
CPP_OUTS,outs,cpp,projected:perso-arabic,projected:aramaic,projected:bengali,projected:bengali,projected:perso-arabic,projected:gujarati,projected:hebrew,authored,projected:kannada,projected:sharada,projected:malayalam,projected:devanagari,projected:devanagari,projected:oriya,projected:devanagari,projected:perso-arabic,projected:perso-arabic,projected:phoenician,projected:devanagari,projected:gurmukhi,projected:devanagari,projected:perso-arabic,projected:khudawadi,projected:syriac,projected:tamil,projected:telugu,projected:perso-arabic
CPP_CERR,cerr,cpp,projected:perso-arabic,projected:aramaic,projected:bengali,projected:bengali,projected:perso-arabic,projected:gujarati,projected:hebrew,authored,projected:kannada,projected:sharada,projected:malayalam,projected:devanagari,projected:devanagari,projected:oriya,projected:devanagari,projected:perso-arabic,projected:perso-arabic,projected:phoenician,projected:devanagari,projected:gurmukhi,projected:devanagari,projected:perso-arabic,projected:khudawadi,projected:syriac,projected:tamil,projected:telugu,projected:perso-arabic
CPP_GET,get,cpp,projected:perso-arabic,projected:aramaic,projected:bengali,projected:bengali,projected:perso-arabic,projected:gujarati,projected:hebrew,authored,projected:kannada,projected:sharada,projected:malayalam,projected:devanagari,projected:devanagari,projected:oriya,projected:devanagari,projected:perso-arabic,projected:perso-arabic,projected:phoenician,projected:devanagari,projected:gurmukhi,projected:devanagari,projected:perso-arabic,projected:khudawadi,projected:syriac,projected:tamil,projected:telugu,projected:perso-arabic
CPP_PUT,put,cpp,projected:perso-arabic,projected:aramaic,projected:bengali,projected:bengali,projected:perso-arabic,projected:gujarati,projected:hebrew,authored,projected:kannada,projected:sharada,projected:malayalam,projected:devanagari,projected:devanagari,projected:oriya,projected:devanagari,projected:perso-arabic,projected:perso-arabic,projected:phoenician,projected:devanagari,projected:gurmukhi,projected:devanagari,projected:perso-arabic,projected:khudawadi,projected:syriac,projected:tamil,projected:telugu,projected:perso-arabic
CPP_SEEKG,seekg,cpp,projected:perso-arabic,projected:aramaic,projected:bengali,projected:bengali,projected:perso-arabic,projected:gujarati,projected:hebrew,authored,projected:kannada,projected:sharada,projected:malayalam,projected:devanagari,projected:devanagari,projected:oriya,projected:devanagari,projected:perso-arabic,projected:perso-arabic,projected:phoenician,projected:devanagari,projected:gurmukhi,projected:devanagari,projected:perso-arabic,projected:khudawadi,projected:syriac,projected:tamil,projected:telugu,projected:perso-arabic
CPP_FAIL,fail,cpp,projected:perso-arabic,projected:aramaic,projected:bengali,projected:bengali,projected:perso-arabic,projected:gujarati,projected:hebrew,authored,projected:kannada,projected:sharada,projected:malayalam,projected:devanagari,projected:devanagari,projected:oriya,projected:devanagari,projected:perso-arabic,projected:perso-arabic,projected:phoenician,projected:devanagari,projected:gurmukhi,projected:devanagari,projected:perso-arabic,projected:khudawadi,projected:syriac,projected:tamil,projected:telugu,projected:perso-arabic
CPP_EOF,eof,cpp,projected:perso-arabic,projected:aramaic,projected:bengali,projected:bengali,projected:perso-arabic,projected:gujarati,projected:hebrew,authored,projected:kannada,projected:sharada,projected:malayalam,projected:devanagari,projected:devanagari,projected:oriya,projected:devanagari,projected:perso-arabic,projected:perso-arabic,projected:phoenician,projected:devanagari,projected:gurmukhi,projected:devanagari,projected:perso-arabic,projected:khudawadi,projected:syriac,projected:tamil,projected:telugu,projected:perso-arabic
CPP_CLEAR,clear,cpp,projected:perso-arabic,projected:aramaic,projected:bengali,projected:bengali,projected:perso-arabic,projected:gujarati,projected:hebrew,authored,projected:kannada,projected:sharada,projected:malayalam,projected:devanagari,projected:devanagari,projected:oriya,projected:devanagari,projected:perso-arabic,projected:perso-arabic,projected:phoenician,projected:devanagari,projected:gurmukhi,projected:devanagari,projected:perso-arabic,projected:khudawadi,projected:syriac,projected:tamil,projected:telugu,projected:perso-arabic
CPP_BAD,bad,cpp,projected:perso-arabic,projected:aramaic,projected:bengali,projected:bengali,projected:perso-arabic,projected:gujarati,projected:hebrew,authored,projected:kannada,projected:sharada,projected:malayalam,projected:devanagari,projected:devanagari,projected:oriya,projected:devanagari,projected:perso-arabic,projected:perso-arabic,projected:phoenician,projected:devanagari,projected:gurmukhi,projected:devanagari,projected:perso-arabic,projected:khudawadi,projected:syriac,projected:tamil,projected:telugu,projected:perso-arabic
CPP_GOOD,good,cpp,projected:perso-arabic,projected:aramaic,projected:bengali,projected:bengali,projected:perso-arabic,projected:gujarati,projected:hebrew,authored,projected:kannada,projected:sharada,projected:malayalam,projected:devanagari,projected:devanagari,projected:oriya,projected:devanagari,projected:perso-arabic,projected:perso-arabic,projected:phoenician,projected:devanagari,projected:gurmukhi,projected:devanagari,projected:perso-arabic,projected:khudawadi,projected:syriac,projected:tamil,projected:telugu,projected:perso-arabic
CPP_STRSTREAM_H,strstream.h,cpp,projected:perso-arabic,projected:aramaic,projected:bengali,projected:bengali,projected:perso-arabic,projected:gujarati,projected:hebrew,authored,projected:kannada,projected:sharada,projected:malayalam,projected:devanagari,projected:devanagari,projected:oriya,projected:devanagari,projected:perso-arabic,projected:perso-arabic,projected:phoenician,projected:devanagari,projected:gurmukhi,projected:devanagari,projected:perso-arabic,projected:khudawadi,projected:syriac,projected:tamil,projected:telugu,projected:perso-arabic
CPP_SSTREAM,sstream,cpp,projected:perso-arabic,projected:aramaic,projected:bengali,projected:bengali,projected:perso-arabic,projected:gujarati,projected:hebrew,authored,projected:kannada,projected:sharada,projected:malayalam,projected:devanagari,projected:devanagari,projected:oriya,projected:devanagari,projected:perso-arabic,projected:perso-arabic,projected:phoenician,projected:devanagari,projected:gurmukhi,projected:devanagari,projected:perso-arabic,projected:khudawadi,projected:syriac,projected:tamil,projected:telugu,projected:perso-arabic
CPP_STRSTREAM,strstream,cpp,projected:perso-arabic,projected:aramaic,projected:bengali,projected:bengali,projected:perso-arabic,projected:gujarati,projected:hebrew,authored,projected:kannada,projected:sharada,projected:malayalam,projected:devanagari,projected:devanagari,projected:oriya,projected:devanagari,projected:perso-arabic,projected:perso-arabic,projected:phoenician,projected:devanagari,projected:gurmukhi,projected:devanagari,projected:perso-arabic,projected:khudawadi,projected:syriac,projected:tamil,projected:telugu,projected:perso-arabic
CPP_OSTRSTREAM,ostrstream,cpp,projected:perso-arabic,projected:aramaic,projected:bengali,projected:bengali,projected:perso-arabic,projected:gujarati,projected:hebrew,authored,projected:kannada,projected:sharada,projected:malayalam,projected:devanagari,projected:devanagari,projected:oriya,projected:devanagari,projected:perso-arabic,projected:perso-arabic,projected:phoenician,projected:devanagari,projected:gurmukhi,projected:devanagari,projected:perso-arabic,projected:khudawadi,projected:syriac,projected:tamil,projected:telugu,projected:perso-arabic
CPP_ISTRSTREAM,istrstream,cpp,projected:perso-arabic,projected:aramaic,projected:bengali,projected:bengali,projected:perso-arabic,projected:gujarati,projected:hebrew,authored,projected:kannada,projected:sharada,projected:malayalam,projected:devanagari,projected:devanagari,projected:oriya,projected:devanagari,projected:perso-arabic,projected:perso-arabic,projected:phoenician,projected:devanagari,projected:gurmukhi,projected:devanagari,projected:perso-arabic,projected:khudawadi,projected:syriac,projected:tamil,projected:telugu,projected:perso-arabic
CPP_GETLINE,getline,cpp,projected:perso-arabic,projected:aramaic,projected:bengali,projected:bengali,projected:perso-arabic,projected:gujarati,projected:hebrew,authored,projected:kannada,projected:sharada,projected:malayalam,projected:devanagari,projected:devanagari,projected:oriya,projected:devanagari,projected:perso-arabic,projected:perso-arabic,projected:phoenician,projected:devanagari,projected:gurmukhi,projected:devanagari,projected:perso-arabic,projected:khudawadi,projected:syriac,projected:tamil,projected:telugu,projected:perso-arabic
CPP_BINARY,binary,cpp,projected:perso-arabic,projected:aramaic,projected:bengali,projected:bengali,projected:perso-arabic,projected:gujarati,projected:hebrew,authored,projected:kannada,projected:sharada,projected:malayalam,projected:devanagari,projected:devanagari,projected:oriya,projected:devanagari,projected:perso-arabic,projected:perso-arabic,projected:phoenician,projected:devanagari,projected:gurmukhi,projected:devanagari,projected:perso-arabic,projected:khudawadi,projected:syriac,projected:tamil,projected:telugu,projected:perso-arabic
CPP_SEEKP,seekp,cpp,projected:perso-arabic,projected:aramaic,projected:bengali,projected:bengali,projected:perso-arabic,projected:gujarati,projected:hebrew,authored,projected:kannada,projected:sharada,projected:malayalam,projected:devanagari,projected:devanagari,projected:oriya,projected:devanagari,projected:perso-arabic,projected:perso-arabic,projected:phoenician,projected:devanagari,projected:gurmukhi,projected:devanagari,projected:perso-arabic,projected:khudawadi,projected:syriac,projected:tamil,projected:telugu,projected:perso-arabic
CPP_STDIO,stdio,cpp,projected:perso-arabic,projected:aramaic,projected:bengali,projected:bengali,projected:perso-arabic,projected:gujarati,projected:hebrew,authored,projected:kannada,projected:sharada,projected:malayalam,projected:devanagari,projected:devanagari,projected:oriya,projected:devanagari,projected:perso-arabic,projected:perso-arabic,projected:phoenician,projected:devanagari,projected:gurmukhi,projected:devanagari,projected:perso-arabic,projected:khudawadi,projected:syriac,projected:tamil,projected:telugu,projected:perso-arabic
CPP_GETTIME,gettime,cpp,projected:perso-arabic,projected:aramaic,projected:bengali,projected:bengali,projected:perso-arabic,projected:gujarati,projected:hebrew,authored,projected:kannada,projected:sharada,projected:malayalam,projected:devanagari,projected:devanagari,projected:oriya,projected:devanagari,projected:perso-arabic,projected:perso-arabic,projected:phoenician,projected:devanagari,projected:gurmukhi,projected:devanagari,projected:perso-arabic,projected:khudawadi,projected:syriac,projected:tamil,projected:telugu,projected:perso-arabic
CPP_SETTIME,settime,cpp,projected:perso-arabic,projected:aramaic,projected:bengali,projected:bengali,projected:perso-arabic,projected:gujarati,projected:hebrew,authored,projected:kannada,projected:sharada,projected:malayalam,projected:devanagari,projected:devanagari,projected:oriya,projected:devanagari,projected:perso-arabic,projected:perso-arabic,projected:phoenician,projected:devanagari,projected:gurmukhi,projected:devanagari,projected:perso-arabic,projected:khudawadi,projected:syriac,projected:tamil,projected:telugu,projected:perso-arabic
BASIC_REM,REM,basic,projected:perso-arabic,projected:aramaic,projected:bengali,projected:bengali,projected:perso-arabic,projected:gujarati,projected:hebrew,authored,projected:kannada,projected:sharada,projected:malayalam,projected:devanagari,projected:devanagari,projected:oriya,projected:devanagari,projected:perso-arabic,projected:perso-arabic,projected:phoenician,projected:devanagari,projected:gurmukhi,projected:devanagari,projected:perso-arabic,projected:khudawadi,projected:syriac,projected:tamil,projected:telugu,projected:perso-arabic
BASIC_CLS,CLS,basic,projected:perso-arabic,projected:aramaic,projected:bengali,projected:bengali,projected:perso-arabic,projected:gujarati,projected:hebrew,authored,projected:kannada,projected:sharada,projected:malayalam,projected:devanagari,projected:devanagari,projected:oriya,projected:devanagari,projected:perso-arabic,projected:perso-arabic,projected:phoenician,projected:devanagari,projected:gurmukhi,projected:devanagari,projected:perso-arabic,projected:khudawadi,projected:syriac,projected:tamil,projected:telugu,projected:perso-arabic
BASIC_LOCATE,LOCATE,basic,projected:perso-arabic,projected:aramaic,projected:bengali,projected:bengali,projected:perso-arabic,projected:gujarati,projected:hebrew,authored,projected:kannada,projected:sharada,projected:malayalam,projected:devanagari,projected:devanagari,projected:oriya,projected:devanagari,projected:perso-arabic,projected:perso-arabic,projected:phoenician,projected:devanagari,projected:gurmukhi,projected:devanagari,projected:perso-arabic,projected:khudawadi,projected:syriac,projected:tamil,projected:telugu,projected:perso-arabic
BASIC_PRINT,PRINT,basic,projected:perso-arabic,projected:aramaic,projected:bengali,projected:bengali,projected:perso-arabic,projected:gujarati,projected:hebrew,authored,projected:kannada,projected:sharada,projected:malayalam,projected:devanagari,projected:devanagari,projected:oriya,projected:devanagari,projected:perso-arabic,projected:perso-arabic,projected:phoenician,projected:devanagari,projected:gurmukhi,projected:devanagari,projected:perso-arabic,projected:khudawadi,projected:syriac,projected:tamil,projected:telugu,projected:perso-arabic
BASIC_INPUT,INPUT,basic,projected:perso-arabic,projected:aramaic,projected:bengali,projected:bengali,projected:perso-arabic,projected:gujarati,projected:hebrew,authored,projected:kannada,projected:sharada,projected:malayalam,projected:devanagari,projected:devanagari,projected:oriya,projected:devanagari,projected:perso-arabic,projected:perso-arabic,projected:phoenician,projected:devanagari,projected:gurmukhi,projected:devanagari,projected:perso-arabic,projected:khudawadi,projected:syriac,projected:tamil,projected:telugu,projected:perso-arabic
BASIC_COLOR,COLOR,basic,projected:perso-arabic,projected:aramaic,projected:bengali,projected:bengali,projected:perso-arabic,projected:gujarati,projected:hebrew,authored,projected:kannada,projected:sharada,projected:malayalam,projected:devanagari,projected:devanagari,projected:oriya,projected:devanagari,projected:perso-arabic,projected:perso-arabic,projected:phoenician,projected:devanagari,projected:gurmukhi,projected:devanagari,projected:perso-arabic,projected:khudawadi,projected:syriac,projected:tamil,projected:telugu,projected:perso-arabic
BASIC_PALETTE,PALETTE,basic,projected:perso-arabic,projected:aramaic,projected:bengali,projected:bengali,projected:perso-arabic,projected:gujarati,projected:hebrew,authored,projected:kannada,projected:sharada,projected:malayalam,projected:devanagari,projected:devanagari,projected:oriya,projected:devanagari,projected:perso-arabic,projected:perso-arabic,projected:phoenician,projected:devanagari,projected:gurmukhi,projected:devanagari,projected:perso-arabic,projected:khudawadi,projected:syriac,projected:tamil,projected:telugu,projected:perso-arabic
BASIC_XTEXT,XTEXT,basic,projected:perso-arabic,projected:aramaic,projected:bengali,projected:bengali,projected:perso-arabic,projected:gujarati,projected:hebrew,authored,projected:kannada,projected:sharada,projected:malayalam,projected:devanagari,projected:devanagari,projected:oriya,projected:devanagari,projected:perso-arabic,projected:perso-arabic,projected:phoenician,projected:devanagari,projected:gurmukhi,projected:devanagari,projected:perso-arabic,projected:khudawadi,projected:syriac,projected:tamil,projected:telugu,projected:perso-arabic
BASIC_DATE,DATE,basic,projected:perso-arabic,projected:aramaic,projected:bengali,projected:bengali,projected:perso-arabic,projected:gujarati,projected:hebrew,authored,projected:kannada,projected:sharada,projected:malayalam,projected:devanagari,projected:devanagari,projected:oriya,projected:devanagari,projected:perso-arabic,projected:perso-arabic,projected:phoenician,projected:devanagari,projected:gurmukhi,projected:devanagari,projected:perso-arabic,projected:khudawadi,projected:syriac,projected:tamil,projected:telugu,projected:perso-arabic
BASIC_TIME,TIME,basic,projected:perso-arabic,projected:aramaic,projected:bengali,projected:bengali,projected:perso-arabic,projected:gujarati,projected:hebrew,authored,projected:kannada,projected:sharada,projected:malayalam,projected:devanagari,projected:devanagari,projected:oriya,projected:devanagari,projected:perso-arabic,projected:perso-arabic,projected:phoenician,projected:devanagari,projected:gurmukhi,projected:devanagari,projected:perso-arabic,projected:khudawadi,projected:syriac,projected:tamil,projected:telugu,projected:perso-arabic
BASIC_SPACE,SPACE,basic,projected:perso-arabic,projected:aramaic,projected:bengali,projected:bengali,projected:perso-arabic,projected:gujarati,projected:hebrew,authored,projected:kannada,projected:sharada,projected:malayalam,projected:devanagari,projected:devanagari,projected:oriya,projected:devanagari,projected:perso-arabic,projected:perso-arabic,projected:phoenician,projected:devanagari,projected:gurmukhi,projected:devanagari,projected:perso-arabic,projected:khudawadi,projected:syriac,projected:tamil,projected:telugu,projected:perso-arabic
BASIC_MID,MID,basic,projected:perso-arabic,projected:aramaic,projected:bengali,projected:bengali,projected:perso-arabic,projected:gujarati,projected:hebrew,authored,projected:kannada,projected:sharada,projected:malayalam,projected:devanagari,projected:devanagari,projected:oriya,projected:devanagari,projected:perso-arabic,projected:perso-arabic,projected:phoenician,projected:devanagari,projected:gurmukhi,projected:devanagari,projected:perso-arabic,projected:khudawadi,projected:syriac,projected:tamil,projected:telugu,projected:perso-arabic
BASIC_LEFT,LEFT,basic,projected:perso-arabic,projected:aramaic,projected:bengali,projected:bengali,projected:perso-arabic,projected:gujarati,projected:hebrew,authored,projected:kannada,projected:sharada,projected:malayalam,projected:devanagari,projected:devanagari,projected:oriya,projected:devanagari,projected:perso-arabic,projected:perso-arabic,projected:phoenician,projected:devanagari,projected:gurmukhi,projected:devanagari,projected:perso-arabic,projected:khudawadi,projected:syriac,projected:tamil,projected:telugu,projected:perso-arabic
BASIC_RIGHT,RIGHT,basic,projected:perso-arabic,projected:aramaic,projected:bengali,projected:bengali,projected:perso-arabic,projected:gujarati,projected:hebrew,authored,projected:kannada,projected:sharada,projected:malayalam,projected:devanagari,projected:devanagari,projected:oriya,projected:devanagari,projected:perso-arabic,projected:perso-arabic,projected:phoenician,projected:devanagari,projected:gurmukhi,projected:devanagari,projected:perso-arabic,projected:khudawadi,projected:syriac,projected:tamil,projected:telugu,projected:perso-arabic
BASIC_STRING,STRING,basic,projected:perso-arabic,projected:aramaic,projected:bengali,projected:bengali,projected:perso-arabic,projected:gujarati,projected:hebrew,authored,projected:kannada,projected:sharada,projected:malayalam,projected:devanagari,projected:devanagari,projected:oriya,projected:devanagari,projected:perso-arabic,projected:perso-arabic,projected:phoenician,projected:devanagari,projected:gurmukhi,projected:devanagari,projected:perso-arabic,projected:khudawadi,projected:syriac,projected:tamil,projected:telugu,projected:perso-arabic
BASIC_STR,STR,basic,projected:perso-arabic,projected:aramaic,projected:bengali,projected:bengali,projected:perso-arabic,projected:gujarati,projected:hebrew,authored,projected:kannada,projected:sharada,projected:malayalam,projected:devanagari,projected:devanagari,projected:oriya,projected:devanagari,projected:perso-arabic,projected:perso-arabic,projected:phoenician,projected:devanagari,projected:gurmukhi,projected:devanagari,projected:perso-arabic,projected:khudawadi,projected:syriac,projected:tamil,projected:telugu,projected:perso-arabic
BASIC_CHR,CHR,basic,projected:perso-arabic,projected:aramaic,projected:bengali,projected:bengali,projected:perso-arabic,projected:gujarati,projected:hebrew,authored,projected:kannada,projected:sharada,projected:malayalam,projected:devanagari,projected:devanagari,projected:oriya,projected:devanagari,projected:perso-arabic,projected:perso-arabic,projected:phoenician,projected:devanagari,projected:gurmukhi,projected:devanagari,projected:perso-arabic,projected:khudawadi,projected:syriac,projected:tamil,projected:telugu,projected:perso-arabic
BASIC_UCASE,UCASE,basic,projected:perso-arabic,projected:aramaic,projected:bengali,projected:bengali,projected:perso-arabic,projected:gujarati,projected:hebrew,authored,projected:kannada,projected:sharada,projected:malayalam,projected:devanagari,projected:devanagari,projected:oriya,projected:devanagari,projected:perso-arabic,projected:perso-arabic,projected:phoenician,projected:devanagari,projected:gurmukhi,projected:devanagari,projected:perso-arabic,projected:khudawadi,projected:syriac,projected:tamil,projected:telugu,projected:perso-arabic
BASIC_LCASE,LCASE,basic,projected:perso-arabic,projected:aramaic,projected:bengali,projected:bengali,projected:perso-arabic,projected:gujarati,projected:hebrew,authored,projected:kannada,projected:sharada,projected:malayalam,projected:devanagari,projected:devanagari,projected:oriya,projected:devanagari,projected:perso-arabic,projected:perso-arabic,projected:phoenician,projected:devanagari,projected:gurmukhi,projected:devanagari,projected:perso-arabic,projected:khudawadi,projected:syriac,projected:tamil,projected:telugu,projected:perso-arabic
BASIC_LTRIM,LTRIM,basic,projected:perso-arabic,projected:aramaic,projected:bengali,projected:bengali,projected:perso-arabic,projected:gujarati,projected:hebrew,authored,projected:kannada,projected:sharada,projected:malayalam,projected:devanagari,projected:devanagari,projected:oriya,projected:devanagari,projected:perso-arabic,projected:perso-arabic,projected:phoenician,projected:devanagari,projected:gurmukhi,projected:devanagari,projected:perso-arabic,projected:khudawadi,projected:syriac,projected:tamil,projected:telugu,projected:perso-arabic
BASIC_RTRIM,RTRIM,basic,projected:perso-arabic,projected:aramaic,projected:bengali,projected:bengali,projected:perso-arabic,projected:gujarati,projected:hebrew,authored,projected:kannada,projected:sharada,projected:malayalam,projected:devanagari,projected:devanagari,projected:oriya,projected:devanagari,projected:perso-arabic,projected:perso-arabic,projected:phoenician,projected:devanagari,projected:gurmukhi,projected:devanagari,projected:perso-arabic,projected:khudawadi,projected:syriac,projected:tamil,projected:telugu,projected:perso-arabic
BASIC_INSTR,INSTR,basic,projected:perso-arabic,projected:aramaic,projected:bengali,projected:bengali,projected:perso-arabic,projected:gujarati,projected:hebrew,authored,projected:kannada,projected:sharada,projected:malayalam,projected:devanagari,projected:devanagari,projected:oriya,projected:devanagari,projected:perso-arabic,projected:perso-arabic,projected:phoenician,projected:devanagari,projected:gurmukhi,projected:devanagari,projected:perso-arabic,projected:khudawadi,projected:syriac,projected:tamil,projected:telugu,projected:perso-arabic
BASIC_ASC,ASC,basic,projected:perso-arabic,projected:aramaic,projected:bengali,projected:bengali,projected:perso-arabic,projected:gujarati,projected:hebrew,authored,projected:kannada,projected:sharada,projected:malayalam,projected:devanagari,projected:devanagari,projected:oriya,projected:devanagari,projected:perso-arabic,projected:perso-arabic,projected:phoenician,projected:devanagari,projected:gurmukhi,projected:devanagari,projected:perso-arabic,projected:khudawadi,projected:syriac,projected:tamil,projected:telugu,projected:perso-arabic
BASIC_VAL,VAL,basic,projected:perso-arabic,projected:aramaic,projected:bengali,projected:bengali,projected:perso-arabic,projected:gujarati,projected:hebrew,authored,projected:kannada,projected:sharada,projected:malayalam,projected:devanagari,projected:devanagari,projected:oriya,projected:devanagari,projected:perso-arabic,projected:perso-arabic,projected:phoenician,projected:devanagari,projected:gurmukhi,projected:devanagari,projected:perso-arabic,projected:khudawadi,projected:syriac,projected:tamil,projected:telugu,projected:perso-arabic
BASIC_LEN,LEN,basic,projected:perso-arabic,projected:aramaic,projected:bengali,projected:bengali,projected:perso-arabic,projected:gujarati,projected:hebrew,authored,projected:kannada,projected:sharada,projected:malayalam,projected:devanagari,projected:devanagari,projected:oriya,projected:devanagari,projected:perso-arabic,projected:perso-arabic,projected:phoenician,projected:devanagari,projected:gurmukhi,projected:devanagari,projected:perso-arabic,projected:khudawadi,projected:syriac,projected:tamil,projected:telugu,projected:perso-arabic
BASIC_HEX,HEX,basic,projected:perso-arabic,projected:aramaic,projected:bengali,projected:bengali,projected:perso-arabic,projected:gujarati,projected:hebrew,authored,projected:kannada,projected:sharada,projected:malayalam,projected:devanagari,projected:devanagari,projected:oriya,projected:devanagari,projected:perso-arabic,projected:perso-arabic,projected:phoenician,projected:devanagari,projected:gurmukhi,projected:devanagari,projected:perso-arabic,projected:khudawadi,projected:syriac,projected:tamil,projected:telugu,projected:perso-arabic
BASIC_OCT,OCT,basic,projected:perso-arabic,projected:aramaic,projected:bengali,projected:bengali,projected:perso-arabic,projected:gujarati,projected:hebrew,authored,projected:kannada,projected:sharada,projected:malayalam,projected:devanagari,projected:devanagari,projected:oriya,projected:devanagari,projected:perso-arabic,projected:perso-arabic,projected:phoenician,projected:devanagari,projected:gurmukhi,projected:devanagari,projected:perso-arabic,projected:khudawadi,projected:syriac,projected:tamil,projected:telugu,projected:perso-arabic
BASIC_INKEY,INKEY,basic,projected:perso-arabic,projected:aramaic,projected:bengali,projected:bengali,projected:perso-arabic,projected:gujarati,projected:hebrew,authored,projected:kannada,projected:sharada,projected:malayalam,projected:devanagari,projected:devanagari,projected:oriya,projected:devanagari,projected:perso-arabic,projected:perso-arabic,projected:phoenician,projected:devanagari,projected:gurmukhi,projected:devanagari,projected:perso-arabic,projected:khudawadi,projected:syriac,projected:tamil,projected:telugu,projected:perso-arabic
BASIC_TIMER,TIMER,basic,projected:perso-arabic,projected:aramaic,projected:bengali,projected:bengali,projected:perso-arabic,projected:gujarati,projected:hebrew,authored,projected:kannada,projected:sharada,projected:malayalam,projected:devanagari,projected:devanagari,projected:oriya,projected:devanagari,projected:perso-arabic,projected:perso-arabic,projected:phoenician,projected:devanagari,projected:gurmukhi,projected:devanagari,projected:perso-arabic,projected:khudawadi,projected:syriac,projected:tamil,projected:telugu,projected:perso-arabic
BASIC_RANDOMIZE,RANDOMIZE,basic,projected:perso-arabic,projected:aramaic,projected:bengali,projected:bengali,projected:perso-arabic,projected:gujarati,projected:hebrew,authored,projected:kannada,projected:sharada,projected:malayalam,projected:devanagari,projected:devanagari,projected:oriya,projected:devanagari,projected:perso-arabic,projected:perso-arabic,projected:phoenician,projected:devanagari,projected:gurmukhi,projected:devanagari,projected:perso-arabic,projected:khudawadi,projected:syriac,projected:tamil,projected:telugu,projected:perso-arabic
BASIC_LET,LET,basic,projected:perso-arabic,projected:aramaic,projected:bengali,projected:bengali,projected:perso-arabic,projected:gujarati,projected:hebrew,authored,projected:kannada,projected:sharada,projected:malayalam,projected:devanagari,projected:devanagari,projected:oriya,projected:devanagari,projected:perso-arabic,projected:perso-arabic,projected:phoenician,projected:devanagari,projected:gurmukhi,projected:devanagari,projected:perso-arabic,projected:khudawadi,projected:syriac,projected:tamil,projected:telugu,projected:perso-arabic
BASIC_DIM,DIM,basic,projected:perso-arabic,projected:aramaic,projected:bengali,projected:bengali,projected:perso-arabic,projected:gujarati,projected:hebrew,authored,projected:kannada,projected:sharada,projected:malayalam,projected:devanagari,projected:devanagari,projected:oriya,projected:devanagari,projected:perso-arabic,projected:perso-arabic,projected:phoenician,projected:devanagari,projected:gurmukhi,projected:devanagari,projected:perso-arabic,projected:khudawadi,projected:syriac,projected:tamil,projected:telugu,projected:perso-arabic
BASIC_SHARED,SHARED,basic,projected:perso-arabic,projected:aramaic,projected:bengali,projected:bengali,projected:perso-arabic,projected:gujarati,projected:hebrew,authored,projected:kannada,projected:sharada,projected:malayalam,projected:devanagari,projected:devanagari,projected:oriya,projected:devanagari,projected:perso-arabic,projected:perso-arabic,projected:phoenician,projected:devanagari,projected:gurmukhi,projected:devanagari,projected:perso-arabic,projected:khudawadi,projected:syriac,projected:tamil,projected:telugu,projected:perso-arabic
BASIC_CONST,CONST,basic,projected:perso-arabic,projected:aramaic,projected:bengali,projected:bengali,projected:perso-arabic,projected:gujarati,projected:hebrew,authored,projected:kannada,projected:sharada,projected:malayalam,projected:devanagari,projected:devanagari,projected:oriya,projected:devanagari,projected:perso-arabic,projected:perso-arabic,projected:phoenician,projected:devanagari,projected:gurmukhi,projected:devanagari,projected:perso-arabic,projected:khudawadi,projected:syriac,projected:tamil,projected:telugu,projected:perso-arabic
BASIC_IF,IF,basic,projected:perso-arabic,projected:aramaic,projected:bengali,projected:bengali,projected:perso-arabic,projected:gujarati,projected:hebrew,authored,projected:kannada,projected:sharada,projected:malayalam,projected:devanagari,projected:devanagari,projected:oriya,projected:devanagari,projected:perso-arabic,projected:perso-arabic,projected:phoenician,projected:devanagari,projected:gurmukhi,projected:devanagari,projected:perso-arabic,projected:khudawadi,projected:syriac,projected:tamil,projected:telugu,projected:perso-arabic
BASIC_THEN,THEN,basic,projected:perso-arabic,projected:aramaic,projected:bengali,projected:bengali,projected:perso-arabic,projected:gujarati,projected:hebrew,authored,projected:kannada,projected:sharada,projected:malayalam,projected:devanagari,projected:devanagari,projected:oriya,projected:devanagari,projected:perso-arabic,projected:perso-arabic,projected:phoenician,projected:devanagari,projected:gurmukhi,projected:devanagari,projected:perso-arabic,projected:khudawadi,projected:syriac,projected:tamil,projected:telugu,projected:perso-arabic
BASIC_ELSE,ELSE,basic,projected:perso-arabic,projected:aramaic,projected:bengali,projected:bengali,projected:perso-arabic,projected:gujarati,projected:hebrew,authored,projected:kannada,projected:sharada,projected:malayalam,projected:devanagari,projected:devanagari,projected:oriya,projected:devanagari,projected:perso-arabic,projected:perso-arabic,projected:phoenician,projected:devanagari,projected:gurmukhi,projected:devanagari,projected:perso-arabic,projected:khudawadi,projected:syriac,projected:tamil,projected:telugu,projected:perso-arabic
BASIC_FOR,FOR,basic,projected:perso-arabic,projected:aramaic,projected:bengali,projected:bengali,projected:perso-arabic,projected:gujarati,projected:hebrew,authored,projected:kannada,projected:sharada,projected:malayalam,projected:devanagari,projected:devanagari,projected:oriya,projected:devanagari,projected:perso-arabic,projected:perso-arabic,projected:phoenician,projected:devanagari,projected:gurmukhi,projected:devanagari,projected:perso-arabic,projected:khudawadi,projected:syriac,projected:tamil,projected:telugu,projected:perso-arabic
BASIC_TO,TO,basic,projected:perso-arabic,projected:aramaic,projected:bengali,projected:bengali,projected:perso-arabic,projected:gujarati,projected:hebrew,authored,projected:kannada,projected:sharada,projected:malayalam,projected:devanagari,projected:devanagari,projected:oriya,projected:devanagari,projected:perso-arabic,projected:perso-arabic,projected:phoenician,projected:devanagari,projected:gurmukhi,projected:devanagari,projected:perso-arabic,projected:khudawadi,projected:syriac,projected:tamil,projected:telugu,projected:perso-arabic
BASIC_STEP,STEP,basic,projected:perso-arabic,projected:aramaic,projected:bengali,projected:bengali,projected:perso-arabic,projected:gujarati,projected:hebrew,authored,projected:kannada,projected:sharada,projected:malayalam,projected:devanagari,projected:devanagari,projected:oriya,projected:devanagari,projected:perso-arabic,projected:perso-arabic,projected:phoenician,projected:devanagari,projected:gurmukhi,projected:devanagari,projected:perso-arabic,projected:khudawadi,projected:syriac,projected:tamil,projected:telugu,projected:perso-arabic
BASIC_NEXT,NEXT,basic,projected:perso-arabic,projected:aramaic,projected:bengali,projected:bengali,projected:perso-arabic,projected:gujarati,projected:hebrew,authored,projected:kannada,projected:sharada,projected:malayalam,projected:devanagari,projected:devanagari,projected:oriya,projected:devanagari,projected:perso-arabic,projected:perso-arabic,projected:phoenician,projected:devanagari,projected:gurmukhi,projected:devanagari,projected:perso-arabic,projected:khudawadi,projected:syriac,projected:tamil,projected:telugu,projected:perso-arabic
BASIC_DO,DO,basic,projected:perso-arabic,projected:aramaic,projected:bengali,projected:bengali,projected:perso-arabic,projected:gujarati,projected:hebrew,authored,projected:kannada,projected:sharada,projected:malayalam,projected:devanagari,projected:devanagari,projected:oriya,projected:devanagari,projected:perso-arabic,projected:perso-arabic,projected:phoenician,projected:devanagari,projected:gurmukhi,projected:devanagari,projected:perso-arabic,projected:khudawadi,projected:syriac,projected:tamil,projected:telugu,projected:perso-arabic
BASIC_LOOP,LOOP,basic,projected:perso-arabic,projected:aramaic,projected:bengali,projected:bengali,projected:perso-arabic,projected:gujarati,projected:hebrew,authored,projected:kannada,projected:sharada,projected:malayalam,projected:devanagari,projected:devanagari,projected:oriya,projected:devanagari,projected:perso-arabic,projected:perso-arabic,projected:phoenician,projected:devanagari,projected:gurmukhi,projected:devanagari,projected:perso-arabic,projected:khudawadi,projected:syriac,projected:tamil,projected:telugu,projected:perso-arabic
BASIC_WHILE,WHILE,basic,projected:perso-arabic,projected:aramaic,projected:bengali,projected:bengali,projected:perso-arabic,projected:gujarati,projected:hebrew,authored,projected:kannada,projected:sharada,projected:malayalam,projected:devanagari,projected:devanagari,projected:oriya,projected:devanagari,projected:perso-arabic,projected:perso-arabic,projected:phoenician,projected:devanagari,projected:gurmukhi,projected:devanagari,projected:perso-arabic,projected:khudawadi,projected:syriac,projected:tamil,projected:telugu,projected:perso-arabic
BASIC_WEND,WEND,basic,projected:perso-arabic,projected:aramaic,projected:bengali,projected:bengali,projected:perso-arabic,projected:gujarati,projected:hebrew,authored,projected:kannada,projected:sharada,projected:malayalam,projected:devanagari,projected:devanagari,projected:oriya,projected:devanagari,projected:perso-arabic,projected:perso-arabic,projected:phoenician,projected:devanagari,projected:gurmukhi,projected:devanagari,projected:perso-arabic,projected:khudawadi,projected:syriac,projected:tamil,projected:telugu,projected:perso-arabic
BASIC_OPEN,OPEN,basic,projected:perso-arabic,projected:aramaic,projected:bengali,projected:bengali,projected:perso-arabic,projected:gujarati,projected:hebrew,authored,projected:kannada,projected:sharada,projected:malayalam,projected:devanagari,projected:devanagari,projected:oriya,projected:devanagari,projected:perso-arabic,projected:perso-arabic,projected:phoenician,projected:devanagari,projected:gurmukhi,projected:devanagari,projected:perso-arabic,projected:khudawadi,projected:syriac,projected:tamil,projected:telugu,projected:perso-arabic
BASIC_OUTPUT,OUTPUT,basic,projected:perso-arabic,projected:aramaic,projected:bengali,projected:bengali,projected:perso-arabic,projected:gujarati,projected:hebrew,authored,projected:kannada,projected:sharada,projected:malayalam,projected:devanagari,projected:devanagari,projected:oriya,projected:devanagari,projected:perso-arabic,projected:perso-arabic,projected:phoenician,projected:devanagari,projected:gurmukhi,projected:devanagari,projected:perso-arabic,projected:khudawadi,projected:syriac,projected:tamil,projected:telugu,projected:perso-arabic
BASIC_APPEND,APPEND,basic,projected:perso-arabic,projected:aramaic,projected:bengali,projected:bengali,projected:perso-arabic,projected:gujarati,projected:hebrew,authored,projected:kannada,projected:sharada,projected:malayalam,projected:devanagari,projected:devanagari,projected:oriya,projected:devanagari,projected:perso-arabic,projected:perso-arabic,projected:phoenician,projected:devanagari,projected:gurmukhi,projected:devanagari,projected:perso-arabic,projected:khudawadi,projected:syriac,projected:tamil,projected:telugu,projected:perso-arabic
BASIC_AS,AS,basic,projected:perso-arabic,projected:aramaic,projected:bengali,projected:bengali,projected:perso-arabic,projected:gujarati,projected:hebrew,authored,projected:kannada,projected:sharada,projected:malayalam,projected:devanagari,projected:devanagari,projected:oriya,projected:devanagari,projected:perso-arabic,projected:perso-arabic,projected:phoenician,projected:devanagari,projected:gurmukhi,projected:devanagari,projected:perso-arabic,projected:khudawadi,projected:syriac,projected:tamil,projected:telugu,projected:perso-arabic
BASIC_CLOSE,CLOSE,basic,projected:perso-arabic,projected:aramaic,projected:bengali,projected:bengali,projected:perso-arabic,projected:gujarati,projected:hebrew,authored,projected:kannada,projected:sharada,projected:malayalam,projected:devanagari,projected:devanagari,projected:oriya,projected:devanagari,projected:perso-arabic,projected:perso-arabic,projected:phoenician,projected:devanagari,projected:gurmukhi,projected:devanagari,projected:perso-arabic,projected:khudawadi,projected:syriac,projected:tamil,projected:telugu,projected:perso-arabic
BASIC_EOF,EOF,basic,projected:perso-arabic,projected:aramaic,projected:bengali,projected:bengali,projected:perso-arabic,projected:gujarati,projected:hebrew,authored,projected:kannada,projected:sharada,projected:malayalam,projected:devanagari,projected:devanagari,projected:oriya,projected:devanagari,projected:perso-arabic,projected:perso-arabic,projected:phoenician,projected:devanagari,projected:gurmukhi,projected:devanagari,projected:perso-arabic,projected:khudawadi,projected:syriac,projected:tamil,projected:telugu,projected:perso-arabic
BASIC_EXISTS,EXISTS,basic,projected:perso-arabic,projected:aramaic,projected:bengali,projected:bengali,projected:perso-arabic,projected:gujarati,projected:hebrew,authored,projected:kannada,projected:sharada,projected:malayalam,projected:devanagari,projected:devanagari,projected:oriya,projected:devanagari,projected:perso-arabic,projected:perso-arabic,projected:phoenician,projected:devanagari,projected:gurmukhi,projected:devanagari,projected:perso-arabic,projected:khudawadi,projected:syriac,projected:tamil,projected:telugu,projected:perso-arabic
BASIC_END,END,basic,projected:perso-arabic,projected:aramaic,projected:bengali,projected:bengali,projected:perso-arabic,projected:gujarati,projected:hebrew,authored,projected:kannada,projected:sharada,projected:malayalam,projected:devanagari,projected:devanagari,projected:oriya,projected:devanagari,projected:perso-arabic,projected:perso-arabic,projected:phoenician,projected:devanagari,projected:gurmukhi,projected:devanagari,projected:perso-arabic,projected:khudawadi,projected:syriac,projected:tamil,projected:telugu,projected:perso-arabic
BASIC_SHELL,SHELL,basic,projected:perso-arabic,projected:aramaic,projected:bengali,projected:bengali,projected:perso-arabic,projected:gujarati,projected:hebrew,authored,projected:kannada,projected:sharada,projected:malayalam,projected:devanagari,projected:devanagari,projected:oriya,projected:devanagari,projected:perso-arabic,projected:perso-arabic,projected:phoenician,projected:devanagari,projected:gurmukhi,projected:devanagari,projected:perso-arabic,projected:khudawadi,projected:syriac,projected:tamil,projected:telugu,projected:perso-arabic
BASIC_GOTO,GOTO,basic,projected:perso-arabic,projected:aramaic,projected:bengali,projected:bengali,projected:perso-arabic,projected:gujarati,projected:hebrew,authored,projected:kannada,projected:sharada,projected:malayalam,projected:devanagari,projected:devanagari,projected:oriya,projected:devanagari,projected:perso-arabic,projected:perso-arabic,projected:phoenician,projected:devanagari,projected:gurmukhi,projected:devanagari,projected:perso-arabic,projected:khudawadi,projected:syriac,projected:tamil,projected:telugu,projected:perso-arabic
BASIC_GOSUB,GOSUB,basic,projected:perso-arabic,projected:aramaic,projected:bengali,projected:bengali,projected:perso-arabic,projected:gujarati,projected:hebrew,authored,projected:kannada,projected:sharada,projected:malayalam,projected:devanagari,projected:devanagari,projected:oriya,projected:devanagari,projected:perso-arabic,projected:perso-arabic,projected:phoenician,projected:devanagari,projected:gurmukhi,projected:devanagari,projected:perso-arabic,projected:khudawadi,projected:syriac,projected:tamil,projected:telugu,projected:perso-arabic
BASIC_RETURN,RETURN,basic,projected:perso-arabic,projected:aramaic,projected:bengali,projected:bengali,projected:perso-arabic,projected:gujarati,projected:hebrew,authored,projected:kannada,projected:sharada,projected:malayalam,projected:devanagari,projected:devanagari,projected:oriya,projected:devanagari,projected:perso-arabic,projected:perso-arabic,projected:phoenician,projected:devanagari,projected:gurmukhi,projected:devanagari,projected:perso-arabic,projected:khudawadi,projected:syriac,projected:tamil,projected:telugu,projected:perso-arabic
BASIC_FUNCTION,FUNCTION,basic,projected:perso-arabic,projected:aramaic,projected:bengali,projected:bengali,projected:perso-arabic,projected:gujarati,projected:hebrew,authored,projected:kannada,projected:sharada,projected:malayalam,projected:devanagari,projected:devanagari,projected:oriya,projected:devanagari,projected:perso-arabic,projected:perso-arabic,projected:phoenician,projected:devanagari,projected:gurmukhi,projected:devanagari,projected:perso-arabic,projected:khudawadi,projected:syriac,projected:tamil,projected:telugu,projected:perso-arabic
BASIC_SUB,SUB,basic,projected:perso-arabic,projected:aramaic,projected:bengali,projected:bengali,projected:perso-arabic,projected:gujarati,projected:hebrew,authored,projected:kannada,projected:sharada,projected:malayalam,projected:devanagari,projected:devanagari,projected:oriya,projected:devanagari,projected:perso-arabic,projected:perso-arabic,projected:phoenician,projected:devanagari,projected:gurmukhi,projected:devanagari,projected:perso-arabic,projected:khudawadi,projected:syriac,projected:tamil,projected:telugu,projected:perso-arabic
BASIC_EXIT_SUB,EXIT SUB,basic,projected:perso-arabic,projected:aramaic,projected:bengali,projected:bengali,projected:perso-arabic,projected:gujarati,projected:hebrew,authored,projected:kannada,projected:sharada,projected:malayalam,projected:devanagari,projected:devanagari,projected:oriya,projected:devanagari,projected:perso-arabic,projected:perso-arabic,projected:phoenician,projected:devanagari,projected:gurmukhi,projected:devanagari,projected:perso-arabic,projected:khudawadi,projected:syriac,projected:tamil,projected:telugu,projected:perso-arabic
BASIC__NC_BREAK__N,\nC break;\n,basic,projected:perso-arabic,projected:aramaic,projected:bengali,projected:bengali,projected:perso-arabic,projected:gujarati,projected:hebrew,authored,projected:kannada,projected:sharada,projected:malayalam,projected:devanagari,projected:devanagari,projected:oriya,projected:devanagari,projected:perso-arabic,projected:perso-arabic,projected:phoenician,projected:devanagari,projected:gurmukhi,projected:devanagari,projected:perso-arabic,projected:khudawadi,projected:syriac,projected:tamil,projected:telugu,projected:perso-arabic
BASIC__NC_CONTINUE__N,\nC continue;\n,basic,projected:perso-arabic,projected:aramaic,projected:bengali,projected:bengali,projected:perso-arabic,projected:gujarati,projected:hebrew,authored,projected:kannada,projected:sharada,projected:malayalam,projected:devanagari,projected:devanagari,projected:oriya,projected:devanagari,projected:perso-arabic,projected:perso-arabic,projected:phoenician,projected:devanagari,projected:gurmukhi,projected:devanagari,projected:perso-arabic,projected:khudawadi,projected:syriac,projected:tamil,projected:telugu,projected:perso-arabic
BASIC_STATIC,STATIC,basic,projected:perso-arabic,projected:aramaic,projected:bengali,projected:bengali,projected:perso-arabic,projected:gujarati,projected:hebrew,authored,projected:kannada,projected:sharada,projected:malayalam,projected:devanagari,projected:devanagari,projected:oriya,projected:devanagari,projected:perso-arabic,projected:perso-arabic,projected:phoenician,projected:devanagari,projected:gurmukhi,projected:devanagari,projected:perso-arabic,projected:khudawadi,projected:syriac,projected:tamil,projected:telugu,projected:perso-arabic
BASIC_DECLARE,DECLARE,basic,projected:perso-arabic,projected:aramaic,projected:bengali,projected:bengali,projected:perso-arabic,projected:gujarati,projected:hebrew,authored,projected:kannada,projected:sharada,projected:malayalam,projected:devanagari,projected:devanagari,projected:oriya,projected:devanagari,projected:perso-arabic,projected:perso-arabic,projected:phoenician,projected:devanagari,projected:gurmukhi,projected:devanagari,projected:perso-arabic,projected:khudawadi,projected:syriac,projected:tamil,projected:telugu,projected:perso-arabic
BASIC_CALL,CALL,basic,projected:perso-arabic,projected:aramaic,projected:bengali,projected:bengali,projected:perso-arabic,projected:gujarati,projected:hebrew,authored,projected:kannada,projected:sharada,projected:malayalam,projected:devanagari,projected:devanagari,projected:oriya,projected:devanagari,projected:perso-arabic,projected:perso-arabic,projected:phoenician,projected:devanagari,projected:gurmukhi,projected:devanagari,projected:perso-arabic,projected:khudawadi,projected:syriac,projected:tamil,projected:telugu,projected:perso-arabic
BASIC_LOG,LOG,basic,projected:perso-arabic,projected:aramaic,projected:bengali,projected:bengali,projected:perso-arabic,projected:gujarati,projected:hebrew,authored,projected:kannada,projected:sharada,projected:malayalam,projected:devanagari,projected:devanagari,projected:oriya,projected:devanagari,projected:perso-arabic,projected:perso-arabic,projected:phoenician,projected:devanagari,projected:gurmukhi,projected:devanagari,projected:perso-arabic,projected:khudawadi,projected:syriac,projected:tamil,projected:telugu,projected:perso-arabic
BASIC_SIN,SIN,basic,projected:perso-arabic,projected:aramaic,projected:bengali,projected:bengali,projected:perso-arabic,projected:gujarati,projected:hebrew,authored,projected:kannada,projected:sharada,projected:malayalam,projected:devanagari,projected:devanagari,projected:oriya,projected:devanagari,projected:perso-arabic,projected:perso-arabic,projected:phoenician,projected:devanagari,projected:gurmukhi,projected:devanagari,projected:perso-arabic,projected:khudawadi,projected:syriac,projected:tamil,projected:telugu,projected:perso-arabic
BASIC_COS,COS,basic,projected:perso-arabic,projected:aramaic,projected:bengali,projected:bengali,projected:perso-arabic,projected:gujarati,projected:hebrew,authored,projected:kannada,projected:sharada,projected:malayalam,projected:devanagari,projected:devanagari,projected:oriya,projected:devanagari,projected:perso-arabic,projected:perso-arabic,projected:phoenician,projected:devanagari,projected:gurmukhi,projected:devanagari,projected:perso-arabic,projected:khudawadi,projected:syriac,projected:tamil,projected:telugu,projected:perso-arabic
BASIC_TAN,TAN,basic,projected:perso-arabic,projected:aramaic,projected:bengali,projected:bengali,projected:perso-arabic,projected:gujarati,projected:hebrew,authored,projected:kannada,projected:sharada,projected:malayalam,projected:devanagari,projected:devanagari,projected:oriya,projected:devanagari,projected:perso-arabic,projected:perso-arabic,projected:phoenician,projected:devanagari,projected:gurmukhi,projected:devanagari,projected:perso-arabic,projected:khudawadi,projected:syriac,projected:tamil,projected:telugu,projected:perso-arabic
BASIC_ATN,ATN,basic,projected:perso-arabic,projected:aramaic,projected:bengali,projected:bengali,projected:perso-arabic,projected:gujarati,projected:hebrew,authored,projected:kannada,projected:sharada,projected:malayalam,projected:devanagari,projected:devanagari,projected:oriya,projected:devanagari,projected:perso-arabic,projected:perso-arabic,projected:phoenician,projected:devanagari,projected:gurmukhi,projected:devanagari,projected:perso-arabic,projected:khudawadi,projected:syriac,projected:tamil,projected:telugu,projected:perso-arabic
BASIC_SQR,SQR,basic,projected:perso-arabic,projected:aramaic,projected:bengali,projected:bengali,projected:perso-arabic,projected:gujarati,projected:hebrew,authored,projected:kannada,projected:sharada,projected:malayalam,projected:devanagari,projected:devanagari,projected:oriya,projected:devanagari,projected:perso-arabic,projected:perso-arabic,projected:phoenician,projected:devanagari,projected:gurmukhi,projected:devanagari,projected:perso-arabic,projected:khudawadi,projected:syriac,projected:tamil,projected:telugu,projected:perso-arabic
BASIC_ABS,ABS,basic,projected:perso-arabic,projected:aramaic,projected:bengali,projected:bengali,projected:perso-arabic,projected:gujarati,projected:hebrew,authored,projected:kannada,projected:sharada,projected:malayalam,projected:devanagari,projected:devanagari,projected:oriya,projected:devanagari,projected:perso-arabic,projected:perso-arabic,projected:phoenician,projected:devanagari,projected:gurmukhi,projected:devanagari,projected:perso-arabic,projected:khudawadi,projected:syriac,projected:tamil,projected:telugu,projected:perso-arabic
BASIC_EXP,EXP,basic,projected:perso-arabic,projected:aramaic,projected:bengali,projected:bengali,projected:perso-arabic,projected:gujarati,projected:hebrew,authored,projected:kannada,projected:sharada,projected:malayalam,projected:devanagari,projected:devanagari,projected:oriya,projected:devanagari,projected:perso-arabic,projected:perso-arabic,projected:phoenician,projected:devanagari,projected:gurmukhi,projected:devanagari,projected:perso-arabic,projected:khudawadi,projected:syriac,projected:tamil,projected:telugu,projected:perso-arabic
BASIC_SGN,SGN,basic,projected:perso-arabic,projected:aramaic,projected:bengali,projected:bengali,projected:perso-arabic,projected:gujarati,projected:hebrew,authored,projected:kannada,projected:sharada,projected:malayalam,projected:devanagari,projected:devanagari,projected:oriya,projected:devanagari,projected:perso-arabic,projected:perso-arabic,projected:phoenician,projected:devanagari,projected:gurmukhi,projected:devanagari,projected:perso-arabic,projected:khudawadi,projected:syriac,projected:tamil,projected:telugu,projected:perso-arabic
BASIC_RND,RND,basic,projected:perso-arabic,projected:aramaic,projected:bengali,projected:bengali,projected:perso-arabic,projected:gujarati,projected:hebrew,authored,projected:kannada,projected:sharada,projected:malayalam,projected:devanagari,projected:devanagari,projected:oriya,projected:devanagari,projected:perso-arabic,projected:perso-arabic,projected:phoenician,projected:devanagari,projected:gurmukhi,projected:devanagari,projected:perso-arabic,projected:khudawadi,projected:syriac,projected:tamil,projected:telugu,projected:perso-arabic
BASIC_INT,INT,basic,projected:perso-arabic,projected:aramaic,projected:bengali,projected:bengali,projected:perso-arabic,projected:gujarati,projected:hebrew,authored,projected:kannada,projected:sharada,projected:malayalam,projected:devanagari,projected:devanagari,projected:oriya,projected:devanagari,projected:perso-arabic,projected:perso-arabic,projected:phoenician,projected:devanagari,projected:gurmukhi,projected:devanagari,projected:perso-arabic,projected:khudawadi,projected:syriac,projected:tamil,projected:telugu,projected:perso-arabic
BASIC_CINT,CINT,basic,projected:perso-arabic,projected:aramaic,projected:bengali,projected:bengali,projected:perso-arabic,projected:gujarati,projected:hebrew,authored,projected:kannada,projected:sharada,projected:malayalam,projected:devanagari,projected:devanagari,projected:oriya,projected:devanagari,projected:perso-arabic,projected:perso-arabic,projected:phoenician,projected:devanagari,projected:gurmukhi,projected:devanagari,projected:perso-arabic,projected:khudawadi,projected:syriac,projected:tamil,projected:telugu,projected:perso-arabic
BASIC_MOD,MOD,basic,projected:perso-arabic,projected:aramaic,projected:bengali,projected:bengali,projected:perso-arabic,projected:gujarati,projected:hebrew,authored,projected:kannada,projected:sharada,projected:malayalam,projected:devanagari,projected:devanagari,projected:oriya,projected:devanagari,projected:perso-arabic,projected:perso-arabic,projected:phoenician,projected:devanagari,projected:gurmukhi,projected:devanagari,projected:perso-arabic,projected:khudawadi,projected:syriac,projected:tamil,projected:telugu,projected:perso-arabic
BASIC_SCREEN,SCREEN,basic,projected:perso-arabic,projected:aramaic,projected:bengali,projected:bengali,projected:perso-arabic,projected:gujarati,projected:hebrew,authored,projected:kannada,projected:sharada,projected:malayalam,projected:devanagari,projected:devanagari,projected:oriya,projected:devanagari,projected:perso-arabic,projected:perso-arabic,projected:phoenician,projected:devanagari,projected:gurmukhi,projected:devanagari,projected:perso-arabic,projected:khudawadi,projected:syriac,projected:tamil,projected:telugu,projected:perso-arabic
BASIC_CIRCLE,CIRCLE,basic,projected:perso-arabic,projected:aramaic,projected:bengali,projected:bengali,projected:perso-arabic,projected:gujarati,projected:hebrew,authored,projected:kannada,projected:sharada,projected:malayalam,projected:devanagari,projected:devanagari,projected:oriya,projected:devanagari,projected:perso-arabic,projected:perso-arabic,projected:phoenician,projected:devanagari,projected:gurmukhi,projected:devanagari,projected:perso-arabic,projected:khudawadi,projected:syriac,projected:tamil,projected:telugu,projected:perso-arabic
BASIC_LINE,LINE,basic,projected:perso-arabic,projected:aramaic,projected:bengali,projected:bengali,projected:perso-arabic,projected:gujarati,projected:hebrew,authored,projected:kannada,projected:sharada,projected:malayalam,projected:devanagari,projected:devanagari,projected:oriya,projected:devanagari,projected:perso-arabic,projected:perso-arabic,projected:phoenician,projected:devanagari,projected:gurmukhi,projected:devanagari,projected:perso-arabic,projected:khudawadi,projected:syriac,projected:tamil,projected:telugu,projected:perso-arabic
BASIC_PSET,PSET,basic,projected:perso-arabic,projected:aramaic,projected:bengali,projected:bengali,projected:perso-arabic,projected:gujarati,projected:hebrew,authored,projected:kannada,projected:sharada,projected:malayalam,projected:devanagari,projected:devanagari,projected:oriya,projected:devanagari,projected:perso-arabic,projected:perso-arabic,projected:phoenician,projected:devanagari,projected:gurmukhi,projected:devanagari,projected:perso-arabic,projected:khudawadi,projected:syriac,projected:tamil,projected:telugu,projected:perso-arabic
BASIC_AND,AND,basic,projected:perso-arabic,projected:aramaic,projected:bengali,projected:bengali,projected:perso-arabic,projected:gujarati,projected:hebrew,authored,projected:kannada,projected:sharada,projected:malayalam,projected:devanagari,projected:devanagari,projected:oriya,projected:devanagari,projected:perso-arabic,projected:perso-arabic,projected:phoenician,projected:devanagari,projected:gurmukhi,projected:devanagari,projected:perso-arabic,projected:khudawadi,projected:syriac,projected:tamil,projected:telugu,projected:perso-arabic
BASIC__,&,basic,projected:perso-arabic,projected:aramaic,projected:bengali,projected:bengali,projected:perso-arabic,projected:gujarati,projected:hebrew,authored,projected:kannada,projected:sharada,projected:malayalam,projected:devanagari,projected:devanagari,projected:oriya,projected:devanagari,projected:perso-arabic,projected:perso-arabic,projected:phoenician,projected:devanagari,projected:gurmukhi,projected:devanagari,projected:perso-arabic,projected:khudawadi,projected:syriac,projected:tamil,projected:telugu,projected:perso-arabic
BASIC_OR,OR,basic,projected:perso-arabic,projected:aramaic,projected:bengali,projected:bengali,projected:perso-arabic,projected:gujarati,projected:hebrew,authored,projected:kannada,projected:sharada,projected:malayalam,projected:devanagari,projected:devanagari,projected:oriya,projected:devanagari,projected:perso-arabic,projected:perso-arabic,projected:phoenician,projected:devanagari,projected:gurmukhi,projected:devanagari,projected:perso-arabic,projected:khudawadi,projected:syriac,projected:tamil,projected:telugu,projected:perso-arabic
BASIC__,|,basic,projected:perso-arabic,projected:aramaic,projected:bengali,projected:bengali,projected:perso-arabic,projected:gujarati,projected:hebrew,authored,projected:kannada,projected:sharada,projected:malayalam,projected:devanagari,projected:devanagari,projected:oriya,projected:devanagari,projected:perso-arabic,projected:perso-arabic,projected:phoenician,projected:devanagari,projected:gurmukhi,projected:devanagari,projected:perso-arabic,projected:khudawadi,projected:syriac,projected:tamil,projected:telugu,projected:perso-arabic
BASIC_NOT,NOT,basic,projected:perso-arabic,projected:aramaic,projected:bengali,projected:bengali,projected:perso-arabic,projected:gujarati,projected:hebrew,authored,projected:kannada,projected:sharada,projected:malayalam,projected:devanagari,projected:devanagari,projected:oriya,projected:devanagari,projected:perso-arabic,projected:perso-arabic,projected:phoenician,projected:devanagari,projected:gurmukhi,projected:devanagari,projected:perso-arabic,projected:khudawadi,projected:syriac,projected:tamil,projected:telugu,projected:perso-arabic
BASIC_XOR,XOR,basic,projected:perso-arabic,projected:aramaic,projected:bengali,projected:bengali,projected:perso-arabic,projected:gujarati,projected:hebrew,authored,projected:kannada,projected:sharada,projected:malayalam,projected:devanagari,projected:devanagari,projected:oriya,projected:devanagari,projected:perso-arabic,projected:perso-arabic,projected:phoenician,projected:devanagari,projected:gurmukhi,projected:devanagari,projected:perso-arabic,projected:khudawadi,projected:syriac,projected:tamil,projected:telugu,projected:perso-arabic
BASIC_COMMAND,COMMAND,basic,projected:perso-arabic,projected:aramaic,projected:bengali,projected:bengali,projected:perso-arabic,projected:gujarati,projected:hebrew,authored,projected:kannada,projected:sharada,projected:malayalam,projected:devanagari,projected:devanagari,projected:oriya,projected:devanagari,projected:perso-arabic,projected:perso-arabic,projected:phoenician,projected:devanagari,projected:gurmukhi,projected:devanagari,projected:perso-arabic,projected:khudawadi,projected:syriac,projected:tamil,projected:telugu,projected:perso-arabic
JAVA__,{,java,projected:perso-arabic,projected:aramaic,projected:bengali,projected:bengali,projected:perso-arabic,projected:gujarati,projected:hebrew,authored,projected:kannada,projected:sharada,projected:malayalam,projected:devanagari,projected:devanagari,projected:oriya,projected:devanagari,projected:perso-arabic,projected:perso-arabic,projected:phoenician,projected:devanagari,projected:gurmukhi,projected:devanagari,projected:perso-arabic,projected:khudawadi,projected:syriac,projected:tamil,projected:telugu,projected:perso-arabic
JAVA__,},java,projected:perso-arabic,projected:aramaic,projected:bengali,projected:bengali,projected:perso-arabic,projected:gujarati,projected:hebrew,authored,projected:kannada,projected:sharada,projected:malayalam,projected:devanagari,projected:devanagari,projected:oriya,projected:devanagari,projected:perso-arabic,projected:perso-arabic,projected:phoenician,projected:devanagari,projected:gurmukhi,projected:devanagari,projected:perso-arabic,projected:khudawadi,projected:syriac,projected:tamil,projected:telugu,projected:perso-arabic
JAVA___,//,java,projected:perso-arabic,projected:aramaic,projected:bengali,projected:bengali,projected:perso-arabic,projected:gujarati,projected:hebrew,authored,projected:kannada,projected:sharada,projected:malayalam,projected:devanagari,projected:devanagari,projected:oriya,projected:devanagari,projected:perso-arabic,projected:perso-arabic,projected:phoenician,projected:devanagari,projected:gurmukhi,projected:devanagari,projected:perso-arabic,projected:khudawadi,projected:syriac,projected:tamil,projected:telugu,projected:perso-arabic
JAVA_MAIN,main,java,projected:perso-arabic,projected:aramaic,projected:bengali,projected:bengali,projected:perso-arabic,projected:gujarati,projected:hebrew,authored,projected:kannada,projected:sharada,projected:malayalam,projected:devanagari,projected:devanagari,projected:oriya,projected:devanagari,projected:perso-arabic,projected:perso-arabic,projected:phoenician,projected:devanagari,projected:gurmukhi,projected:devanagari,projected:perso-arabic,projected:khudawadi,projected:syriac,projected:tamil,projected:telugu,projected:perso-arabic
JAVA_ABSTRACT,abstract,java,projected:perso-arabic,projected:aramaic,projected:bengali,projected:bengali,projected:perso-arabic,projected:gujarati,projected:hebrew,authored,projected:kannada,projected:sharada,projected:malayalam,projected:devanagari,projected:devanagari,projected:oriya,projected:devanagari,projected:perso-arabic,projected:perso-arabic,projected:phoenician,projected:devanagari,projected:gurmukhi,projected:devanagari,projected:perso-arabic,projected:khudawadi,projected:syriac,projected:tamil,projected:telugu,projected:perso-arabic
JAVA_BOOLEAN,boolean,java,projected:perso-arabic,projected:aramaic,projected:bengali,projected:bengali,projected:perso-arabic,projected:gujarati,projected:hebrew,authored,projected:kannada,projected:sharada,projected:malayalam,projected:devanagari,projected:devanagari,projected:oriya,projected:devanagari,projected:perso-arabic,projected:perso-arabic,projected:phoenician,projected:devanagari,projected:gurmukhi,projected:devanagari,projected:perso-arabic,projected:khudawadi,projected:syriac,projected:tamil,projected:telugu,projected:perso-arabic
JAVA_BREAK,break,java,authored,authored,authored,authored,authored,authored,authored,authored,authored,authored,authored,authored,authored,authored,authored,authored,authored,authored,authored,authored,authored,authored,authored,authored,authored,authored,authored
JAVA_BYTE,byte,java,projected:perso-arabic,projected:aramaic,projected:bengali,projected:bengali,projected:perso-arabic,projected:gujarati,projected:hebrew,authored,projected:kannada,projected:sharada,projected:malayalam,projected:devanagari,projected:devanagari,projected:oriya,projected:devanagari,projected:perso-arabic,projected:perso-arabic,projected:phoenician,projected:devanagari,projected:gurmukhi,projected:devanagari,projected:perso-arabic,projected:khudawadi,projected:syriac,projected:tamil,projected:telugu,projected:perso-arabic
JAVA_CASE,case,java,authored,authored,authored,authored,authored,authored,authored,authored,authored,authored,authored,authored,authored,authored,authored,authored,authored,authored,authored,authored,authored,authored,authored,authored,authored,authored,authored
JAVA_CATCH,catch,java,projected:perso-arabic,projected:aramaic,projected:bengali,projected:bengali,projected:perso-arabic,projected:gujarati,projected:hebrew,authored,projected:kannada,projected:sharada,projected:malayalam,projected:devanagari,projected:devanagari,projected:oriya,projected:devanagari,projected:perso-arabic,projected:perso-arabic,projected:phoenician,projected:devanagari,projected:gurmukhi,projected:devanagari,projected:perso-arabic,projected:khudawadi,projected:syriac,projected:tamil,projected:telugu,projected:perso-arabic
JAVA_CHAR,char,java,authored,authored,authored,authored,authored,authored,authored,authored,authored,authored,authored,authored,authored,authored,authored,authored,authored,authored,authored,authored,authored,authored,authored,authored,authored,authored,authored
JAVA_CLASS,class,java,authored,authored,authored,authored,authored,authored,authored,authored,authored,authored,authored,authored,authored,authored,authored,authored,authored,authored,authored,authored,authored,authored,authored,authored,authored,authored,authored
JAVA_CONST,const,java,authored,authored,authored,authored,authored,authored,authored,authored,authored,authored,authored,authored,authored,authored,authored,authored,authored,authored,authored,authored,authored,authored,authored,authored,authored,authored,authored
JAVA_CONTINUE,continue,java,authored,authored,authored,authored,authored,authored,authored,authored,authored,authored,authored,authored,authored,authored,authored,authored,authored,authored,authored,authored,authored,authored,authored,authored,authored,authored,authored
JAVA_DEFAULT,default,java,authored,authored,authored,authored,authored,authored,authored,authored,authored,authored,authored,authored,authored,authored,authored,authored,authored,authored,authored,authored,authored,authored,authored,authored,authored,authored,authored
JAVA_DO,do,java,authored,authored,authored,authored,authored,authored,authored,authored,authored,authored,authored,authored,authored,authored,authored,authored,authored,authored,authored,authored,authored,authored,authored,authored,authored,authored,authored
JAVA_DOUBLE,double,java,authored,authored,authored,authored,authored,authored,authored,authored,authored,authored,authored,authored,authored,authored,authored,authored,authored,authored,authored,authored,authored,authored,authored,authored,authored,authored,authored
JAVA_ELSE,else,java,authored,authored,authored,authored,authored,authored,authored,authored,authored,authored,authored,authored,authored,authored,authored,authored,authored,authored,authored,authored,authored,authored,authored,authored,authored,authored,authored
JAVA_EXTENDS,extends,java,projected:perso-arabic,projected:aramaic,projected:bengali,projected:bengali,projected:perso-arabic,projected:gujarati,projected:hebrew,authored,projected:kannada,projected:sharada,projected:malayalam,projected:devanagari,projected:devanagari,projected:oriya,projected:devanagari,projected:perso-arabic,projected:perso-arabic,projected:phoenician,projected:devanagari,projected:gurmukhi,projected:devanagari,projected:perso-arabic,projected:khudawadi,projected:syriac,projected:tamil,projected:telugu,projected:perso-arabic
JAVA_FINAL,final,java,projected:perso-arabic,projected:aramaic,projected:bengali,projected:bengali,projected:perso-arabic,projected:gujarati,projected:hebrew,authored,projected:kannada,projected:sharada,projected:malayalam,projected:devanagari,projected:devanagari,projected:oriya,projected:devanagari,projected:perso-arabic,projected:perso-arabic,projected:phoenician,projected:devanagari,projected:gurmukhi,projected:devanagari,projected:perso-arabic,projected:khudawadi,projected:syriac,projected:tamil,projected:telugu,projected:perso-arabic
JAVA_FINALLY,finally,java,projected:perso-arabic,projected:aramaic,projected:bengali,projected:bengali,projected:perso-arabic,projected:gujarati,projected:hebrew,authored,projected:kannada,projected:sharada,projected:malayalam,projected:devanagari,projected:devanagari,projected:oriya,projected:devanagari,projected:perso-arabic,projected:perso-arabic,projected:phoenician,projected:devanagari,projected:gurmukhi,projected:devanagari,projected:perso-arabic,projected:khudawadi,projected:syriac,projected:tamil,projected:telugu,projected:perso-arabic
JAVA_FLOAT,float,java,authored,authored,authored,authored,authored,authored,authored,authored,authored,authored,authored,authored,authored,authored,authored,authored,authored,authored,authored,authored,authored,authored,authored,authored,authored,authored,authored
JAVA_FOR,for,java,authored,authored,authored,authored,authored,authored,authored,authored,authored,authored,authored,authored,authored,authored,authored,authored,authored,authored,authored,authored,authored,authored,authored,authored,authored,authored,authored
JAVA_GOTO,goto,java,projected:perso-arabic,projected:aramaic,projected:bengali,projected:bengali,projected:perso-arabic,projected:gujarati,projected:hebrew,authored,projected:kannada,projected:sharada,projected:malayalam,projected:devanagari,projected:devanagari,projected:oriya,projected:devanagari,projected:perso-arabic,projected:perso-arabic,projected:phoenician,projected:devanagari,projected:gurmukhi,projected:devanagari,projected:perso-arabic,projected:khudawadi,projected:syriac,projected:tamil,projected:telugu,projected:perso-arabic
JAVA_IF,if,java,authored,authored,authored,authored,authored,authored,authored,authored,authored,authored,authored,authored,authored,authored,authored,authored,authored,authored,authored,authored,authored,authored,authored,authored,authored,authored,authored
JAVA_IMPLEMENTS,implements,java,projected:perso-arabic,projected:aramaic,projected:bengali,projected:bengali,projected:perso-arabic,projected:gujarati,projected:hebrew,authored,projected:kannada,projected:sharada,projected:malayalam,projected:devanagari,projected:devanagari,projected:oriya,projected:devanagari,projected:perso-arabic,projected:perso-arabic,projected:phoenician,projected:devanagari,projected:gurmukhi,projected:devanagari,projected:perso-arabic,projected:khudawadi,projected:syriac,projected:tamil,projected:telugu,projected:perso-arabic
JAVA_IMPORT,import,java,projected:perso-arabic,projected:aramaic,projected:bengali,projected:bengali,projected:perso-arabic,projected:gujarati,projected:hebrew,authored,projected:kannada,projected:sharada,projected:malayalam,projected:devanagari,projected:devanagari,projected:oriya,projected:devanagari,projected:perso-arabic,projected:perso-arabic,projected:phoenician,projected:devanagari,projected:gurmukhi,projected:devanagari,projected:perso-arabic,projected:khudawadi,projected:syriac,projected:tamil,projected:telugu,projected:perso-arabic
JAVA_INSTANCEOF,instanceof,java,projected:perso-arabic,projected:aramaic,projected:bengali,projected:bengali,projected:perso-arabic,projected:gujarati,projected:hebrew,authored,projected:kannada,projected:sharada,projected:malayalam,projected:devanagari,projected:devanagari,projected:oriya,projected:devanagari,projected:perso-arabic,projected:perso-arabic,projected:phoenician,projected:devanagari,projected:gurmukhi,projected:devanagari,projected:perso-arabic,projected:khudawadi,projected:syriac,projected:tamil,projected:telugu,projected:perso-arabic
JAVA_INT,int,java,authored,authored,authored,authored,authored,authored,authored,authored,authored,authored,authored,authored,authored,authored,authored,authored,authored,authored,authored,authored,authored,authored,authored,authored,authored,authored,authored
JAVA_INTERFACE,interface,java,projected:perso-arabic,projected:aramaic,projected:bengali,projected:bengali,projected:perso-arabic,projected:gujarati,projected:hebrew,authored,projected:kannada,projected:sharada,projected:malayalam,projected:devanagari,projected:devanagari,projected:oriya,projected:devanagari,projected:perso-arabic,projected:perso-arabic,projected:phoenician,projected:devanagari,projected:gurmukhi,projected:devanagari,projected:perso-arabic,projected:khudawadi,projected:syriac,projected:tamil,projected:telugu,projected:perso-arabic
JAVA_LONG,long,java,projected:perso-arabic,projected:aramaic,projected:bengali,projected:bengali,projected:perso-arabic,projected:gujarati,projected:hebrew,authored,projected:kannada,projected:sharada,projected:malayalam,projected:devanagari,projected:devanagari,projected:oriya,projected:devanagari,projected:perso-arabic,projected:perso-arabic,projected:phoenician,projected:devanagari,projected:gurmukhi,projected:devanagari,projected:perso-arabic,projected:khudawadi,projected:syriac,projected:tamil,projected:telugu,projected:perso-arabic
JAVA_NATIVE,native,java,projected:perso-arabic,projected:aramaic,projected:bengali,projected:bengali,projected:perso-arabic,projected:gujarati,projected:hebrew,authored,projected:kannada,projected:sharada,projected:malayalam,projected:devanagari,projected:devanagari,projected:oriya,projected:devanagari,projected:perso-arabic,projected:perso-arabic,projected:phoenician,projected:devanagari,projected:gurmukhi,projected:devanagari,projected:perso-arabic,projected:khudawadi,projected:syriac,projected:tamil,projected:telugu,projected:perso-arabic
JAVA_NEW,new,java,authored,authored,authored,authored,authored,authored,authored,authored,authored,authored,authored,authored,authored,authored,authored,authored,authored,authored,authored,authored,authored,authored,authored,authored,authored,authored,authored
JAVA_PACKAGE,package,java,projected:perso-arabic,projected:aramaic,projected:bengali,projected:bengali,projected:perso-arabic,projected:gujarati,projected:hebrew,authored,projected:kannada,projected:sharada,projected:malayalam,projected:devanagari,projected:devanagari,projected:oriya,projected:devanagari,projected:perso-arabic,projected:perso-arabic,projected:phoenician,projected:devanagari,projected:gurmukhi,projected:devanagari,projected:perso-arabic,projected:khudawadi,projected:syriac,projected:tamil,projected:telugu,projected:perso-arabic
JAVA_PRIVATE,private,java,authored,authored,authored,authored,authored,authored,authored,authored,authored,authored,authored,authored,authored,authored,authored,authored,authored,authored,authored,authored,authored,authored,authored,authored,authored,authored,authored
JAVA_PROTECTED,protected,java,projected:perso-arabic,projected:aramaic,projected:bengali,projected:bengali,projected:perso-arabic,projected:gujarati,projected:hebrew,authored,projected:kannada,projected:sharada,projected:malayalam,projected:devanagari,projected:devanagari,projected:oriya,projected:devanagari,projected:perso-arabic,projected:perso-arabic,projected:phoenician,projected:devanagari,projected:gurmukhi,projected:devanagari,projected:perso-arabic,projected:khudawadi,projected:syriac,projected:tamil,projected:telugu,projected:perso-arabic
JAVA_PUBLIC,public,java,authored,authored,authored,authored,authored,authored,authored,authored,authored,authored,authored,authored,authored,authored,authored,authored,authored,authored,authored,authored,authored,authored,authored,authored,authored,authored,authored
JAVA_RETURN,return,java,authored,authored,authored,authored,authored,authored,authored,authored,authored,authored,authored,authored,authored,authored,authored,authored,authored,authored,authored,authored,authored,authored,authored,authored,authored,authored,authored
JAVA_SHORT,short,java,projected:perso-arabic,projected:aramaic,projected:bengali,projected:bengali,projected:perso-arabic,projected:gujarati,projected:hebrew,authored,projected:kannada,projected:sharada,projected:malayalam,projected:devanagari,projected:devanagari,projected:oriya,projected:devanagari,projected:perso-arabic,projected:perso-arabic,projected:phoenician,projected:devanagari,projected:gurmukhi,projected:devanagari,projected:perso-arabic,projected:khudawadi,projected:syriac,projected:tamil,projected:telugu,projected:perso-arabic
JAVA_STATIC,static,java,authored,authored,authored,authored,authored,authored,authored,authored,authored,authored,authored,authored,authored,authored,authored,authored,authored,authored,authored,authored,authored,authored,authored,authored,authored,authored,authored
JAVA_STRICTFP,strictfp,java,projected:perso-arabic,projected:aramaic,projected:bengali,projected:bengali,projected:perso-arabic,projected:gujarati,projected:hebrew,authored,projected:kannada,projected:sharada,projected:malayalam,projected:devanagari,projected:devanagari,projected:oriya,projected:devanagari,projected:perso-arabic,projected:perso-arabic,projected:phoenician,projected:devanagari,projected:gurmukhi,projected:devanagari,projected:perso-arabic,projected:khudawadi,projected:syriac,projected:tamil,projected:telugu,projected:perso-arabic
JAVA_SUPER,super,java,projected:perso-arabic,projected:aramaic,projected:bengali,projected:bengali,projected:perso-arabic,projected:gujarati,projected:hebrew,authored,projected:kannada,projected:sharada,projected:malayalam,projected:devanagari,projected:devanagari,projected:oriya,projected:devanagari,projected:perso-arabic,projected:perso-arabic,projected:phoenician,projected:devanagari,projected:gurmukhi,projected:devanagari,projected:perso-arabic,projected:khudawadi,projected:syriac,projected:tamil,projected:telugu,projected:perso-arabic
JAVA_SWITCH,switch,java,authored,authored,authored,authored,authored,authored,authored,authored,authored,authored,authored,authored,authored,authored,authored,authored,authored,authored,authored,authored,authored,authored,authored,authored,authored,authored,authored
JAVA_SYNCHRONISED,synchronised,java,projected:perso-arabic,projected:aramaic,projected:bengali,projected:bengali,projected:perso-arabic,projected:gujarati,projected:hebrew,authored,projected:kannada,projected:sharada,projected:malayalam,projected:devanagari,projected:devanagari,projected:oriya,projected:devanagari,projected:perso-arabic,projected:perso-arabic,projected:phoenician,projected:devanagari,projected:gurmukhi,projected:devanagari,projected:perso-arabic,projected:khudawadi,projected:syriac,projected:tamil,projected:telugu,projected:perso-arabic
JAVA_THIS,this,java,projected:perso-arabic,projected:aramaic,projected:bengali,projected:bengali,projected:perso-arabic,projected:gujarati,projected:hebrew,authored,projected:kannada,projected:sharada,projected:malayalam,projected:devanagari,projected:devanagari,projected:oriya,projected:devanagari,projected:perso-arabic,projected:perso-arabic,projected:phoenician,projected:devanagari,projected:gurmukhi,projected:devanagari,projected:perso-arabic,projected:khudawadi,projected:syriac,projected:tamil,projected:telugu,projected:perso-arabic
JAVA_THROW,throw,java,projected:perso-arabic,projected:aramaic,projected:bengali,projected:bengali,projected:perso-arabic,projected:gujarati,projected:hebrew,authored,projected:kannada,projected:sharada,projected:malayalam,projected:devanagari,projected:devanagari,projected:oriya,projected:devanagari,projected:perso-arabic,projected:perso-arabic,projected:phoenician,projected:devanagari,projected:gurmukhi,projected:devanagari,projected:perso-arabic,projected:khudawadi,projected:syriac,projected:tamil,projected:telugu,projected:perso-arabic
JAVA_THROWS,throws,java,projected:perso-arabic,projected:aramaic,projected:bengali,projected:bengali,projected:perso-arabic,projected:gujarati,projected:hebrew,authored,projected:kannada,projected:sharada,projected:malayalam,projected:devanagari,projected:devanagari,projected:oriya,projected:devanagari,projected:perso-arabic,projected:perso-arabic,projected:phoenician,projected:devanagari,projected:gurmukhi,projected:devanagari,projected:perso-arabic,projected:khudawadi,projected:syriac,projected:tamil,projected:telugu,projected:perso-arabic
JAVA_TRANSIENT,transient,java,projected:perso-arabic,projected:aramaic,projected:bengali,projected:bengali,projected:perso-arabic,projected:gujarati,projected:hebrew,authored,projected:kannada,projected:sharada,projected:malayalam,projected:devanagari,projected:devanagari,projected:oriya,projected:devanagari,projected:perso-arabic,projected:perso-arabic,projected:phoenician,projected:devanagari,projected:gurmukhi,projected:devanagari,projected:perso-arabic,projected:khudawadi,projected:syriac,projected:tamil,projected:telugu,projected:perso-arabic
JAVA_TRY,try,java,projected:perso-arabic,projected:aramaic,projected:bengali,projected:bengali,projected:perso-arabic,projected:gujarati,projected:hebrew,authored,projected:kannada,projected:sharada,projected:malayalam,projected:devanagari,projected:devanagari,projected:oriya,projected:devanagari,projected:perso-arabic,projected:perso-arabic,projected:phoenician,projected:devanagari,projected:gurmukhi,projected:devanagari,projected:perso-arabic,projected:khudawadi,projected:syriac,projected:tamil,projected:telugu,projected:perso-arabic
JAVA_VOID,void,java,authored,authored,authored,authored,authored,authored,authored,authored,authored,authored,authored,authored,authored,authored,authored,authored,authored,authored,authored,authored,authored,authored,authored,authored,authored,authored,authored
JAVA_VOLATILE,volatile,java,projected:perso-arabic,projected:aramaic,projected:bengali,projected:bengali,projected:perso-arabic,projected:gujarati,projected:hebrew,authored,projected:kannada,projected:sharada,projected:malayalam,projected:devanagari,projected:devanagari,projected:oriya,projected:devanagari,projected:perso-arabic,projected:perso-arabic,projected:phoenician,projected:devanagari,projected:gurmukhi,projected:devanagari,projected:perso-arabic,projected:khudawadi,projected:syriac,projected:tamil,projected:telugu,projected:perso-arabic
JAVA_WHILE,while,java,authored,authored,authored,authored,authored,authored,authored,authored,authored,authored,authored,authored,authored,authored,authored,authored,authored,authored,authored,authored,authored,authored,authored,authored,authored,authored,authored
JAVA_APPLET,Applet,java,projected:perso-arabic,projected:aramaic,projected:bengali,projected:bengali,projected:perso-arabic,projected:gujarati,projected:hebrew,authored,projected:kannada,projected:sharada,projected:malayalam,projected:devanagari,projected:devanagari,projected:oriya,projected:devanagari,projected:perso-arabic,projected:perso-arabic,projected:phoenician,projected:devanagari,projected:gurmukhi,projected:devanagari,projected:perso-arabic,projected:khudawadi,projected:syriac,projected:tamil,projected:telugu,projected:perso-arabic
JAVA_APPLET,applet,java,projected:perso-arabic,projected:aramaic,projected:bengali,projected:bengali,projected:perso-arabic,projected:gujarati,projected:hebrew,authored,projected:kannada,projected:sharada,projected:malayalam,projected:devanagari,projected:devanagari,projected:oriya,projected:devanagari,projected:perso-arabic,projected:perso-arabic,projected:phoenician,projected:devanagari,projected:gurmukhi,projected:devanagari,projected:perso-arabic,projected:khudawadi,projected:syriac,projected:tamil,projected:telugu,projected:perso-arabic
JAVA_ARGS,args,java,projected:perso-arabic,projected:aramaic,projected:bengali,projected:bengali,projected:perso-arabic,projected:gujarati,projected:hebrew,authored,projected:kannada,projected:sharada,projected:malayalam,projected:devanagari,projected:devanagari,projected:oriya,projected:devanagari,projected:perso-arabic,projected:perso-arabic,projected:phoenician,projected:devanagari,projected:gurmukhi,projected:devanagari,projected:perso-arabic,projected:khudawadi,projected:syriac,projected:tamil,projected:telugu,projected:perso-arabic
JAVA_ARITHMETICEXCEPTION,ArithmeticException,java,projected:perso-arabic,projected:aramaic,projected:bengali,projected:bengali,projected:perso-arabic,projected:gujarati,projected:hebrew,authored,projected:kannada,projected:sharada,projected:malayalam,projected:devanagari,projected:devanagari,projected:oriya,projected:devanagari,projected:perso-arabic,projected:perso-arabic,projected:phoenician,projected:devanagari,projected:gurmukhi,projected:devanagari,projected:perso-arabic,projected:khudawadi,projected:syriac,projected:tamil,projected:telugu,projected:perso-arabic
JAVA_ARRAYINDEXOUTOFBOUNDSEXCEPTION,ArrayIndexOutOfBoundsException,java,projected:perso-arabic,projected:aramaic,projected:bengali,projected:bengali,projected:perso-arabic,projected:gujarati,projected:hebrew,authored,projected:kannada,projected:sharada,projected:malayalam,projected:devanagari,projected:devanagari,projected:oriya,projected:devanagari,projected:perso-arabic,projected:perso-arabic,projected:phoenician,projected:devanagari,projected:gurmukhi,projected:devanagari,projected:perso-arabic,projected:khudawadi,projected:syriac,projected:tamil,projected:telugu,projected:perso-arabic
JAVA_ARRAYSTATEEXCEPTION,ArrayStateException,java,projected:perso-arabic,projected:aramaic,projected:bengali,projected:bengali,projected:perso-arabic,projected:gujarati,projected:hebrew,authored,projected:kannada,projected:sharada,projected:malayalam,projected:devanagari,projected:devanagari,projected:oriya,projected:devanagari,projected:perso-arabic,projected:perso-arabic,projected:phoenician,projected:devanagari,projected:gurmukhi,projected:devanagari,projected:perso-arabic,projected:khudawadi,projected:syriac,projected:tamil,projected:telugu,projected:perso-arabic
JAVA_AUDIOCLIP,AudioClip,java,projected:perso-arabic,projected:aramaic,projected:bengali,projected:bengali,projected:perso-arabic,projected:gujarati,projected:hebrew,authored,projected:kannada,projected:sharada,projected:malayalam,projected:devanagari,projected:devanagari,projected:oriya,projected:devanagari,projected:perso-arabic,projected:perso-arabic,projected:phoenician,projected:devanagari,projected:gurmukhi,projected:devanagari,projected:perso-arabic,projected:khudawadi,projected:syriac,projected:tamil,projected:telugu,projected:perso-arabic
JAVA_BUFFEREDREADER,BufferedReader,java,projected:perso-arabic,projected:aramaic,projected:bengali,projected:bengali,projected:perso-arabic,projected:gujarati,projected:hebrew,authored,projected:kannada,projected:sharada,projected:malayalam,projected:devanagari,projected:devanagari,projected:oriya,projected:devanagari,projected:perso-arabic,projected:perso-arabic,projected:phoenician,projected:devanagari,projected:gurmukhi,projected:devanagari,projected:perso-arabic,projected:khudawadi,projected:syriac,projected:tamil,projected:telugu,projected:perso-arabic
JAVA_CHARAT,charAt,java,projected:perso-arabic,projected:aramaic,projected:bengali,projected:bengali,projected:perso-arabic,projected:gujarati,projected:hebrew,authored,projected:kannada,projected:sharada,projected:malayalam,projected:devanagari,projected:devanagari,projected:oriya,projected:devanagari,projected:perso-arabic,projected:perso-arabic,projected:phoenician,projected:devanagari,projected:gurmukhi,projected:devanagari,projected:perso-arabic,projected:khudawadi,projected:syriac,projected:tamil,projected:telugu,projected:perso-arabic
JAVA_CLASSCASTEXCEPTION,ClassCastException,java,projected:perso-arabic,projected:aramaic,projected:bengali,projected:bengali,projected:perso-arabic,projected:gujarati,projected:hebrew,authored,projected:kannada,projected:sharada,projected:malayalam,projected:devanagari,projected:devanagari,projected:oriya,projected:devanagari,projected:perso-arabic,projected:perso-arabic,projected:phoenician,projected:devanagari,projected:gurmukhi,projected:devanagari,projected:perso-arabic,projected:khudawadi,projected:syriac,projected:tamil,projected:telugu,projected:perso-arabic
JAVA_CLASSNOTFOUNDEXCEPTION,ClassNotFoundException,java,projected:perso-arabic,projected:aramaic,projected:bengali,projected:bengali,projected:perso-arabic,projected:gujarati,projected:hebrew,authored,projected:kannada,projected:sharada,projected:malayalam,projected:devanagari,projected:devanagari,projected:oriya,projected:devanagari,projected:perso-arabic,projected:perso-arabic,projected:phoenician,projected:devanagari,projected:gurmukhi,projected:devanagari,projected:perso-arabic,projected:khudawadi,projected:syriac,projected:tamil,projected:telugu,projected:perso-arabic
JAVA_CLASSNOTSUPPORTEDEXCEPTION,ClassNotSupportedException,java,projected:perso-arabic,projected:aramaic,projected:bengali,projected:bengali,projected:perso-arabic,projected:gujarati,projected:hebrew,authored,projected:kannada,projected:sharada,projected:malayalam,projected:devanagari,projected:devanagari,projected:oriya,projected:devanagari,projected:perso-arabic,projected:perso-arabic,projected:phoenician,projected:devanagari,projected:gurmukhi,projected:devanagari,projected:perso-arabic,projected:khudawadi,projected:syriac,projected:tamil,projected:telugu,projected:perso-arabic
JAVA_CLONE,clone,java,projected:perso-arabic,projected:aramaic,projected:bengali,projected:bengali,projected:perso-arabic,projected:gujarati,projected:hebrew,authored,projected:kannada,projected:sharada,projected:malayalam,projected:devanagari,projected:devanagari,projected:oriya,projected:devanagari,projected:perso-arabic,projected:perso-arabic,projected:phoenician,projected:devanagari,projected:gurmukhi,projected:devanagari,projected:perso-arabic,projected:khudawadi,projected:syriac,projected:tamil,projected:telugu,projected:perso-arabic
JAVA_CLOSE,close,java,projected:perso-arabic,projected:aramaic,projected:bengali,projected:bengali,projected:perso-arabic,projected:gujarati,projected:hebrew,authored,projected:kannada,projected:sharada,projected:malayalam,projected:devanagari,projected:devanagari,projected:oriya,projected:devanagari,projected:perso-arabic,projected:perso-arabic,projected:phoenician,projected:devanagari,projected:gurmukhi,projected:devanagari,projected:perso-arabic,projected:khudawadi,projected:syriac,projected:tamil,projected:telugu,projected:perso-arabic
JAVA_COMPARETO,compareTo,java,projected:perso-arabic,projected:aramaic,projected:bengali,projected:bengali,projected:perso-arabic,projected:gujarati,projected:hebrew,authored,projected:kannada,projected:sharada,projected:malayalam,projected:devanagari,projected:devanagari,projected:oriya,projected:devanagari,projected:perso-arabic,projected:perso-arabic,projected:phoenician,projected:devanagari,projected:gurmukhi,projected:devanagari,projected:perso-arabic,projected:khudawadi,projected:syriac,projected:tamil,projected:telugu,projected:perso-arabic
JAVA_CONCAT,concat,java,projected:perso-arabic,projected:aramaic,projected:bengali,projected:bengali,projected:perso-arabic,projected:gujarati,projected:hebrew,authored,projected:kannada,projected:sharada,projected:malayalam,projected:devanagari,projected:devanagari,projected:oriya,projected:devanagari,projected:perso-arabic,projected:perso-arabic,projected:phoenician,projected:devanagari,projected:gurmukhi,projected:devanagari,projected:perso-arabic,projected:khudawadi,projected:syriac,projected:tamil,projected:telugu,projected:perso-arabic
JAVA_CURRENTTHREAD,currentThread,java,projected:perso-arabic,projected:aramaic,projected:bengali,projected:bengali,projected:perso-arabic,projected:gujarati,projected:hebrew,authored,projected:kannada,projected:sharada,projected:malayalam,projected:devanagari,projected:devanagari,projected:oriya,projected:devanagari,projected:perso-arabic,projected:perso-arabic,projected:phoenician,projected:devanagari,projected:gurmukhi,projected:devanagari,projected:perso-arabic,projected:khudawadi,projected:syriac,projected:tamil,projected:telugu,projected:perso-arabic
JAVA_DATE,Date,java,projected:perso-arabic,projected:aramaic,projected:bengali,projected:bengali,projected:perso-arabic,projected:gujarati,projected:hebrew,authored,projected:kannada,projected:sharada,projected:malayalam,projected:devanagari,projected:devanagari,projected:oriya,projected:devanagari,projected:perso-arabic,projected:perso-arabic,projected:phoenician,projected:devanagari,projected:gurmukhi,projected:devanagari,projected:perso-arabic,projected:khudawadi,projected:syriac,projected:tamil,projected:telugu,projected:perso-arabic
JAVA_DESTROY,destroy,java,projected:perso-arabic,projected:aramaic,projected:bengali,projected:bengali,projected:perso-arabic,projected:gujarati,projected:hebrew,authored,projected:kannada,projected:sharada,projected:malayalam,projected:devanagari,projected:devanagari,projected:oriya,projected:devanagari,projected:perso-arabic,projected:perso-arabic,projected:phoenician,projected:devanagari,projected:gurmukhi,projected:devanagari,projected:perso-arabic,projected:khudawadi,projected:syriac,projected:tamil,projected:telugu,projected:perso-arabic
JAVA_DRAWSTRING,drawString,java,projected:perso-arabic,projected:aramaic,projected:bengali,projected:bengali,projected:perso-arabic,projected:gujarati,projected:hebrew,authored,projected:kannada,projected:sharada,projected:malayalam,projected:devanagari,projected:devanagari,projected:oriya,projected:devanagari,projected:perso-arabic,projected:perso-arabic,projected:phoenician,projected:devanagari,projected:gurmukhi,projected:devanagari,projected:perso-arabic,projected:khudawadi,projected:syriac,projected:tamil,projected:telugu,projected:perso-arabic
JAVA_ENDSWITH,endsWith,java,projected:perso-arabic,projected:aramaic,projected:bengali,projected:bengali,projected:perso-arabic,projected:gujarati,projected:hebrew,authored,projected:kannada,projected:sharada,projected:malayalam,projected:devanagari,projected:devanagari,projected:oriya,projected:devanagari,projected:perso-arabic,projected:perso-arabic,projected:phoenician,projected:devanagari,projected:gurmukhi,projected:devanagari,projected:perso-arabic,projected:khudawadi,projected:syriac,projected:tamil,projected:telugu,projected:perso-arabic
JAVA_EQUALS,equals,java,projected:perso-arabic,projected:aramaic,projected:bengali,projected:bengali,projected:perso-arabic,projected:gujarati,projected:hebrew,authored,projected:kannada,projected:sharada,projected:malayalam,projected:devanagari,projected:devanagari,projected:oriya,projected:devanagari,projected:perso-arabic,projected:perso-arabic,projected:phoenician,projected:devanagari,projected:gurmukhi,projected:devanagari,projected:perso-arabic,projected:khudawadi,projected:syriac,projected:tamil,projected:telugu,projected:perso-arabic
JAVA_EQUALSIGNORECASE,equalsIgnoreCase,java,projected:perso-arabic,projected:aramaic,projected:bengali,projected:bengali,projected:perso-arabic,projected:gujarati,projected:hebrew,authored,projected:kannada,projected:sharada,projected:malayalam,projected:devanagari,projected:devanagari,projected:oriya,projected:devanagari,projected:perso-arabic,projected:perso-arabic,projected:phoenician,projected:devanagari,projected:gurmukhi,projected:devanagari,projected:perso-arabic,projected:khudawadi,projected:syriac,projected:tamil,projected:telugu,projected:perso-arabic
JAVA_FILEINPUTSTREAM,FileInputStream,java,projected:perso-arabic,projected:aramaic,projected:bengali,projected:bengali,projected:perso-arabic,projected:gujarati,projected:hebrew,authored,projected:kannada,projected:sharada,projected:malayalam,projected:devanagari,projected:devanagari,projected:oriya,projected:devanagari,projected:perso-arabic,projected:perso-arabic,projected:phoenician,projected:devanagari,projected:gurmukhi,projected:devanagari,projected:perso-arabic,projected:khudawadi,projected:syriac,projected:tamil,projected:telugu,projected:perso-arabic
JAVA_FILEOUTPUTSTREAM,FileOutputStream,java,projected:perso-arabic,projected:aramaic,projected:bengali,projected:bengali,projected:perso-arabic,projected:gujarati,projected:hebrew,authored,projected:kannada,projected:sharada,projected:malayalam,projected:devanagari,projected:devanagari,projected:oriya,projected:devanagari,projected:perso-arabic,projected:perso-arabic,projected:phoenician,projected:devanagari,projected:gurmukhi,projected:devanagari,projected:perso-arabic,projected:khudawadi,projected:syriac,projected:tamil,projected:telugu,projected:perso-arabic
JAVA_FILLINSTACKTRACE,fillInStackTrace,java,projected:perso-arabic,projected:aramaic,projected:bengali,projected:bengali,projected:perso-arabic,projected:gujarati,projected:hebrew,authored,projected:kannada,projected:sharada,projected:malayalam,projected:devanagari,projected:devanagari,projected:oriya,projected:devanagari,projected:perso-arabic,projected:perso-arabic,projected:phoenician,projected:devanagari,projected:gurmukhi,projected:devanagari,projected:perso-arabic,projected:khudawadi,projected:syriac,projected:tamil,projected:telugu,projected:perso-arabic
JAVA_FINALIZE,finalize,java,projected:perso-arabic,projected:aramaic,projected:bengali,projected:bengali,projected:perso-arabic,projected:gujarati,projected:hebrew,authored,projected:kannada,projected:sharada,projected:malayalam,projected:devanagari,projected:devanagari,projected:oriya,projected:devanagari,projected:perso-arabic,projected:perso-arabic,projected:phoenician,projected:devanagari,projected:gurmukhi,projected:devanagari,projected:perso-arabic,projected:khudawadi,projected:syriac,projected:tamil,projected:telugu,projected:perso-arabic
JAVA_GETAUDIOCLIP,getAudioClip,java,projected:perso-arabic,projected:aramaic,projected:bengali,projected:bengali,projected:perso-arabic,projected:gujarati,projected:hebrew,authored,projected:kannada,projected:sharada,projected:malayalam,projected:devanagari,projected:devanagari,projected:oriya,projected:devanagari,projected:perso-arabic,projected:perso-arabic,projected:phoenician,projected:devanagari,projected:gurmukhi,projected:devanagari,projected:perso-arabic,projected:khudawadi,projected:syriac,projected:tamil,projected:telugu,projected:perso-arabic
JAVA_GETBYTES,getBytes,java,projected:perso-arabic,projected:aramaic,projected:bengali,projected:bengali,projected:perso-arabic,projected:gujarati,projected:hebrew,authored,projected:kannada,projected:sharada,projected:malayalam,projected:devanagari,projected:devanagari,projected:oriya,projected:devanagari,projected:perso-arabic,projected:perso-arabic,projected:phoenician,projected:devanagari,projected:gurmukhi,projected:devanagari,projected:perso-arabic,projected:khudawadi,projected:syriac,projected:tamil,projected:telugu,projected:perso-arabic
JAVA_GETCHARS,getChars,java,projected:perso-arabic,projected:aramaic,projected:bengali,projected:bengali,projected:perso-arabic,projected:gujarati,projected:hebrew,authored,projected:kannada,projected:sharada,projected:malayalam,projected:devanagari,projected:devanagari,projected:oriya,projected:devanagari,projected:perso-arabic,projected:perso-arabic,projected:phoenician,projected:devanagari,projected:gurmukhi,projected:devanagari,projected:perso-arabic,projected:khudawadi,projected:syriac,projected:tamil,projected:telugu,projected:perso-arabic
JAVA_GETCLASS,getClass,java,projected:perso-arabic,projected:aramaic,projected:bengali,projected:bengali,projected:perso-arabic,projected:gujarati,projected:hebrew,authored,projected:kannada,projected:sharada,projected:malayalam,projected:devanagari,projected:devanagari,projected:oriya,projected:devanagari,projected:perso-arabic,projected:perso-arabic,projected:phoenician,projected:devanagari,projected:gurmukhi,projected:devanagari,projected:perso-arabic,projected:khudawadi,projected:syriac,projected:tamil,projected:telugu,projected:perso-arabic
JAVA_GETCONTENTLENGTH,getContentLength,java,projected:perso-arabic,projected:aramaic,projected:bengali,projected:bengali,projected:perso-arabic,projected:gujarati,projected:hebrew,authored,projected:kannada,projected:sharada,projected:malayalam,projected:devanagari,projected:devanagari,projected:oriya,projected:devanagari,projected:perso-arabic,projected:perso-arabic,projected:phoenician,projected:devanagari,projected:gurmukhi,projected:devanagari,projected:perso-arabic,projected:khudawadi,projected:syriac,projected:tamil,projected:telugu,projected:perso-arabic
JAVA_GETCONTENTTYPE,getContentType,java,projected:perso-arabic,projected:aramaic,projected:bengali,projected:bengali,projected:perso-arabic,projected:gujarati,projected:hebrew,authored,projected:kannada,projected:sharada,projected:malayalam,projected:devanagari,projected:devanagari,projected:oriya,projected:devanagari,projected:perso-arabic,projected:perso-arabic,projected:phoenician,projected:devanagari,projected:gurmukhi,projected:devanagari,projected:perso-arabic,projected:khudawadi,projected:syriac,projected:tamil,projected:telugu,projected:perso-arabic
JAVA_GETDATE,getDate,java,projected:perso-arabic,projected:aramaic,projected:bengali,projected:bengali,projected:perso-arabic,projected:gujarati,projected:hebrew,authored,projected:kannada,projected:sharada,projected:malayalam,projected:devanagari,projected:devanagari,projected:oriya,projected:devanagari,projected:perso-arabic,projected:perso-arabic,projected:phoenician,projected:devanagari,projected:gurmukhi,projected:devanagari,projected:perso-arabic,projected:khudawadi,projected:syriac,projected:tamil,projected:telugu,projected:perso-arabic
JAVA_GETEXPIRATION,getExpiration,java,projected:perso-arabic,projected:aramaic,projected:bengali,projected:bengali,projected:perso-arabic,projected:gujarati,projected:hebrew,authored,projected:kannada,projected:sharada,projected:malayalam,projected:devanagari,projected:devanagari,projected:oriya,projected:devanagari,projected:perso-arabic,projected:perso-arabic,projected:phoenician,projected:devanagari,projected:gurmukhi,projected:devanagari,projected:perso-arabic,projected:khudawadi,projected:syriac,projected:tamil,projected:telugu,projected:perso-arabic
JAVA_GETFIELDID,GetFieldID,java,projected:perso-arabic,projected:aramaic,projected:bengali,projected:bengali,projected:perso-arabic,projected:gujarati,projected:hebrew,authored,projected:kannada,projected:sharada,projected:malayalam,projected:devanagari,projected:devanagari,projected:oriya,projected:devanagari,projected:perso-arabic,projected:perso-arabic,projected:phoenician,projected:devanagari,projected:gurmukhi,projected:devanagari,projected:perso-arabic,projected:khudawadi,projected:syriac,projected:tamil,projected:telugu,projected:perso-arabic
JAVA_GETIMAGE,getImage,java,projected:perso-arabic,projected:aramaic,projected:bengali,projected:bengali,projected:perso-arabic,projected:gujarati,projected:hebrew,authored,projected:kannada,projected:sharada,projected:malayalam,projected:devanagari,projected:devanagari,projected:oriya,projected:devanagari,projected:perso-arabic,projected:perso-arabic,projected:phoenician,projected:devanagari,projected:gurmukhi,projected:devanagari,projected:perso-arabic,projected:khudawadi,projected:syriac,projected:tamil,projected:telugu,projected:perso-arabic
JAVA_GETINPUTSTREAM,getInputStream,java,projected:perso-arabic,projected:aramaic,projected:bengali,projected:bengali,projected:perso-arabic,projected:gujarati,projected:hebrew,authored,projected:kannada,projected:sharada,projected:malayalam,projected:devanagari,projected:devanagari,projected:oriya,projected:devanagari,projected:perso-arabic,projected:perso-arabic,projected:phoenician,projected:devanagari,projected:gurmukhi,projected:devanagari,projected:perso-arabic,projected:khudawadi,projected:syriac,projected:tamil,projected:telugu,projected:perso-arabic
JAVA_GETINTFIELD,GetIntField,java,projected:perso-arabic,projected:aramaic,projected:bengali,projected:bengali,projected:perso-arabic,projected:gujarati,projected:hebrew,authored,projected:kannada,projected:sharada,projected:malayalam,projected:devanagari,projected:devanagari,projected:oriya,projected:devanagari,projected:perso-arabic,projected:perso-arabic,projected:phoenician,projected:devanagari,projected:gurmukhi,projected:devanagari,projected:perso-arabic,projected:khudawadi,projected:syriac,projected:tamil,projected:telugu,projected:perso-arabic
JAVA_GETLASTMODIFIED,getLastModified,java,projected:perso-arabic,projected:aramaic,projected:bengali,projected:bengali,projected:perso-arabic,projected:gujarati,projected:hebrew,authored,projected:kannada,projected:sharada,projected:malayalam,projected:devanagari,projected:devanagari,projected:oriya,projected:devanagari,projected:perso-arabic,projected:perso-arabic,projected:phoenician,projected:devanagari,projected:gurmukhi,projected:devanagari,projected:perso-arabic,projected:khudawadi,projected:syriac,projected:tamil,projected:telugu,projected:perso-arabic
JAVA_GETLOCALIZEDMESSAGE,getLocalizedMessage,java,projected:perso-arabic,projected:aramaic,projected:bengali,projected:bengali,projected:perso-arabic,projected:gujarati,projected:hebrew,authored,projected:kannada,projected:sharada,projected:malayalam,projected:devanagari,projected:devanagari,projected:oriya,projected:devanagari,projected:perso-arabic,projected:perso-arabic,projected:phoenician,projected:devanagari,projected:gurmukhi,projected:devanagari,projected:perso-arabic,projected:khudawadi,projected:syriac,projected:tamil,projected:telugu,projected:perso-arabic
JAVA_GETMESSAGE,getMessage,java,projected:perso-arabic,projected:aramaic,projected:bengali,projected:bengali,projected:perso-arabic,projected:gujarati,projected:hebrew,authored,projected:kannada,projected:sharada,projected:malayalam,projected:devanagari,projected:devanagari,projected:oriya,projected:devanagari,projected:perso-arabic,projected:perso-arabic,projected:phoenician,projected:devanagari,projected:gurmukhi,projected:devanagari,projected:perso-arabic,projected:khudawadi,projected:syriac,projected:tamil,projected:telugu,projected:perso-arabic
JAVA_GETNAME,getName,java,projected:perso-arabic,projected:aramaic,projected:bengali,projected:bengali,projected:perso-arabic,projected:gujarati,projected:hebrew,authored,projected:kannada,projected:sharada,projected:malayalam,projected:devanagari,projected:devanagari,projected:oriya,projected:devanagari,projected:perso-arabic,projected:perso-arabic,projected:phoenician,projected:devanagari,projected:gurmukhi,projected:devanagari,projected:perso-arabic,projected:khudawadi,projected:syriac,projected:tamil,projected:telugu,projected:perso-arabic
JAVA_GETOBJECTCLASS,GetObjectClass,java,projected:perso-arabic,projected:aramaic,projected:bengali,projected:bengali,projected:perso-arabic,projected:gujarati,projected:hebrew,authored,projected:kannada,projected:sharada,projected:malayalam,projected:devanagari,projected:devanagari,projected:oriya,projected:devanagari,projected:perso-arabic,projected:perso-arabic,projected:phoenician,projected:devanagari,projected:gurmukhi,projected:devanagari,projected:perso-arabic,projected:khudawadi,projected:syriac,projected:tamil,projected:telugu,projected:perso-arabic
JAVA_GETPARAMETER,getParameter,java,projected:perso-arabic,projected:aramaic,projected:bengali,projected:bengali,projected:perso-arabic,projected:gujarati,projected:hebrew,authored,projected:kannada,projected:sharada,projected:malayalam,projected:devanagari,projected:devanagari,projected:oriya,projected:devanagari,projected:perso-arabic,projected:perso-arabic,projected:phoenician,projected:devanagari,projected:gurmukhi,projected:devanagari,projected:perso-arabic,projected:khudawadi,projected:syriac,projected:tamil,projected:telugu,projected:perso-arabic
JAVA_GETPRIORITY,getPriority,java,projected:perso-arabic,projected:aramaic,projected:bengali,projected:bengali,projected:perso-arabic,projected:gujarati,projected:hebrew,authored,projected:kannada,projected:sharada,projected:malayalam,projected:devanagari,projected:devanagari,projected:oriya,projected:devanagari,projected:perso-arabic,projected:perso-arabic,projected:phoenician,projected:devanagari,projected:gurmukhi,projected:devanagari,projected:perso-arabic,projected:khudawadi,projected:syriac,projected:tamil,projected:telugu,projected:perso-arabic
JAVA_GRAPHICS,Graphics,java,projected:perso-arabic,projected:aramaic,projected:bengali,projected:bengali,projected:perso-arabic,projected:gujarati,projected:hebrew,authored,projected:kannada,projected:sharada,projected:malayalam,projected:devanagari,projected:devanagari,projected:oriya,projected:devanagari,projected:perso-arabic,projected:perso-arabic,projected:phoenician,projected:devanagari,projected:gurmukhi,projected:devanagari,projected:perso-arabic,projected:khudawadi,projected:syriac,projected:tamil,projected:telugu,projected:perso-arabic
JAVA_HASHCODE,hashCode,java,projected:perso-arabic,projected:aramaic,projected:bengali,projected:bengali,projected:perso-arabic,projected:gujarati,projected:hebrew,authored,projected:kannada,projected:sharada,projected:malayalam,projected:devanagari,projected:devanagari,projected:oriya,projected:devanagari,projected:perso-arabic,projected:perso-arabic,projected:phoenician,projected:devanagari,projected:gurmukhi,projected:devanagari,projected:perso-arabic,projected:khudawadi,projected:syriac,projected:tamil,projected:telugu,projected:perso-arabic
JAVA_ILLEGALACCESSEXCEPTION,IllegalAccessException,java,projected:perso-arabic,projected:aramaic,projected:bengali,projected:bengali,projected:perso-arabic,projected:gujarati,projected:hebrew,authored,projected:kannada,projected:sharada,projected:malayalam,projected:devanagari,projected:devanagari,projected:oriya,projected:devanagari,projected:perso-arabic,projected:perso-arabic,projected:phoenician,projected:devanagari,projected:gurmukhi,projected:devanagari,projected:perso-arabic,projected:khudawadi,projected:syriac,projected:tamil,projected:telugu,projected:perso-arabic
JAVA_ILLEGALARGUMENTEXCEPTION,IllegalArgumentException,java,projected:perso-arabic,projected:aramaic,projected:bengali,projected:bengali,projected:perso-arabic,projected:gujarati,projected:hebrew,authored,projected:kannada,projected:sharada,projected:malayalam,projected:devanagari,projected:devanagari,projected:oriya,projected:devanagari,projected:perso-arabic,projected:perso-arabic,projected:phoenician,projected:devanagari,projected:gurmukhi,projected:devanagari,projected:perso-arabic,projected:khudawadi,projected:syriac,projected:tamil,projected:telugu,projected:perso-arabic
JAVA_ILLEGALMONITORSTATEEXCEPTION,IllegalMonitorStateException,java,projected:perso-arabic,projected:aramaic,projected:bengali,projected:bengali,projected:perso-arabic,projected:gujarati,projected:hebrew,authored,projected:kannada,projected:sharada,projected:malayalam,projected:devanagari,projected:devanagari,projected:oriya,projected:devanagari,projected:perso-arabic,projected:perso-arabic,projected:phoenician,projected:devanagari,projected:gurmukhi,projected:devanagari,projected:perso-arabic,projected:khudawadi,projected:syriac,projected:tamil,projected:telugu,projected:perso-arabic
JAVA_ILLEGALSTATEEXCEPTION,IllegalStateException,java,projected:perso-arabic,projected:aramaic,projected:bengali,projected:bengali,projected:perso-arabic,projected:gujarati,projected:hebrew,authored,projected:kannada,projected:sharada,projected:malayalam,projected:devanagari,projected:devanagari,projected:oriya,projected:devanagari,projected:perso-arabic,projected:perso-arabic,projected:phoenician,projected:devanagari,projected:gurmukhi,projected:devanagari,projected:perso-arabic,projected:khudawadi,projected:syriac,projected:tamil,projected:telugu,projected:perso-arabic
JAVA_ILLEGALTHREADSTATEEXCEPTION,IllegalThreadStateException,java,projected:perso-arabic,projected:aramaic,projected:bengali,projected:bengali,projected:perso-arabic,projected:gujarati,projected:hebrew,authored,projected:kannada,projected:sharada,projected:malayalam,projected:devanagari,projected:devanagari,projected:oriya,projected:devanagari,projected:perso-arabic,projected:perso-arabic,projected:phoenician,projected:devanagari,projected:gurmukhi,projected:devanagari,projected:perso-arabic,projected:khudawadi,projected:syriac,projected:tamil,projected:telugu,projected:perso-arabic
JAVA_IMAGE,Image,java,projected:perso-arabic,projected:aramaic,projected:bengali,projected:bengali,projected:perso-arabic,projected:gujarati,projected:hebrew,authored,projected:kannada,projected:sharada,projected:malayalam,projected:devanagari,projected:devanagari,projected:oriya,projected:devanagari,projected:perso-arabic,projected:perso-arabic,projected:phoenician,projected:devanagari,projected:gurmukhi,projected:devanagari,projected:perso-arabic,projected:khudawadi,projected:syriac,projected:tamil,projected:telugu,projected:perso-arabic
JAVA_INDEXOF,indexOf,java,projected:perso-arabic,projected:aramaic,projected:bengali,projected:bengali,projected:perso-arabic,projected:gujarati,projected:hebrew,authored,projected:kannada,projected:sharada,projected:malayalam,projected:devanagari,projected:devanagari,projected:oriya,projected:devanagari,projected:perso-arabic,projected:perso-arabic,projected:phoenician,projected:devanagari,projected:gurmukhi,projected:devanagari,projected:perso-arabic,projected:khudawadi,projected:syriac,projected:tamil,projected:telugu,projected:perso-arabic
JAVA_INDEXOUTOFBOUNDSEXCEPTION,IndexOutOfBoundsException,java,projected:perso-arabic,projected:aramaic,projected:bengali,projected:bengali,projected:perso-arabic,projected:gujarati,projected:hebrew,authored,projected:kannada,projected:sharada,projected:malayalam,projected:devanagari,projected:devanagari,projected:oriya,projected:devanagari,projected:perso-arabic,projected:perso-arabic,projected:phoenician,projected:devanagari,projected:gurmukhi,projected:devanagari,projected:perso-arabic,projected:khudawadi,projected:syriac,projected:tamil,projected:telugu,projected:perso-arabic
JAVA_INIT,init,java,projected:perso-arabic,projected:aramaic,projected:bengali,projected:bengali,projected:perso-arabic,projected:gujarati,projected:hebrew,authored,projected:kannada,projected:sharada,projected:malayalam,projected:devanagari,projected:devanagari,projected:oriya,projected:devanagari,projected:perso-arabic,projected:perso-arabic,projected:phoenician,projected:devanagari,projected:gurmukhi,projected:devanagari,projected:perso-arabic,projected:khudawadi,projected:syriac,projected:tamil,projected:telugu,projected:perso-arabic
JAVA_INPUTSTREAM,InputStream,java,projected:perso-arabic,projected:aramaic,projected:bengali,projected:bengali,projected:perso-arabic,projected:gujarati,projected:hebrew,authored,projected:kannada,projected:sharada,projected:malayalam,projected:devanagari,projected:devanagari,projected:oriya,projected:devanagari,projected:perso-arabic,projected:perso-arabic,projected:phoenician,projected:devanagari,projected:gurmukhi,projected:devanagari,projected:perso-arabic,projected:khudawadi,projected:syriac,projected:tamil,projected:telugu,projected:perso-arabic
JAVA_INPUTSTREAMREADER,InputStreamReader,java,projected:perso-arabic,projected:aramaic,projected:bengali,projected:bengali,projected:perso-arabic,projected:gujarati,projected:hebrew,authored,projected:kannada,projected:sharada,projected:malayalam,projected:devanagari,projected:devanagari,projected:oriya,projected:devanagari,projected:perso-arabic,projected:perso-arabic,projected:phoenician,projected:devanagari,projected:gurmukhi,projected:devanagari,projected:perso-arabic,projected:khudawadi,projected:syriac,projected:tamil,projected:telugu,projected:perso-arabic
JAVA_INSTANTIATIONEXCEPTION,InstantiationException,java,projected:perso-arabic,projected:aramaic,projected:bengali,projected:bengali,projected:perso-arabic,projected:gujarati,projected:hebrew,authored,projected:kannada,projected:sharada,projected:malayalam,projected:devanagari,projected:devanagari,projected:oriya,projected:devanagari,projected:perso-arabic,projected:perso-arabic,projected:phoenician,projected:devanagari,projected:gurmukhi,projected:devanagari,projected:perso-arabic,projected:khudawadi,projected:syriac,projected:tamil,projected:telugu,projected:perso-arabic
JAVA_INTERRUPTEDEXCEPTION,InterruptedException,java,projected:perso-arabic,projected:aramaic,projected:bengali,projected:bengali,projected:perso-arabic,projected:gujarati,projected:hebrew,authored,projected:kannada,projected:sharada,projected:malayalam,projected:devanagari,projected:devanagari,projected:oriya,projected:devanagari,projected:perso-arabic,projected:perso-arabic,projected:phoenician,projected:devanagari,projected:gurmukhi,projected:devanagari,projected:perso-arabic,projected:khudawadi,projected:syriac,projected:tamil,projected:telugu,projected:perso-arabic
JAVA_IO,io,java,projected:perso-arabic,projected:aramaic,projected:bengali,projected:bengali,projected:perso-arabic,projected:gujarati,projected:hebrew,authored,projected:kannada,projected:sharada,projected:malayalam,projected:devanagari,projected:devanagari,projected:oriya,projected:devanagari,projected:perso-arabic,projected:perso-arabic,projected:phoenician,projected:devanagari,projected:gurmukhi,projected:devanagari,projected:perso-arabic,projected:khudawadi,projected:syriac,projected:tamil,projected:telugu,projected:perso-arabic
JAVA_ISALIVE,isAlive,java,projected:perso-arabic,projected:aramaic,projected:bengali,projected:bengali,projected:perso-arabic,projected:gujarati,projected:hebrew,authored,projected:kannada,projected:sharada,projected:malayalam,projected:devanagari,projected:devanagari,projected:oriya,projected:devanagari,projected:perso-arabic,projected:perso-arabic,projected:phoenician,projected:devanagari,projected:gurmukhi,projected:devanagari,projected:perso-arabic,projected:khudawadi,projected:syriac,projected:tamil,projected:telugu,projected:perso-arabic
JAVA_JAVA,java,java,projected:perso-arabic,projected:aramaic,projected:bengali,projected:bengali,projected:perso-arabic,projected:gujarati,projected:hebrew,authored,projected:kannada,projected:sharada,projected:malayalam,projected:devanagari,projected:devanagari,projected:oriya,projected:devanagari,projected:perso-arabic,projected:perso-arabic,projected:phoenician,projected:devanagari,projected:gurmukhi,projected:devanagari,projected:perso-arabic,projected:khudawadi,projected:syriac,projected:tamil,projected:telugu,projected:perso-arabic
JAVA_JOIN,join,java,projected:perso-arabic,projected:aramaic,projected:bengali,projected:bengali,projected:perso-arabic,projected:gujarati,projected:hebrew,authored,projected:kannada,projected:sharada,projected:malayalam,projected:devanagari,projected:devanagari,projected:oriya,projected:devanagari,projected:perso-arabic,projected:perso-arabic,projected:phoenician,projected:devanagari,projected:gurmukhi,projected:devanagari,projected:perso-arabic,projected:khudawadi,projected:syriac,projected:tamil,projected:telugu,projected:perso-arabic
JAVA_LASTINDEXOF,lastIndexOf,java,projected:perso-arabic,projected:aramaic,projected:bengali,projected:bengali,projected:perso-arabic,projected:gujarati,projected:hebrew,authored,projected:kannada,projected:sharada,projected:malayalam,projected:devanagari,projected:devanagari,projected:oriya,projected:devanagari,projected:perso-arabic,projected:perso-arabic,projected:phoenician,projected:devanagari,projected:gurmukhi,projected:devanagari,projected:perso-arabic,projected:khudawadi,projected:syriac,projected:tamil,projected:telugu,projected:perso-arabic
JAVA_LENGTH,length,java,projected:perso-arabic,projected:aramaic,projected:bengali,projected:bengali,projected:perso-arabic,projected:gujarati,projected:hebrew,authored,projected:kannada,projected:sharada,projected:malayalam,projected:devanagari,projected:devanagari,projected:oriya,projected:devanagari,projected:perso-arabic,projected:perso-arabic,projected:phoenician,projected:devanagari,projected:gurmukhi,projected:devanagari,projected:perso-arabic,projected:khudawadi,projected:syriac,projected:tamil,projected:telugu,projected:perso-arabic
JAVA_LOADLIBRARY,loadLibrary,java,projected:perso-arabic,projected:aramaic,projected:bengali,projected:bengali,projected:perso-arabic,projected:gujarati,projected:hebrew,authored,projected:kannada,projected:sharada,projected:malayalam,projected:devanagari,projected:devanagari,projected:oriya,projected:devanagari,projected:perso-arabic,projected:perso-arabic,projected:phoenician,projected:devanagari,projected:gurmukhi,projected:devanagari,projected:perso-arabic,projected:khudawadi,projected:syriac,projected:tamil,projected:telugu,projected:perso-arabic
JAVA_LOOP,loop,java,projected:perso-arabic,projected:aramaic,projected:bengali,projected:bengali,projected:perso-arabic,projected:gujarati,projected:hebrew,authored,projected:kannada,projected:sharada,projected:malayalam,projected:devanagari,projected:devanagari,projected:oriya,projected:devanagari,projected:perso-arabic,projected:perso-arabic,projected:phoenician,projected:devanagari,projected:gurmukhi,projected:devanagari,projected:perso-arabic,projected:khudawadi,projected:syriac,projected:tamil,projected:telugu,projected:perso-arabic
JAVA_MATH,Math,java,projected:perso-arabic,projected:aramaic,projected:bengali,projected:bengali,projected:perso-arabic,projected:gujarati,projected:hebrew,authored,projected:kannada,projected:sharada,projected:malayalam,projected:devanagari,projected:devanagari,projected:oriya,projected:devanagari,projected:perso-arabic,projected:perso-arabic,projected:phoenician,projected:devanagari,projected:gurmukhi,projected:devanagari,projected:perso-arabic,projected:khudawadi,projected:syriac,projected:tamil,projected:telugu,projected:perso-arabic
JAVA_MAX_PRIORITY,MAX_PRIORITY,java,projected:perso-arabic,projected:aramaic,projected:bengali,projected:bengali,projected:perso-arabic,projected:gujarati,projected:hebrew,authored,projected:kannada,projected:sharada,projected:malayalam,projected:devanagari,projected:devanagari,projected:oriya,projected:devanagari,projected:perso-arabic,projected:perso-arabic,projected:phoenician,projected:devanagari,projected:gurmukhi,projected:devanagari,projected:perso-arabic,projected:khudawadi,projected:syriac,projected:tamil,projected:telugu,projected:perso-arabic
JAVA_MIN_PRIORITY,MIN_PRIORITY,java,projected:perso-arabic,projected:aramaic,projected:bengali,projected:bengali,projected:perso-arabic,projected:gujarati,projected:hebrew,authored,projected:kannada,projected:sharada,projected:malayalam,projected:devanagari,projected:devanagari,projected:oriya,projected:devanagari,projected:perso-arabic,projected:perso-arabic,projected:phoenician,projected:devanagari,projected:gurmukhi,projected:devanagari,projected:perso-arabic,projected:khudawadi,projected:syriac,projected:tamil,projected:telugu,projected:perso-arabic
JAVA_NEGATIVEARRAYSIZEEXCEPTION,NegativeArraySizeException,java,projected:perso-arabic,projected:aramaic,projected:bengali,projected:bengali,projected:perso-arabic,projected:gujarati,projected:hebrew,authored,projected:kannada,projected:sharada,projected:malayalam,projected:devanagari,projected:devanagari,projected:oriya,projected:devanagari,projected:perso-arabic,projected:perso-arabic,projected:phoenician,projected:devanagari,projected:gurmukhi,projected:devanagari,projected:perso-arabic,projected:khudawadi,projected:syriac,projected:tamil,projected:telugu,projected:perso-arabic
JAVA_NET,net,java,projected:perso-arabic,projected:aramaic,projected:bengali,projected:bengali,projected:perso-arabic,projected:gujarati,projected:hebrew,authored,projected:kannada,projected:sharada,projected:malayalam,projected:devanagari,projected:devanagari,projected:oriya,projected:devanagari,projected:perso-arabic,projected:perso-arabic,projected:phoenician,projected:devanagari,projected:gurmukhi,projected:devanagari,projected:perso-arabic,projected:khudawadi,projected:syriac,projected:tamil,projected:telugu,projected:perso-arabic
JAVA_NEXTDOUBLE,nextdouble,java,projected:perso-arabic,projected:aramaic,projected:bengali,projected:bengali,projected:perso-arabic,projected:gujarati,projected:hebrew,authored,projected:kannada,projected:sharada,projected:malayalam,projected:devanagari,projected:devanagari,projected:oriya,projected:devanagari,projected:perso-arabic,projected:perso-arabic,projected:phoenician,projected:devanagari,projected:gurmukhi,projected:devanagari,projected:perso-arabic,projected:khudawadi,projected:syriac,projected:tamil,projected:telugu,projected:perso-arabic
JAVA_NORM_PRIORITY,NORM_PRIORITY,java,projected:perso-arabic,projected:aramaic,projected:bengali,projected:bengali,projected:perso-arabic,projected:gujarati,projected:hebrew,authored,projected:kannada,projected:sharada,projected:malayalam,projected:devanagari,projected:devanagari,projected:oriya,projected:devanagari,projected:perso-arabic,projected:perso-arabic,projected:phoenician,projected:devanagari,projected:gurmukhi,projected:devanagari,projected:perso-arabic,projected:khudawadi,projected:syriac,projected:tamil,projected:telugu,projected:perso-arabic
JAVA_NOSUCHFIELDEXCEPTION,NoSuchFieldException,java,projected:perso-arabic,projected:aramaic,projected:bengali,projected:bengali,projected:perso-arabic,projected:gujarati,projected:hebrew,authored,projected:kannada,projected:sharada,projected:malayalam,projected:devanagari,projected:devanagari,projected:oriya,projected:devanagari,projected:perso-arabic,projected:perso-arabic,projected:phoenician,projected:devanagari,projected:gurmukhi,projected:devanagari,projected:perso-arabic,projected:khudawadi,projected:syriac,projected:tamil,projected:telugu,projected:perso-arabic
JAVA_NOSUCHMETHODEXCEPTION,NoSuchMethodException,java,projected:perso-arabic,projected:aramaic,projected:bengali,projected:bengali,projected:perso-arabic,projected:gujarati,projected:hebrew,authored,projected:kannada,projected:sharada,projected:malayalam,projected:devanagari,projected:devanagari,projected:oriya,projected:devanagari,projected:perso-arabic,projected:perso-arabic,projected:phoenician,projected:devanagari,projected:gurmukhi,projected:devanagari,projected:perso-arabic,projected:khudawadi,projected:syriac,projected:tamil,projected:telugu,projected:perso-arabic
JAVA_NOTIFY,notify,java,projected:perso-arabic,projected:aramaic,projected:bengali,projected:bengali,projected:perso-arabic,projected:gujarati,projected:hebrew,authored,projected:kannada,projected:sharada,projected:malayalam,projected:devanagari,projected:devanagari,projected:oriya,projected:devanagari,projected:perso-arabic,projected:perso-arabic,projected:phoenician,projected:devanagari,projected:gurmukhi,projected:devanagari,projected:perso-arabic,projected:khudawadi,projected:syriac,projected:tamil,projected:telugu,projected:perso-arabic
JAVA_NOTIFYALL,notifyAll,java,projected:perso-arabic,projected:aramaic,projected:bengali,projected:bengali,projected:perso-arabic,projected:gujarati,projected:hebrew,authored,projected:kannada,projected:sharada,projected:malayalam,projected:devanagari,projected:devanagari,projected:oriya,projected:devanagari,projected:perso-arabic,projected:perso-arabic,projected:phoenician,projected:devanagari,projected:gurmukhi,projected:devanagari,projected:perso-arabic,projected:khudawadi,projected:syriac,projected:tamil,projected:telugu,projected:perso-arabic
JAVA_NULLPOINTEREXCEPTION,NullPointerException,java,projected:perso-arabic,projected:aramaic,projected:bengali,projected:bengali,projected:perso-arabic,projected:gujarati,projected:hebrew,authored,projected:kannada,projected:sharada,projected:malayalam,projected:devanagari,projected:devanagari,projected:oriya,projected:devanagari,projected:perso-arabic,projected:perso-arabic,projected:phoenician,projected:devanagari,projected:gurmukhi,projected:devanagari,projected:perso-arabic,projected:khudawadi,projected:syriac,projected:tamil,projected:telugu,projected:perso-arabic
JAVA_OBJECT,Object,java,projected:perso-arabic,projected:aramaic,projected:bengali,projected:bengali,projected:perso-arabic,projected:gujarati,projected:hebrew,authored,projected:kannada,projected:sharada,projected:malayalam,projected:devanagari,projected:devanagari,projected:oriya,projected:devanagari,projected:perso-arabic,projected:perso-arabic,projected:phoenician,projected:devanagari,projected:gurmukhi,projected:devanagari,projected:perso-arabic,projected:khudawadi,projected:syriac,projected:tamil,projected:telugu,projected:perso-arabic
JAVA_OPENCONNECTION,openConnection,java,projected:perso-arabic,projected:aramaic,projected:bengali,projected:bengali,projected:perso-arabic,projected:gujarati,projected:hebrew,authored,projected:kannada,projected:sharada,projected:malayalam,projected:devanagari,projected:devanagari,projected:oriya,projected:devanagari,projected:perso-arabic,projected:perso-arabic,projected:phoenician,projected:devanagari,projected:gurmukhi,projected:devanagari,projected:perso-arabic,projected:khudawadi,projected:syriac,projected:tamil,projected:telugu,projected:perso-arabic
JAVA_OUT,out,java,projected:perso-arabic,projected:aramaic,projected:bengali,projected:bengali,projected:perso-arabic,projected:gujarati,projected:hebrew,authored,projected:kannada,projected:sharada,projected:malayalam,projected:devanagari,projected:devanagari,projected:oriya,projected:devanagari,projected:perso-arabic,projected:perso-arabic,projected:phoenician,projected:devanagari,projected:gurmukhi,projected:devanagari,projected:perso-arabic,projected:khudawadi,projected:syriac,projected:tamil,projected:telugu,projected:perso-arabic
JAVA_OUTPUTSTREAM,OutputStream,java,projected:perso-arabic,projected:aramaic,projected:bengali,projected:bengali,projected:perso-arabic,projected:gujarati,projected:hebrew,authored,projected:kannada,projected:sharada,projected:malayalam,projected:devanagari,projected:devanagari,projected:oriya,projected:devanagari,projected:perso-arabic,projected:perso-arabic,projected:phoenician,projected:devanagari,projected:gurmukhi,projected:devanagari,projected:perso-arabic,projected:khudawadi,projected:syriac,projected:tamil,projected:telugu,projected:perso-arabic
JAVA_PAINT,paint,java,projected:perso-arabic,projected:aramaic,projected:bengali,projected:bengali,projected:perso-arabic,projected:gujarati,projected:hebrew,authored,projected:kannada,projected:sharada,projected:malayalam,projected:devanagari,projected:devanagari,projected:oriya,projected:devanagari,projected:perso-arabic,projected:perso-arabic,projected:phoenician,projected:devanagari,projected:gurmukhi,projected:devanagari,projected:perso-arabic,projected:khudawadi,projected:syriac,projected:tamil,projected:telugu,projected:perso-arabic
JAVA_PLAY,play,java,projected:perso-arabic,projected:aramaic,projected:bengali,projected:bengali,projected:perso-arabic,projected:gujarati,projected:hebrew,authored,projected:kannada,projected:sharada,projected:malayalam,projected:devanagari,projected:devanagari,projected:oriya,projected:devanagari,projected:perso-arabic,projected:perso-arabic,projected:phoenician,projected:devanagari,projected:gurmukhi,projected:devanagari,projected:perso-arabic,projected:khudawadi,projected:syriac,projected:tamil,projected:telugu,projected:perso-arabic
JAVA_PRINTLN,println,java,projected:perso-arabic,projected:aramaic,projected:bengali,projected:bengali,projected:perso-arabic,projected:gujarati,projected:hebrew,authored,projected:kannada,projected:sharada,projected:malayalam,projected:devanagari,projected:devanagari,projected:oriya,projected:devanagari,projected:perso-arabic,projected:perso-arabic,projected:phoenician,projected:devanagari,projected:gurmukhi,projected:devanagari,projected:perso-arabic,projected:khudawadi,projected:syriac,projected:tamil,projected:telugu,projected:perso-arabic
JAVA_PRINTSTACKTRACE,printStackTrace,java,projected:perso-arabic,projected:aramaic,projected:bengali,projected:bengali,projected:perso-arabic,projected:gujarati,projected:hebrew,authored,projected:kannada,projected:sharada,projected:malayalam,projected:devanagari,projected:devanagari,projected:oriya,projected:devanagari,projected:perso-arabic,projected:perso-arabic,projected:phoenician,projected:devanagari,projected:gurmukhi,projected:devanagari,projected:perso-arabic,projected:khudawadi,projected:syriac,projected:tamil,projected:telugu,projected:perso-arabic
JAVA_PRINTWRITER,PrintWriter,java,projected:perso-arabic,projected:aramaic,projected:bengali,projected:bengali,projected:perso-arabic,projected:gujarati,projected:hebrew,authored,projected:kannada,projected:sharada,projected:malayalam,projected:devanagari,projected:devanagari,projected:oriya,projected:devanagari,projected:perso-arabic,projected:perso-arabic,projected:phoenician,projected:devanagari,projected:gurmukhi,projected:devanagari,projected:perso-arabic,projected:khudawadi,projected:syriac,projected:tamil,projected:telugu,projected:perso-arabic
JAVA_RAND,rand,java,projected:perso-arabic,projected:aramaic,projected:bengali,projected:bengali,projected:perso-arabic,projected:gujarati,projected:hebrew,authored,projected:kannada,projected:sharada,projected:malayalam,projected:devanagari,projected:devanagari,projected:oriya,projected:devanagari,projected:perso-arabic,projected:perso-arabic,projected:phoenician,projected:devanagari,projected:gurmukhi,projected:devanagari,projected:perso-arabic,projected:khudawadi,projected:syriac,projected:tamil,projected:telugu,projected:perso-arabic
JAVA_READ,read,java,projected:perso-arabic,projected:aramaic,projected:bengali,projected:bengali,projected:perso-arabic,projected:gujarati,projected:hebrew,authored,projected:kannada,projected:sharada,projected:malayalam,projected:devanagari,projected:devanagari,projected:oriya,projected:devanagari,projected:perso-arabic,projected:perso-arabic,projected:phoenician,projected:devanagari,projected:gurmukhi,projected:devanagari,projected:perso-arabic,projected:khudawadi,projected:syriac,projected:tamil,projected:telugu,projected:perso-arabic
JAVA_READER,Reader,java,projected:perso-arabic,projected:aramaic,projected:bengali,projected:bengali,projected:perso-arabic,projected:gujarati,projected:hebrew,authored,projected:kannada,projected:sharada,projected:malayalam,projected:devanagari,projected:devanagari,projected:oriya,projected:devanagari,projected:perso-arabic,projected:perso-arabic,projected:phoenician,projected:devanagari,projected:gurmukhi,projected:devanagari,projected:perso-arabic,projected:khudawadi,projected:syriac,projected:tamil,projected:telugu,projected:perso-arabic
JAVA_READLINE,readLine,java,projected:perso-arabic,projected:aramaic,projected:bengali,projected:bengali,projected:perso-arabic,projected:gujarati,projected:hebrew,authored,projected:kannada,projected:sharada,projected:malayalam,projected:devanagari,projected:devanagari,projected:oriya,projected:devanagari,projected:perso-arabic,projected:perso-arabic,projected:phoenician,projected:devanagari,projected:gurmukhi,projected:devanagari,projected:perso-arabic,projected:khudawadi,projected:syriac,projected:tamil,projected:telugu,projected:perso-arabic
JAVA_REGIONMATCHES,regionMatches,java,projected:perso-arabic,projected:aramaic,projected:bengali,projected:bengali,projected:perso-arabic,projected:gujarati,projected:hebrew,authored,projected:kannada,projected:sharada,projected:malayalam,projected:devanagari,projected:devanagari,projected:oriya,projected:devanagari,projected:perso-arabic,projected:perso-arabic,projected:phoenician,projected:devanagari,projected:gurmukhi,projected:devanagari,projected:perso-arabic,projected:khudawadi,projected:syriac,projected:tamil,projected:telugu,projected:perso-arabic
JAVA_REPLACE,replace,java,projected:perso-arabic,projected:aramaic,projected:bengali,projected:bengali,projected:perso-arabic,projected:gujarati,projected:hebrew,authored,projected:kannada,projected:sharada,projected:malayalam,projected:devanagari,projected:devanagari,projected:oriya,projected:devanagari,projected:perso-arabic,projected:perso-arabic,projected:phoenician,projected:devanagari,projected:gurmukhi,projected:devanagari,projected:perso-arabic,projected:khudawadi,projected:syriac,projected:tamil,projected:telugu,projected:perso-arabic
JAVA_RESUME,resume,java,projected:perso-arabic,projected:aramaic,projected:bengali,projected:bengali,projected:perso-arabic,projected:gujarati,projected:hebrew,authored,projected:kannada,projected:sharada,projected:malayalam,projected:devanagari,projected:devanagari,projected:oriya,projected:devanagari,projected:perso-arabic,projected:perso-arabic,projected:phoenician,projected:devanagari,projected:gurmukhi,projected:devanagari,projected:perso-arabic,projected:khudawadi,projected:syriac,projected:tamil,projected:telugu,projected:perso-arabic
JAVA_RUN,run,java,projected:perso-arabic,projected:aramaic,projected:bengali,projected:bengali,projected:perso-arabic,projected:gujarati,projected:hebrew,authored,projected:kannada,projected:sharada,projected:malayalam,projected:devanagari,projected:devanagari,projected:oriya,projected:devanagari,projected:perso-arabic,projected:perso-arabic,projected:phoenician,projected:devanagari,projected:gurmukhi,projected:devanagari,projected:perso-arabic,projected:khudawadi,projected:syriac,projected:tamil,projected:telugu,projected:perso-arabic
JAVA_RUNNABLE,Runnable,java,projected:perso-arabic,projected:aramaic,projected:bengali,projected:bengali,projected:perso-arabic,projected:gujarati,projected:hebrew,authored,projected:kannada,projected:sharada,projected:malayalam,projected:devanagari,projected:devanagari,projected:oriya,projected:devanagari,projected:perso-arabic,projected:perso-arabic,projected:phoenician,projected:devanagari,projected:gurmukhi,projected:devanagari,projected:perso-arabic,projected:khudawadi,projected:syriac,projected:tamil,projected:telugu,projected:perso-arabic
JAVA_SECURITYEXCEPTION,SecurityException,java,projected:perso-arabic,projected:aramaic,projected:bengali,projected:bengali,projected:perso-arabic,projected:gujarati,projected:hebrew,authored,projected:kannada,projected:sharada,projected:malayalam,projected:devanagari,projected:devanagari,projected:oriya,projected:devanagari,projected:perso-arabic,projected:perso-arabic,projected:phoenician,projected:devanagari,projected:gurmukhi,projected:devanagari,projected:perso-arabic,projected:khudawadi,projected:syriac,projected:tamil,projected:telugu,projected:perso-arabic
JAVA_SETINTFIELD,SetIntField,java,projected:perso-arabic,projected:aramaic,projected:bengali,projected:bengali,projected:perso-arabic,projected:gujarati,projected:hebrew,authored,projected:kannada,projected:sharada,projected:malayalam,projected:devanagari,projected:devanagari,projected:oriya,projected:devanagari,projected:perso-arabic,projected:perso-arabic,projected:phoenician,projected:devanagari,projected:gurmukhi,projected:devanagari,projected:perso-arabic,projected:khudawadi,projected:syriac,projected:tamil,projected:telugu,projected:perso-arabic
JAVA_SETNAME,setName,java,projected:perso-arabic,projected:aramaic,projected:bengali,projected:bengali,projected:perso-arabic,projected:gujarati,projected:hebrew,authored,projected:kannada,projected:sharada,projected:malayalam,projected:devanagari,projected:devanagari,projected:oriya,projected:devanagari,projected:perso-arabic,projected:perso-arabic,projected:phoenician,projected:devanagari,projected:gurmukhi,projected:devanagari,projected:perso-arabic,projected:khudawadi,projected:syriac,projected:tamil,projected:telugu,projected:perso-arabic
JAVA_SETPRIORITY,setPriority,java,projected:perso-arabic,projected:aramaic,projected:bengali,projected:bengali,projected:perso-arabic,projected:gujarati,projected:hebrew,authored,projected:kannada,projected:sharada,projected:malayalam,projected:devanagari,projected:devanagari,projected:oriya,projected:devanagari,projected:perso-arabic,projected:perso-arabic,projected:phoenician,projected:devanagari,projected:gurmukhi,projected:devanagari,projected:perso-arabic,projected:khudawadi,projected:syriac,projected:tamil,projected:telugu,projected:perso-arabic
JAVA_SLEEP,sleep,java,projected:perso-arabic,projected:aramaic,projected:bengali,projected:bengali,projected:perso-arabic,projected:gujarati,projected:hebrew,authored,projected:kannada,projected:sharada,projected:malayalam,projected:devanagari,projected:devanagari,projected:oriya,projected:devanagari,projected:perso-arabic,projected:perso-arabic,projected:phoenician,projected:devanagari,projected:gurmukhi,projected:devanagari,projected:perso-arabic,projected:khudawadi,projected:syriac,projected:tamil,projected:telugu,projected:perso-arabic
JAVA_SQRT,sqrt,java,projected:perso-arabic,projected:aramaic,projected:bengali,projected:bengali,projected:perso-arabic,projected:gujarati,projected:hebrew,authored,projected:kannada,projected:sharada,projected:malayalam,projected:devanagari,projected:devanagari,projected:oriya,projected:devanagari,projected:perso-arabic,projected:perso-arabic,projected:phoenician,projected:devanagari,projected:gurmukhi,projected:devanagari,projected:perso-arabic,projected:khudawadi,projected:syriac,projected:tamil,projected:telugu,projected:perso-arabic
JAVA_START,start,java,projected:perso-arabic,projected:aramaic,projected:bengali,projected:bengali,projected:perso-arabic,projected:gujarati,projected:hebrew,authored,projected:kannada,projected:sharada,projected:malayalam,projected:devanagari,projected:devanagari,projected:oriya,projected:devanagari,projected:perso-arabic,projected:perso-arabic,projected:phoenician,projected:devanagari,projected:gurmukhi,projected:devanagari,projected:perso-arabic,projected:khudawadi,projected:syriac,projected:tamil,projected:telugu,projected:perso-arabic
JAVA_STARTSWITH,startsWith,java,projected:perso-arabic,projected:aramaic,projected:bengali,projected:bengali,projected:perso-arabic,projected:gujarati,projected:hebrew,authored,projected:kannada,projected:sharada,projected:malayalam,projected:devanagari,projected:devanagari,projected:oriya,projected:devanagari,projected:perso-arabic,projected:perso-arabic,projected:phoenician,projected:devanagari,projected:gurmukhi,projected:devanagari,projected:perso-arabic,projected:khudawadi,projected:syriac,projected:tamil,projected:telugu,projected:perso-arabic
JAVA_STOP,stop,java,projected:perso-arabic,projected:aramaic,projected:bengali,projected:bengali,projected:perso-arabic,projected:gujarati,projected:hebrew,authored,projected:kannada,projected:sharada,projected:malayalam,projected:devanagari,projected:devanagari,projected:oriya,projected:devanagari,projected:perso-arabic,projected:perso-arabic,projected:phoenician,projected:devanagari,projected:gurmukhi,projected:devanagari,projected:perso-arabic,projected:khudawadi,projected:syriac,projected:tamil,projected:telugu,projected:perso-arabic
JAVA_STRING,String,java,projected:perso-arabic,projected:aramaic,projected:bengali,projected:bengali,projected:perso-arabic,projected:gujarati,projected:hebrew,authored,projected:kannada,projected:sharada,projected:malayalam,projected:devanagari,projected:devanagari,projected:oriya,projected:devanagari,projected:perso-arabic,projected:perso-arabic,projected:phoenician,projected:devanagari,projected:gurmukhi,projected:devanagari,projected:perso-arabic,projected:khudawadi,projected:syriac,projected:tamil,projected:telugu,projected:perso-arabic
JAVA_STRINGBUFFER,StringBuffer,java,projected:perso-arabic,projected:aramaic,projected:bengali,projected:bengali,projected:perso-arabic,projected:gujarati,projected:hebrew,authored,projected:kannada,projected:sharada,projected:malayalam,projected:devanagari,projected:devanagari,projected:oriya,projected:devanagari,projected:perso-arabic,projected:perso-arabic,projected:phoenician,projected:devanagari,projected:gurmukhi,projected:devanagari,projected:perso-arabic,projected:khudawadi,projected:syriac,projected:tamil,projected:telugu,projected:perso-arabic
JAVA_STRINGINDEXOUTOFBOUNDS,StringIndexOutOfBounds,java,projected:perso-arabic,projected:aramaic,projected:bengali,projected:bengali,projected:perso-arabic,projected:gujarati,projected:hebrew,authored,projected:kannada,projected:sharada,projected:malayalam,projected:devanagari,projected:devanagari,projected:oriya,projected:devanagari,projected:perso-arabic,projected:perso-arabic,projected:phoenician,projected:devanagari,projected:gurmukhi,projected:devanagari,projected:perso-arabic,projected:khudawadi,projected:syriac,projected:tamil,projected:telugu,projected:perso-arabic
JAVA_SUBSTRING,substring,java,projected:perso-arabic,projected:aramaic,projected:bengali,projected:bengali,projected:perso-arabic,projected:gujarati,projected:hebrew,authored,projected:kannada,projected:sharada,projected:malayalam,projected:devanagari,projected:devanagari,projected:oriya,projected:devanagari,projected:perso-arabic,projected:perso-arabic,projected:phoenician,projected:devanagari,projected:gurmukhi,projected:devanagari,projected:perso-arabic,projected:khudawadi,projected:syriac,projected:tamil,projected:telugu,projected:perso-arabic
JAVA_SUSPEND,suspend,java,projected:perso-arabic,projected:aramaic,projected:bengali,projected:bengali,projected:perso-arabic,projected:gujarati,projected:hebrew,authored,projected:kannada,projected:sharada,projected:malayalam,projected:devanagari,projected:devanagari,projected:oriya,projected:devanagari,projected:perso-arabic,projected:perso-arabic,projected:phoenician,projected:devanagari,projected:gurmukhi,projected:devanagari,projected:perso-arabic,projected:khudawadi,projected:syriac,projected:tamil,projected:telugu,projected:perso-arabic
JAVA_SYSTEM,System,java,projected:perso-arabic,projected:aramaic,projected:bengali,projected:bengali,projected:perso-arabic,projected:gujarati,projected:hebrew,authored,projected:kannada,projected:sharada,projected:malayalam,projected:devanagari,projected:devanagari,projected:oriya,projected:devanagari,projected:perso-arabic,projected:perso-arabic,projected:phoenician,projected:devanagari,projected:gurmukhi,projected:devanagari,projected:perso-arabic,projected:khudawadi,projected:syriac,projected:tamil,projected:telugu,projected:perso-arabic
JAVA_THREAD,Thread,java,projected:perso-arabic,projected:aramaic,projected:bengali,projected:bengali,projected:perso-arabic,projected:gujarati,projected:hebrew,authored,projected:kannada,projected:sharada,projected:malayalam,projected:devanagari,projected:devanagari,projected:oriya,projected:devanagari,projected:perso-arabic,projected:perso-arabic,projected:phoenician,projected:devanagari,projected:gurmukhi,projected:devanagari,projected:perso-arabic,projected:khudawadi,projected:syriac,projected:tamil,projected:telugu,projected:perso-arabic
JAVA_THROWABLE,Throwable,java,projected:perso-arabic,projected:aramaic,projected:bengali,projected:bengali,projected:perso-arabic,projected:gujarati,projected:hebrew,authored,projected:kannada,projected:sharada,projected:malayalam,projected:devanagari,projected:devanagari,projected:oriya,projected:devanagari,projected:perso-arabic,projected:perso-arabic,projected:phoenician,projected:devanagari,projected:gurmukhi,projected:devanagari,projected:perso-arabic,projected:khudawadi,projected:syriac,projected:tamil,projected:telugu,projected:perso-arabic
JAVA_TOCHARARRAY,toCharArray,java,projected:perso-arabic,projected:aramaic,projected:bengali,projected:bengali,projected:perso-arabic,projected:gujarati,projected:hebrew,authored,projected:kannada,projected:sharada,projected:malayalam,projected:devanagari,projected:devanagari,projected:oriya,projected:devanagari,projected:perso-arabic,projected:perso-arabic,projected:phoenician,projected:devanagari,projected:gurmukhi,projected:devanagari,projected:perso-arabic,projected:khudawadi,projected:syriac,projected:tamil,projected:telugu,projected:perso-arabic
JAVA_TOLOWERCASE,toLowerCase,java,projected:perso-arabic,projected:aramaic,projected:bengali,projected:bengali,projected:perso-arabic,projected:gujarati,projected:hebrew,authored,projected:kannada,projected:sharada,projected:malayalam,projected:devanagari,projected:devanagari,projected:oriya,projected:devanagari,projected:perso-arabic,projected:perso-arabic,projected:phoenician,projected:devanagari,projected:gurmukhi,projected:devanagari,projected:perso-arabic,projected:khudawadi,projected:syriac,projected:tamil,projected:telugu,projected:perso-arabic
JAVA_TOSTRING,toString,java,projected:perso-arabic,projected:aramaic,projected:bengali,projected:bengali,projected:perso-arabic,projected:gujarati,projected:hebrew,authored,projected:kannada,projected:sharada,projected:malayalam,projected:devanagari,projected:devanagari,projected:oriya,projected:devanagari,projected:perso-arabic,projected:perso-arabic,projected:phoenician,projected:devanagari,projected:gurmukhi,projected:devanagari,projected:perso-arabic,projected:khudawadi,projected:syriac,projected:tamil,projected:telugu,projected:perso-arabic
JAVA_TOUPPERCASE,toUpperCase,java,projected:perso-arabic,projected:aramaic,projected:bengali,projected:bengali,projected:perso-arabic,projected:gujarati,projected:hebrew,authored,projected:kannada,projected:sharada,projected:malayalam,projected:devanagari,projected:devanagari,projected:oriya,projected:devanagari,projected:perso-arabic,projected:perso-arabic,projected:phoenician,projected:devanagari,projected:gurmukhi,projected:devanagari,projected:perso-arabic,projected:khudawadi,projected:syriac,projected:tamil,projected:telugu,projected:perso-arabic
JAVA_TRIM,trim,java,projected:perso-arabic,projected:aramaic,projected:bengali,projected:bengali,projected:perso-arabic,projected:gujarati,projected:hebrew,authored,projected:kannada,projected:sharada,projected:malayalam,projected:devanagari,projected:devanagari,projected:oriya,projected:devanagari,projected:perso-arabic,projected:perso-arabic,projected:phoenician,projected:devanagari,projected:gurmukhi,projected:devanagari,projected:perso-arabic,projected:khudawadi,projected:syriac,projected:tamil,projected:telugu,projected:perso-arabic
JAVA_UNSUPPORTEDOPERATIONEXCEPTION,UnsupportedOperationException,java,projected:perso-arabic,projected:aramaic,projected:bengali,projected:bengali,projected:perso-arabic,projected:gujarati,projected:hebrew,authored,projected:kannada,projected:sharada,projected:malayalam,projected:devanagari,projected:devanagari,projected:oriya,projected:devanagari,projected:perso-arabic,projected:perso-arabic,projected:phoenician,projected:devanagari,projected:gurmukhi,projected:devanagari,projected:perso-arabic,projected:khudawadi,projected:syriac,projected:tamil,projected:telugu,projected:perso-arabic
JAVA_UPDATE,update,java,projected:perso-arabic,projected:aramaic,projected:bengali,projected:bengali,projected:perso-arabic,projected:gujarati,projected:hebrew,authored,projected:kannada,projected:sharada,projected:malayalam,projected:devanagari,projected:devanagari,projected:oriya,projected:devanagari,projected:perso-arabic,projected:perso-arabic,projected:phoenician,projected:devanagari,projected:gurmukhi,projected:devanagari,projected:perso-arabic,projected:khudawadi,projected:syriac,projected:tamil,projected:telugu,projected:perso-arabic
JAVA_URLCONNECTION,URLConnection,java,projected:perso-arabic,projected:aramaic,projected:bengali,projected:bengali,projected:perso-arabic,projected:gujarati,projected:hebrew,authored,projected:kannada,projected:sharada,projected:malayalam,projected:devanagari,projected:devanagari,projected:oriya,projected:devanagari,projected:perso-arabic,projected:perso-arabic,projected:phoenician,projected:devanagari,projected:gurmukhi,projected:devanagari,projected:perso-arabic,projected:khudawadi,projected:syriac,projected:tamil,projected:telugu,projected:perso-arabic
JAVA_UTIL,util,java,projected:perso-arabic,projected:aramaic,projected:bengali,projected:bengali,projected:perso-arabic,projected:gujarati,projected:hebrew,authored,projected:kannada,projected:sharada,projected:malayalam,projected:devanagari,projected:devanagari,projected:oriya,projected:devanagari,projected:perso-arabic,projected:perso-arabic,projected:phoenician,projected:devanagari,projected:gurmukhi,projected:devanagari,projected:perso-arabic,projected:khudawadi,projected:syriac,projected:tamil,projected:telugu,projected:perso-arabic
JAVA_VALUEOF,valueof,java,projected:perso-arabic,projected:aramaic,projected:bengali,projected:bengali,projected:perso-arabic,projected:gujarati,projected:hebrew,authored,projected:kannada,projected:sharada,projected:malayalam,projected:devanagari,projected:devanagari,projected:oriya,projected:devanagari,projected:perso-arabic,projected:perso-arabic,projected:phoenician,projected:devanagari,projected:gurmukhi,projected:devanagari,projected:perso-arabic,projected:khudawadi,projected:syriac,projected:tamil,projected:telugu,projected:perso-arabic
JAVA_WAIT,wait,java,projected:perso-arabic,projected:aramaic,projected:bengali,projected:bengali,projected:perso-arabic,projected:gujarati,projected:hebrew,authored,projected:kannada,projected:sharada,projected:malayalam,projected:devanagari,projected:devanagari,projected:oriya,projected:devanagari,projected:perso-arabic,projected:perso-arabic,projected:phoenician,projected:devanagari,projected:gurmukhi,projected:devanagari,projected:perso-arabic,projected:khudawadi,projected:syriac,projected:tamil,projected:telugu,projected:perso-arabic
JAVA_WRITE,write,java,projected:perso-arabic,projected:aramaic,projected:bengali,projected:bengali,projected:perso-arabic,projected:gujarati,projected:hebrew,authored,projected:kannada,projected:sharada,projected:malayalam,projected:devanagari,projected:devanagari,projected:oriya,projected:devanagari,projected:perso-arabic,projected:perso-arabic,projected:phoenician,projected:devanagari,projected:gurmukhi,projected:devanagari,projected:perso-arabic,projected:khudawadi,projected:syriac,projected:tamil,projected:telugu,projected:perso-arabic
JAVA_WRITER,Writer,java,projected:perso-arabic,projected:aramaic,projected:bengali,projected:bengali,projected:perso-arabic,projected:gujarati,projected:hebrew,authored,projected:kannada,projected:sharada,projected:malayalam,projected:devanagari,projected:devanagari,projected:oriya,projected:devanagari,projected:perso-arabic,projected:perso-arabic,projected:phoenician,projected:devanagari,projected:gurmukhi,projected:devanagari,projected:perso-arabic,projected:khudawadi,projected:syriac,projected:tamil,projected:telugu,projected:perso-arabic
LEX_YYLEX,yylex,lex,projected:perso-arabic,projected:aramaic,projected:bengali,projected:bengali,projected:perso-arabic,projected:gujarati,projected:hebrew,authored,projected:kannada,projected:sharada,projected:malayalam,projected:devanagari,projected:devanagari,projected:oriya,projected:devanagari,projected:perso-arabic,projected:perso-arabic,projected:phoenician,projected:devanagari,projected:gurmukhi,projected:devanagari,projected:perso-arabic,projected:khudawadi,projected:syriac,projected:tamil,projected:telugu,projected:perso-arabic
LEX_YYLVAL,yylval,lex,projected:perso-arabic,projected:aramaic,projected:bengali,projected:bengali,projected:perso-arabic,projected:gujarati,projected:hebrew,authored,projected:kannada,projected:sharada,projected:malayalam,projected:devanagari,projected:devanagari,projected:oriya,projected:devanagari,projected:perso-arabic,projected:perso-arabic,projected:phoenician,projected:devanagari,projected:gurmukhi,projected:devanagari,projected:perso-arabic,projected:khudawadi,projected:syriac,projected:tamil,projected:telugu,projected:perso-arabic
LEX_YYTEXT,yytext,lex,projected:perso-arabic,projected:aramaic,projected:bengali,projected:bengali,projected:perso-arabic,projected:gujarati,projected:hebrew,authored,projected:kannada,projected:sharada,projected:malayalam,projected:devanagari,projected:devanagari,projected:oriya,projected:devanagari,projected:perso-arabic,projected:perso-arabic,projected:phoenician,projected:devanagari,projected:gurmukhi,projected:devanagari,projected:perso-arabic,projected:khudawadi,projected:syriac,projected:tamil,projected:telugu,projected:perso-arabic
LEX_YYLINENO,yylineno,lex,projected:perso-arabic,projected:aramaic,projected:bengali,projected:bengali,projected:perso-arabic,projected:gujarati,projected:hebrew,authored,projected:kannada,projected:sharada,projected:malayalam,projected:devanagari,projected:devanagari,projected:oriya,projected:devanagari,projected:perso-arabic,projected:perso-arabic,projected:phoenician,projected:devanagari,projected:gurmukhi,projected:devanagari,projected:perso-arabic,projected:khudawadi,projected:syriac,projected:tamil,projected:telugu,projected:perso-arabic
YACC_YYLEX,yylex,yacc,projected:perso-arabic,projected:aramaic,projected:bengali,projected:bengali,projected:perso-arabic,projected:gujarati,projected:hebrew,authored,projected:kannada,projected:sharada,projected:malayalam,projected:devanagari,projected:devanagari,projected:oriya,projected:devanagari,projected:perso-arabic,projected:perso-arabic,projected:phoenician,projected:devanagari,projected:gurmukhi,projected:devanagari,projected:perso-arabic,projected:khudawadi,projected:syriac,projected:tamil,projected:telugu,projected:perso-arabic
YACC_YYLVAL,yylval,yacc,projected:perso-arabic,projected:aramaic,projected:bengali,projected:bengali,projected:perso-arabic,projected:gujarati,projected:hebrew,authored,projected:kannada,projected:sharada,projected:malayalam,projected:devanagari,projected:devanagari,projected:oriya,projected:devanagari,projected:perso-arabic,projected:perso-arabic,projected:phoenician,projected:devanagari,projected:gurmukhi,projected:devanagari,projected:perso-arabic,projected:khudawadi,projected:syriac,projected:tamil,projected:telugu,projected:perso-arabic
YACC_YYTEXT,yytext,yacc,projected:perso-arabic,projected:aramaic,projected:bengali,projected:bengali,projected:perso-arabic,projected:gujarati,projected:hebrew,authored,projected:kannada,projected:sharada,projected:malayalam,projected:devanagari,projected:devanagari,projected:oriya,projected:devanagari,projected:perso-arabic,projected:perso-arabic,projected:phoenician,projected:devanagari,projected:gurmukhi,projected:devanagari,projected:perso-arabic,projected:khudawadi,projected:syriac,projected:tamil,projected:telugu,projected:perso-arabic
YACC_YYLINENO,yylineno,yacc,projected:perso-arabic,projected:aramaic,projected:bengali,projected:bengali,projected:perso-arabic,projected:gujarati,projected:hebrew,authored,projected:kannada,projected:sharada,projected:malayalam,projected:devanagari,projected:devanagari,projected:oriya,projected:devanagari,projected:perso-arabic,projected:perso-arabic,projected:phoenician,projected:devanagari,projected:gurmukhi,projected:devanagari,projected:perso-arabic,projected:khudawadi,projected:syriac,projected:tamil,projected:telugu,projected:perso-arabic
YACC_YYPARSE,yyparse,yacc,projected:perso-arabic,projected:aramaic,projected:bengali,projected:bengali,projected:perso-arabic,projected:gujarati,projected:hebrew,authored,projected:kannada,projected:sharada,projected:malayalam,projected:devanagari,projected:devanagari,projected:oriya,projected:devanagari,projected:perso-arabic,projected:perso-arabic,projected:phoenician,projected:devanagari,projected:gurmukhi,projected:devanagari,projected:perso-arabic,projected:khudawadi,projected:syriac,projected:tamil,projected:telugu,projected:perso-arabic
YACC_YYERROR,yyerror,yacc,projected:perso-arabic,projected:aramaic,projected:bengali,projected:bengali,projected:perso-arabic,projected:gujarati,projected:hebrew,authored,projected:kannada,projected:sharada,projected:malayalam,projected:devanagari,projected:devanagari,projected:oriya,projected:devanagari,projected:perso-arabic,projected:perso-arabic,projected:phoenician,projected:devanagari,projected:gurmukhi,projected:devanagari,projected:perso-arabic,projected:khudawadi,projected:syriac,projected:tamil,projected:telugu,projected:perso-arabic
ASM_AH,AH,asm,projected:perso-arabic,projected:aramaic,projected:bengali,projected:bengali,projected:perso-arabic,projected:gujarati,projected:hebrew,authored,projected:kannada,projected:sharada,projected:malayalam,projected:devanagari,projected:devanagari,projected:oriya,projected:devanagari,projected:perso-arabic,projected:perso-arabic,projected:phoenician,projected:devanagari,projected:gurmukhi,projected:devanagari,projected:perso-arabic,projected:khudawadi,projected:syriac,projected:tamil,projected:telugu,projected:perso-arabic
ASM_AL,AL,asm,projected:perso-arabic,projected:aramaic,projected:bengali,projected:bengali,projected:perso-arabic,projected:gujarati,projected:hebrew,authored,projected:kannada,projected:sharada,projected:malayalam,projected:devanagari,projected:devanagari,projected:oriya,projected:devanagari,projected:perso-arabic,projected:perso-arabic,projected:phoenician,projected:devanagari,projected:gurmukhi,projected:devanagari,projected:perso-arabic,projected:khudawadi,projected:syriac,projected:tamil,projected:telugu,projected:perso-arabic
ASM_AX,AX,asm,projected:perso-arabic,projected:aramaic,projected:bengali,projected:bengali,projected:perso-arabic,projected:gujarati,projected:hebrew,authored,projected:kannada,projected:sharada,projected:malayalam,projected:devanagari,projected:devanagari,projected:oriya,projected:devanagari,projected:perso-arabic,projected:perso-arabic,projected:phoenician,projected:devanagari,projected:gurmukhi,projected:devanagari,projected:perso-arabic,projected:khudawadi,projected:syriac,projected:tamil,projected:telugu,projected:perso-arabic
ASM_BH,BH,asm,projected:perso-arabic,projected:aramaic,projected:bengali,projected:bengali,projected:perso-arabic,projected:gujarati,projected:hebrew,authored,projected:kannada,projected:sharada,projected:malayalam,projected:devanagari,projected:devanagari,projected:oriya,projected:devanagari,projected:perso-arabic,projected:perso-arabic,projected:phoenician,projected:devanagari,projected:gurmukhi,projected:devanagari,projected:perso-arabic,projected:khudawadi,projected:syriac,projected:tamil,projected:telugu,projected:perso-arabic
ASM_BL,BL,asm,projected:perso-arabic,projected:aramaic,projected:bengali,projected:bengali,projected:perso-arabic,projected:gujarati,projected:hebrew,authored,projected:kannada,projected:sharada,projected:malayalam,projected:devanagari,projected:devanagari,projected:oriya,projected:devanagari,projected:perso-arabic,projected:perso-arabic,projected:phoenician,projected:devanagari,projected:gurmukhi,projected:devanagari,projected:perso-arabic,projected:khudawadi,projected:syriac,projected:tamil,projected:telugu,projected:perso-arabic
ASM_BX,BX,asm,projected:perso-arabic,projected:aramaic,projected:bengali,projected:bengali,projected:perso-arabic,projected:gujarati,projected:hebrew,authored,projected:kannada,projected:sharada,projected:malayalam,projected:devanagari,projected:devanagari,projected:oriya,projected:devanagari,projected:perso-arabic,projected:perso-arabic,projected:phoenician,projected:devanagari,projected:gurmukhi,projected:devanagari,projected:perso-arabic,projected:khudawadi,projected:syriac,projected:tamil,projected:telugu,projected:perso-arabic
ASM_CH,CH,asm,projected:perso-arabic,projected:aramaic,projected:bengali,projected:bengali,projected:perso-arabic,projected:gujarati,projected:hebrew,authored,projected:kannada,projected:sharada,projected:malayalam,projected:devanagari,projected:devanagari,projected:oriya,projected:devanagari,projected:perso-arabic,projected:perso-arabic,projected:phoenician,projected:devanagari,projected:gurmukhi,projected:devanagari,projected:perso-arabic,projected:khudawadi,projected:syriac,projected:tamil,projected:telugu,projected:perso-arabic
ASM_CL,CL,asm,projected:perso-arabic,projected:aramaic,projected:bengali,projected:bengali,projected:perso-arabic,projected:gujarati,projected:hebrew,authored,projected:kannada,projected:sharada,projected:malayalam,projected:devanagari,projected:devanagari,projected:oriya,projected:devanagari,projected:perso-arabic,projected:perso-arabic,projected:phoenician,projected:devanagari,projected:gurmukhi,projected:devanagari,projected:perso-arabic,projected:khudawadi,projected:syriac,projected:tamil,projected:telugu,projected:perso-arabic
ASM_CX,CX,asm,projected:perso-arabic,projected:aramaic,projected:bengali,projected:bengali,projected:perso-arabic,projected:gujarati,projected:hebrew,authored,projected:kannada,projected:sharada,projected:malayalam,projected:devanagari,projected:devanagari,projected:oriya,projected:devanagari,projected:perso-arabic,projected:perso-arabic,projected:phoenician,projected:devanagari,projected:gurmukhi,projected:devanagari,projected:perso-arabic,projected:khudawadi,projected:syriac,projected:tamil,projected:telugu,projected:perso-arabic
ASM_DH,DH,asm,projected:perso-arabic,projected:aramaic,projected:bengali,projected:bengali,projected:perso-arabic,projected:gujarati,projected:hebrew,authored,projected:kannada,projected:sharada,projected:malayalam,projected:devanagari,projected:devanagari,projected:oriya,projected:devanagari,projected:perso-arabic,projected:perso-arabic,projected:phoenician,projected:devanagari,projected:gurmukhi,projected:devanagari,projected:perso-arabic,projected:khudawadi,projected:syriac,projected:tamil,projected:telugu,projected:perso-arabic
ASM_DL,DL,asm,projected:perso-arabic,projected:aramaic,projected:bengali,projected:bengali,projected:perso-arabic,projected:gujarati,projected:hebrew,authored,projected:kannada,projected:sharada,projected:malayalam,projected:devanagari,projected:devanagari,projected:oriya,projected:devanagari,projected:perso-arabic,projected:perso-arabic,projected:phoenician,projected:devanagari,projected:gurmukhi,projected:devanagari,projected:perso-arabic,projected:khudawadi,projected:syriac,projected:tamil,projected:telugu,projected:perso-arabic
ASM_DX,DX,asm,projected:perso-arabic,projected:aramaic,projected:bengali,projected:bengali,projected:perso-arabic,projected:gujarati,projected:hebrew,authored,projected:kannada,projected:sharada,projected:malayalam,projected:devanagari,projected:devanagari,projected:oriya,projected:devanagari,projected:perso-arabic,projected:perso-arabic,projected:phoenician,projected:devanagari,projected:gurmukhi,projected:devanagari,projected:perso-arabic,projected:khudawadi,projected:syriac,projected:tamil,projected:telugu,projected:perso-arabic
ASM_EAX,EAX,asm,projected:perso-arabic,projected:aramaic,projected:bengali,projected:bengali,projected:perso-arabic,projected:gujarati,projected:hebrew,authored,projected:kannada,projected:sharada,projected:malayalam,projected:devanagari,projected:devanagari,projected:oriya,projected:devanagari,projected:perso-arabic,projected:perso-arabic,projected:phoenician,projected:devanagari,projected:gurmukhi,projected:devanagari,projected:perso-arabic,projected:khudawadi,projected:syriac,projected:tamil,projected:telugu,projected:perso-arabic
ASM_EBX,EBX,asm,projected:perso-arabic,projected:aramaic,projected:bengali,projected:bengali,projected:perso-arabic,projected:gujarati,projected:hebrew,authored,projected:kannada,projected:sharada,projected:malayalam,projected:devanagari,projected:devanagari,projected:oriya,projected:devanagari,projected:perso-arabic,projected:perso-arabic,projected:phoenician,projected:devanagari,projected:gurmukhi,projected:devanagari,projected:perso-arabic,projected:khudawadi,projected:syriac,projected:tamil,projected:telugu,projected:perso-arabic
ASM_ECX,ECX,asm,projected:perso-arabic,projected:aramaic,projected:bengali,projected:bengali,projected:perso-arabic,projected:gujarati,projected:hebrew,authored,projected:kannada,projected:sharada,projected:malayalam,projected:devanagari,projected:devanagari,projected:oriya,projected:devanagari,projected:perso-arabic,projected:perso-arabic,projected:phoenician,projected:devanagari,projected:gurmukhi,projected:devanagari,projected:perso-arabic,projected:khudawadi,projected:syriac,projected:tamil,projected:telugu,projected:perso-arabic
ASM_EDX,EDX,asm,projected:perso-arabic,projected:aramaic,projected:bengali,projected:bengali,projected:perso-arabic,projected:gujarati,projected:hebrew,authored,projected:kannada,projected:sharada,projected:malayalam,projected:devanagari,projected:devanagari,projected:oriya,projected:devanagari,projected:perso-arabic,projected:perso-arabic,projected:phoenician,projected:devanagari,projected:gurmukhi,projected:devanagari,projected:perso-arabic,projected:khudawadi,projected:syriac,projected:tamil,projected:telugu,projected:perso-arabic
ASM_EBP,EBP,asm,projected:perso-arabic,projected:aramaic,projected:bengali,projected:bengali,projected:perso-arabic,projected:gujarati,projected:hebrew,authored,projected:kannada,projected:sharada,projected:malayalam,projected:devanagari,projected:devanagari,projected:oriya,projected:devanagari,projected:perso-arabic,projected:perso-arabic,projected:phoenician,projected:devanagari,projected:gurmukhi,projected:devanagari,projected:perso-arabic,projected:khudawadi,projected:syriac,projected:tamil,projected:telugu,projected:perso-arabic
ASM_EIP,EIP,asm,projected:perso-arabic,projected:aramaic,projected:bengali,projected:bengali,projected:perso-arabic,projected:gujarati,projected:hebrew,authored,projected:kannada,projected:sharada,projected:malayalam,projected:devanagari,projected:devanagari,projected:oriya,projected:devanagari,projected:perso-arabic,projected:perso-arabic,projected:phoenician,projected:devanagari,projected:gurmukhi,projected:devanagari,projected:perso-arabic,projected:khudawadi,projected:syriac,projected:tamil,projected:telugu,projected:perso-arabic
ASM_EDI,EDI,asm,projected:perso-arabic,projected:aramaic,projected:bengali,projected:bengali,projected:perso-arabic,projected:gujarati,projected:hebrew,authored,projected:kannada,projected:sharada,projected:malayalam,projected:devanagari,projected:devanagari,projected:oriya,projected:devanagari,projected:perso-arabic,projected:perso-arabic,projected:phoenician,projected:devanagari,projected:gurmukhi,projected:devanagari,projected:perso-arabic,projected:khudawadi,projected:syriac,projected:tamil,projected:telugu,projected:perso-arabic
ASM_ESI,ESI,asm,projected:perso-arabic,projected:aramaic,projected:bengali,projected:bengali,projected:perso-arabic,projected:gujarati,projected:hebrew,authored,projected:kannada,projected:sharada,projected:malayalam,projected:devanagari,projected:devanagari,projected:oriya,projected:devanagari,projected:perso-arabic,projected:perso-arabic,projected:phoenician,projected:devanagari,projected:gurmukhi,projected:devanagari,projected:perso-arabic,projected:khudawadi,projected:syriac,projected:tamil,projected:telugu,projected:perso-arabic
ASM_BP,BP,asm,projected:perso-arabic,projected:aramaic,projected:bengali,projected:bengali,projected:perso-arabic,projected:gujarati,projected:hebrew,authored,projected:kannada,projected:sharada,projected:malayalam,projected:devanagari,projected:devanagari,projected:oriya,projected:devanagari,projected:perso-arabic,projected:perso-arabic,projected:phoenician,projected:devanagari,projected:gurmukhi,projected:devanagari,projected:perso-arabic,projected:khudawadi,projected:syriac,projected:tamil,projected:telugu,projected:perso-arabic
ASM_IP,IP,asm,projected:perso-arabic,projected:aramaic,projected:bengali,projected:bengali,projected:perso-arabic,projected:gujarati,projected:hebrew,authored,projected:kannada,projected:sharada,projected:malayalam,projected:devanagari,projected:devanagari,projected:oriya,projected:devanagari,projected:perso-arabic,projected:perso-arabic,projected:phoenician,projected:devanagari,projected:gurmukhi,projected:devanagari,projected:perso-arabic,projected:khudawadi,projected:syriac,projected:tamil,projected:telugu,projected:perso-arabic
ASM_SP,SP,asm,projected:perso-arabic,projected:aramaic,projected:bengali,projected:bengali,projected:perso-arabic,projected:gujarati,projected:hebrew,authored,projected:kannada,projected:sharada,projected:malayalam,projected:devanagari,projected:devanagari,projected:oriya,projected:devanagari,projected:perso-arabic,projected:perso-arabic,projected:phoenician,projected:devanagari,projected:gurmukhi,projected:devanagari,projected:perso-arabic,projected:khudawadi,projected:syriac,projected:tamil,projected:telugu,projected:perso-arabic
ASM_CS,CS,asm,projected:perso-arabic,projected:aramaic,projected:bengali,projected:bengali,projected:perso-arabic,projected:gujarati,projected:hebrew,authored,projected:kannada,projected:sharada,projected:malayalam,projected:devanagari,projected:devanagari,projected:oriya,projected:devanagari,projected:perso-arabic,projected:perso-arabic,projected:phoenician,projected:devanagari,projected:gurmukhi,projected:devanagari,projected:perso-arabic,projected:khudawadi,projected:syriac,projected:tamil,projected:telugu,projected:perso-arabic
ASM_DS,DS,asm,projected:perso-arabic,projected:aramaic,projected:bengali,projected:bengali,projected:perso-arabic,projected:gujarati,projected:hebrew,authored,projected:kannada,projected:sharada,projected:malayalam,projected:devanagari,projected:devanagari,projected:oriya,projected:devanagari,projected:perso-arabic,projected:perso-arabic,projected:phoenician,projected:devanagari,projected:gurmukhi,projected:devanagari,projected:perso-arabic,projected:khudawadi,projected:syriac,projected:tamil,projected:telugu,projected:perso-arabic
ASM_ES,ES,asm,projected:perso-arabic,projected:aramaic,projected:bengali,projected:bengali,projected:perso-arabic,projected:gujarati,projected:hebrew,authored,projected:kannada,projected:sharada,projected:malayalam,projected:devanagari,projected:devanagari,projected:oriya,projected:devanagari,projected:perso-arabic,projected:perso-arabic,projected:phoenician,projected:devanagari,projected:gurmukhi,projected:devanagari,projected:perso-arabic,projected:khudawadi,projected:syriac,projected:tamil,projected:telugu,projected:perso-arabic
ASM_FS,FS,asm,projected:perso-arabic,projected:aramaic,projected:bengali,projected:bengali,projected:perso-arabic,projected:gujarati,projected:hebrew,authored,projected:kannada,projected:sharada,projected:malayalam,projected:devanagari,projected:devanagari,projected:oriya,projected:devanagari,projected:perso-arabic,projected:perso-arabic,projected:phoenician,projected:devanagari,projected:gurmukhi,projected:devanagari,projected:perso-arabic,projected:khudawadi,projected:syriac,projected:tamil,projected:telugu,projected:perso-arabic
ASM_GS,GS,asm,projected:perso-arabic,projected:aramaic,projected:bengali,projected:bengali,projected:perso-arabic,projected:gujarati,projected:hebrew,authored,projected:kannada,projected:sharada,projected:malayalam,projected:devanagari,projected:devanagari,projected:oriya,projected:devanagari,projected:perso-arabic,projected:perso-arabic,projected:phoenician,projected:devanagari,projected:gurmukhi,projected:devanagari,projected:perso-arabic,projected:khudawadi,projected:syriac,projected:tamil,projected:telugu,projected:perso-arabic
ASM_SS,SS,asm,projected:perso-arabic,projected:aramaic,projected:bengali,projected:bengali,projected:perso-arabic,projected:gujarati,projected:hebrew,authored,projected:kannada,projected:sharada,projected:malayalam,projected:devanagari,projected:devanagari,projected:oriya,projected:devanagari,projected:perso-arabic,projected:perso-arabic,projected:phoenician,projected:devanagari,projected:gurmukhi,projected:devanagari,projected:perso-arabic,projected:khudawadi,projected:syriac,projected:tamil,projected:telugu,projected:perso-arabic
ASM_DI,DI,asm,projected:perso-arabic,projected:aramaic,projected:bengali,projected:bengali,projected:perso-arabic,projected:gujarati,projected:hebrew,authored,projected:kannada,projected:sharada,projected:malayalam,projected:devanagari,projected:devanagari,projected:oriya,projected:devanagari,projected:perso-arabic,projected:perso-arabic,projected:phoenician,projected:devanagari,projected:gurmukhi,projected:devanagari,projected:perso-arabic,projected:khudawadi,projected:syriac,projected:tamil,projected:telugu,projected:perso-arabic
ASM_SI,SI,asm,projected:perso-arabic,projected:aramaic,projected:bengali,projected:bengali,projected:perso-arabic,projected:gujarati,projected:hebrew,authored,projected:kannada,projected:sharada,projected:malayalam,projected:devanagari,projected:devanagari,projected:oriya,projected:devanagari,projected:perso-arabic,projected:perso-arabic,projected:phoenician,projected:devanagari,projected:gurmukhi,projected:devanagari,projected:perso-arabic,projected:khudawadi,projected:syriac,projected:tamil,projected:telugu,projected:perso-arabic
ASM_AND,AND,asm,projected:perso-arabic,projected:aramaic,projected:bengali,projected:bengali,projected:perso-arabic,projected:gujarati,projected:hebrew,authored,projected:kannada,projected:sharada,projected:malayalam,projected:devanagari,projected:devanagari,projected:oriya,projected:devanagari,projected:perso-arabic,projected:perso-arabic,projected:phoenician,projected:devanagari,projected:gurmukhi,projected:devanagari,projected:perso-arabic,projected:khudawadi,projected:syriac,projected:tamil,projected:telugu,projected:perso-arabic
ASM_BYTE,BYTE,asm,projected:perso-arabic,projected:aramaic,projected:bengali,projected:bengali,projected:perso-arabic,projected:gujarati,projected:hebrew,authored,projected:kannada,projected:sharada,projected:malayalam,projected:devanagari,projected:devanagari,projected:oriya,projected:devanagari,projected:perso-arabic,projected:perso-arabic,projected:phoenician,projected:devanagari,projected:gurmukhi,projected:devanagari,projected:perso-arabic,projected:khudawadi,projected:syriac,projected:tamil,projected:telugu,projected:perso-arabic
ASM_COMMENT,COMMENT,asm,projected:perso-arabic,projected:aramaic,projected:bengali,projected:bengali,projected:perso-arabic,projected:gujarati,projected:hebrew,authored,projected:kannada,projected:sharada,projected:malayalam,projected:devanagari,projected:devanagari,projected:oriya,projected:devanagari,projected:perso-arabic,projected:perso-arabic,projected:phoenician,projected:devanagari,projected:gurmukhi,projected:devanagari,projected:perso-arabic,projected:khudawadi,projected:syriac,projected:tamil,projected:telugu,projected:perso-arabic
ASM_CON,CON,asm,romanised:romenagri,romanised:romenagri,,,romanised:romenagri,,romanised:romenagri,,,,,,,,,romanised:romenagri,romanised:romenagri,romanised:romenagri,,,,romanised:romenagri,,romanised:romenagri,,,romanised:romenagri
ASM_DUP,DUP,asm,romanised:romenagri,romanised:romenagri,,,romanised:romenagri,,romanised:romenagri,,,,,,,,,romanised:romenagri,romanised:romenagri,romanised:romenagri,,,,romanised:romenagri,,romanised:romenagri,,,romanised:romenagri
ASM_EQ,EQ,asm,projected:perso-arabic,projected:aramaic,projected:bengali,projected:bengali,projected:perso-arabic,projected:gujarati,projected:hebrew,authored,projected:kannada,projected:sharada,projected:malayalam,projected:devanagari,projected:devanagari,projected:oriya,projected:devanagari,projected:perso-arabic,projected:perso-arabic,projected:phoenician,projected:devanagari,projected:gurmukhi,projected:devanagari,projected:perso-arabic,projected:khudawadi,projected:syriac,projected:tamil,projected:telugu,projected:perso-arabic
ASM_FAR,FAR,asm,projected:perso-arabic,projected:aramaic,projected:bengali,projected:bengali,projected:perso-arabic,projected:gujarati,projected:hebrew,authored,projected:kannada,projected:sharada,projected:malayalam,projected:devanagari,projected:devanagari,projected:oriya,projected:devanagari,projected:perso-arabic,projected:perso-arabic,projected:phoenician,projected:devanagari,projected:gurmukhi,projected:devanagari,projected:perso-arabic,projected:khudawadi,projected:syriac,projected:tamil,projected:telugu,projected:perso-arabic
ASM_GE,GE,asm,projected:perso-arabic,projected:aramaic,projected:bengali,projected:bengali,projected:perso-arabic,projected:gujarati,projected:hebrew,authored,projected:kannada,projected:sharada,projected:malayalam,projected:devanagari,projected:devanagari,projected:oriya,projected:devanagari,projected:perso-arabic,projected:perso-arabic,projected:phoenician,projected:devanagari,projected:gurmukhi,projected:devanagari,projected:perso-arabic,projected:khudawadi,projected:syriac,projected:tamil,projected:telugu,projected:perso-arabic
ASM_GT,GT,asm,projected:perso-arabic,projected:aramaic,projected:bengali,projected:bengali,projected:perso-arabic,projected:gujarati,projected:hebrew,authored,projected:kannada,projected:sharada,projected:malayalam,projected:devanagari,projected:devanagari,projected:oriya,projected:devanagari,projected:perso-arabic,projected:perso-arabic,projected:phoenician,projected:devanagari,projected:gurmukhi,projected:devanagari,projected:perso-arabic,projected:khudawadi,projected:syriac,projected:tamil,projected:telugu,projected:perso-arabic
ASM_HIGH,HIGH,asm,projected:perso-arabic,projected:aramaic,projected:bengali,projected:bengali,projected:perso-arabic,projected:gujarati,projected:hebrew,authored,projected:kannada,projected:sharada,projected:malayalam,projected:devanagari,projected:devanagari,projected:oriya,projected:devanagari,projected:perso-arabic,projected:perso-arabic,projected:phoenician,projected:devanagari,projected:gurmukhi,projected:devanagari,projected:perso-arabic,projected:khudawadi,projected:syriac,projected:tamil,projected:telugu,projected:perso-arabic
ASM_LE,LE,asm,projected:perso-arabic,projected:aramaic,projected:bengali,projected:bengali,projected:perso-arabic,projected:gujarati,projected:hebrew,authored,projected:kannada,projected:sharada,projected:malayalam,projected:devanagari,projected:devanagari,projected:oriya,projected:devanagari,projected:perso-arabic,projected:perso-arabic,projected:phoenician,projected:devanagari,projected:gurmukhi,projected:devanagari,projected:perso-arabic,projected:khudawadi,projected:syriac,projected:tamil,projected:telugu,projected:perso-arabic
ASM_LENGTH,LENGTH,asm,projected:perso-arabic,projected:aramaic,projected:bengali,projected:bengali,projected:perso-arabic,projected:gujarati,projected:hebrew,authored,projected:kannada,projected:sharada,projected:malayalam,projected:devanagari,projected:devanagari,projected:oriya,projected:devanagari,projected:perso-arabic,projected:perso-arabic,projected:phoenician,projected:devanagari,projected:gurmukhi,projected:devanagari,projected:perso-arabic,projected:khudawadi,projected:syriac,projected:tamil,projected:telugu,projected:perso-arabic
ASM_LINE,LINE,asm,projected:perso-arabic,projected:aramaic,projected:bengali,projected:bengali,projected:perso-arabic,projected:gujarati,projected:hebrew,authored,projected:kannada,projected:sharada,projected:malayalam,projected:devanagari,projected:devanagari,projected:oriya,projected:devanagari,projected:perso-arabic,projected:perso-arabic,projected:phoenician,projected:devanagari,projected:gurmukhi,projected:devanagari,projected:perso-arabic,projected:khudawadi,projected:syriac,projected:tamil,projected:telugu,projected:perso-arabic
ASM_LOW,LOW,asm,projected:perso-arabic,projected:aramaic,projected:bengali,projected:bengali,projected:perso-arabic,projected:gujarati,projected:hebrew,authored,projected:kannada,projected:sharada,projected:malayalam,projected:devanagari,projected:devanagari,projected:oriya,projected:devanagari,projected:perso-arabic,projected:perso-arabic,projected:phoenician,projected:devanagari,projected:gurmukhi,projected:devanagari,projected:perso-arabic,projected:khudawadi,projected:syriac,projected:tamil,projected:telugu,projected:perso-arabic
ASM_LT,LT,asm,projected:perso-arabic,projected:aramaic,projected:bengali,projected:bengali,projected:perso-arabic,projected:gujarati,projected:hebrew,authored,projected:kannada,projected:sharada,projected:malayalam,projected:devanagari,projected:devanagari,projected:oriya,projected:devanagari,projected:perso-arabic,projected:perso-arabic,projected:phoenician,projected:devanagari,projected:gurmukhi,projected:devanagari,projected:perso-arabic,projected:khudawadi,projected:syriac,projected:tamil,projected:telugu,projected:perso-arabic
ASM_MASK,MASK,asm,projected:perso-arabic,projected:aramaic,projected:bengali,projected:bengali,projected:perso-arabic,projected:gujarati,projected:hebrew,authored,projected:kannada,projected:sharada,projected:malayalam,projected:devanagari,projected:devanagari,projected:oriya,projected:devanagari,projected:perso-arabic,projected:perso-arabic,projected:phoenician,projected:devanagari,projected:gurmukhi,projected:devanagari,projected:perso-arabic,projected:khudawadi,projected:syriac,projected:tamil,projected:telugu,projected:perso-arabic
ASM_MOD,MOD,asm,projected:perso-arabic,projected:aramaic,projected:bengali,projected:bengali,projected:perso-arabic,projected:gujarati,projected:hebrew,authored,projected:kannada,projected:sharada,projected:malayalam,projected:devanagari,projected:devanagari,projected:oriya,projected:devanagari,projected:perso-arabic,projected:perso-arabic,projected:phoenician,projected:devanagari,projected:gurmukhi,projected:devanagari,projected:perso-arabic,projected:khudawadi,projected:syriac,projected:tamil,projected:telugu,projected:perso-arabic
ASM_NE,NE,asm,projected:perso-arabic,projected:aramaic,projected:bengali,projected:bengali,projected:perso-arabic,projected:gujarati,projected:hebrew,authored,projected:kannada,projected:sharada,projected:malayalam,projected:devanagari,projected:devanagari,projected:oriya,projected:devanagari,projected:perso-arabic,projected:perso-arabic,projected:phoenician,projected:devanagari,projected:gurmukhi,projected:devanagari,projected:perso-arabic,projected:khudawadi,projected:syriac,projected:tamil,projected:telugu,projected:perso-arabic
ASM_NEAR,NEAR,asm,projected:perso-arabic,projected:aramaic,projected:bengali,projected:bengali,projected:perso-arabic,projected:gujarati,projected:hebrew,authored,projected:kannada,projected:sharada,projected:malayalam,projected:devanagari,projected:devanagari,projected:oriya,projected:devanagari,projected:perso-arabic,projected:perso-arabic,projected:phoenician,projected:devanagari,projected:gurmukhi,projected:devanagari,projected:perso-arabic,projected:khudawadi,projected:syriac,projected:tamil,projected:telugu,projected:perso-arabic
ASM_NOT,NOT,asm,projected:perso-arabic,projected:aramaic,projected:bengali,projected:bengali,projected:perso-arabic,projected:gujarati,projected:hebrew,authored,projected:kannada,projected:sharada,projected:malayalam,projected:devanagari,projected:devanagari,projected:oriya,projected:devanagari,projected:perso-arabic,projected:perso-arabic,projected:phoenician,projected:devanagari,projected:gurmukhi,projected:devanagari,projected:perso-arabic,projected:khudawadi,projected:syriac,projected:tamil,projected:telugu,projected:perso-arabic
ASM_NOTHING,NOTHING,asm,projected:perso-arabic,projected:aramaic,projected:bengali,projected:bengali,projected:perso-arabic,projected:gujarati,projected:hebrew,authored,projected:kannada,projected:sharada,projected:malayalam,projected:devanagari,projected:devanagari,projected:oriya,projected:devanagari,projected:perso-arabic,projected:perso-arabic,projected:phoenician,projected:devanagari,projected:gurmukhi,projected:devanagari,projected:perso-arabic,projected:khudawadi,projected:syriac,projected:tamil,projected:telugu,projected:perso-arabic
ASM_OFFSET,OFFSET,asm,projected:perso-arabic,projected:aramaic,projected:bengali,projected:bengali,projected:perso-arabic,projected:gujarati,projected:hebrew,authored,projected:kannada,projected:sharada,projected:malayalam,projected:devanagari,projected:devanagari,projected:oriya,projected:devanagari,projected:perso-arabic,projected:perso-arabic,projected:phoenician,projected:devanagari,projected:gurmukhi,projected:devanagari,projected:perso-arabic,projected:khudawadi,projected:syriac,projected:tamil,projected:telugu,projected:perso-arabic
ASM_OR,OR,asm,projected:perso-arabic,projected:aramaic,projected:bengali,projected:bengali,projected:perso-arabic,projected:gujarati,projected:hebrew,authored,projected:kannada,projected:sharada,projected:malayalam,projected:devanagari,projected:devanagari,projected:oriya,projected:devanagari,projected:perso-arabic,projected:perso-arabic,projected:phoenician,projected:devanagari,projected:gurmukhi,projected:devanagari,projected:perso-arabic,projected:khudawadi,projected:syriac,projected:tamil,projected:telugu,projected:perso-arabic
ASM_PTR,PTR,asm,projected:perso-arabic,projected:aramaic,projected:bengali,projected:bengali,projected:perso-arabic,projected:gujarati,projected:hebrew,authored,projected:kannada,projected:sharada,projected:malayalam,projected:devanagari,projected:devanagari,projected:oriya,projected:devanagari,projected:perso-arabic,projected:perso-arabic,projected:phoenician,projected:devanagari,projected:gurmukhi,projected:devanagari,projected:perso-arabic,projected:khudawadi,projected:syriac,projected:tamil,projected:telugu,projected:perso-arabic
ASM_SEG,SEG,asm,projected:perso-arabic,projected:aramaic,projected:bengali,projected:bengali,projected:perso-arabic,projected:gujarati,projected:hebrew,authored,projected:kannada,projected:sharada,projected:malayalam,projected:devanagari,projected:devanagari,projected:oriya,projected:devanagari,projected:perso-arabic,projected:perso-arabic,projected:phoenician,projected:devanagari,projected:gurmukhi,projected:devanagari,projected:perso-arabic,projected:khudawadi,projected:syriac,projected:tamil,projected:telugu,projected:perso-arabic
ASM_SHORT,SHORT,asm,projected:perso-arabic,projected:aramaic,projected:bengali,projected:bengali,projected:perso-arabic,projected:gujarati,projected:hebrew,authored,projected:kannada,projected:sharada,projected:malayalam,projected:devanagari,projected:devanagari,projected:oriya,projected:devanagari,projected:perso-arabic,projected:perso-arabic,projected:phoenician,projected:devanagari,projected:gurmukhi,projected:devanagari,projected:perso-arabic,projected:khudawadi,projected:syriac,projected:tamil,projected:telugu,projected:perso-arabic
ASM_SIZE,SIZE,asm,projected:perso-arabic,projected:aramaic,projected:bengali,projected:bengali,projected:perso-arabic,projected:gujarati,projected:hebrew,authored,projected:kannada,projected:sharada,projected:malayalam,projected:devanagari,projected:devanagari,projected:oriya,projected:devanagari,projected:perso-arabic,projected:perso-arabic,projected:phoenician,projected:devanagari,projected:gurmukhi,projected:devanagari,projected:perso-arabic,projected:khudawadi,projected:syriac,projected:tamil,projected:telugu,projected:perso-arabic
ASM_STACK,STACK,asm,projected:perso-arabic,projected:aramaic,projected:bengali,projected:bengali,projected:perso-arabic,projected:gujarati,projected:hebrew,authored,projected:kannada,projected:sharada,projected:malayalam,projected:devanagari,projected:devanagari,projected:oriya,projected:devanagari,projected:perso-arabic,projected:perso-arabic,projected:phoenician,projected:devanagari,projected:gurmukhi,projected:devanagari,projected:perso-arabic,projected:khudawadi,projected:syriac,projected:tamil,projected:telugu,projected:perso-arabic
ASM_THIS,THIS,asm,projected:perso-arabic,projected:aramaic,projected:bengali,projected:bengali,projected:perso-arabic,projected:gujarati,projected:hebrew,authored,projected:kannada,projected:sharada,projected:malayalam,projected:devanagari,projected:devanagari,projected:oriya,projected:devanagari,projected:perso-arabic,projected:perso-arabic,projected:phoenician,projected:devanagari,projected:gurmukhi,projected:devanagari,projected:perso-arabic,projected:khudawadi,projected:syriac,projected:tamil,projected:telugu,projected:perso-arabic
ASM_TYPE,TYPE,asm,projected:perso-arabic,projected:aramaic,projected:bengali,projected:bengali,projected:perso-arabic,projected:gujarati,projected:hebrew,authored,projected:kannada,projected:sharada,projected:malayalam,projected:devanagari,projected:devanagari,projected:oriya,projected:devanagari,projected:perso-arabic,projected:perso-arabic,projected:phoenician,projected:devanagari,projected:gurmukhi,projected:devanagari,projected:perso-arabic,projected:khudawadi,projected:syriac,projected:tamil,projected:telugu,projected:perso-arabic
ASM_WHILE,WHILE,asm,projected:perso-arabic,projected:aramaic,projected:bengali,projected:bengali,projected:perso-arabic,projected:gujarati,projected:hebrew,authored,projected:kannada,projected:sharada,projected:malayalam,projected:devanagari,projected:devanagari,projected:oriya,projected:devanagari,projected:perso-arabic,projected:perso-arabic,projected:phoenician,projected:devanagari,projected:gurmukhi,projected:devanagari,projected:perso-arabic,projected:khudawadi,projected:syriac,projected:tamil,projected:telugu,projected:perso-arabic
ASM_WIDTH,WIDTH,asm,projected:perso-arabic,projected:aramaic,projected:bengali,projected:bengali,projected:perso-arabic,projected:gujarati,projected:hebrew,authored,projected:kannada,projected:sharada,projected:malayalam,projected:devanagari,projected:devanagari,projected:oriya,projected:devanagari,projected:perso-arabic,projected:perso-arabic,projected:phoenician,projected:devanagari,projected:gurmukhi,projected:devanagari,projected:perso-arabic,projected:khudawadi,projected:syriac,projected:tamil,projected:telugu,projected:perso-arabic
ASM_WORD,WORD,asm,projected:perso-arabic,projected:aramaic,projected:bengali,projected:bengali,projected:perso-arabic,projected:gujarati,projected:hebrew,authored,projected:kannada,projected:sharada,projected:malayalam,projected:devanagari,projected:devanagari,projected:oriya,projected:devanagari,projected:perso-arabic,projected:perso-arabic,projected:phoenician,projected:devanagari,projected:gurmukhi,projected:devanagari,projected:perso-arabic,projected:khudawadi,projected:syriac,projected:tamil,projected:telugu,projected:perso-arabic
ASM_XOR,XOR,asm,projected:perso-arabic,projected:aramaic,projected:bengali,projected:bengali,projected:perso-arabic,projected:gujarati,projected:hebrew,authored,projected:kannada,projected:sharada,projected:malayalam,projected:devanagari,projected:devanagari,projected:oriya,projected:devanagari,projected:perso-arabic,projected:perso-arabic,projected:phoenician,projected:devanagari,projected:gurmukhi,projected:devanagari,projected:perso-arabic,projected:khudawadi,projected:syriac,projected:tamil,projected:telugu,projected:perso-arabic
ASM_ALIGN,ALIGN,asm,projected:perso-arabic,projected:aramaic,projected:bengali,projected:bengali,projected:perso-arabic,projected:gujarati,projected:hebrew,authored,projected:kannada,projected:sharada,projected:malayalam,projected:devanagari,projected:devanagari,projected:oriya,projected:devanagari,projected:perso-arabic,projected:perso-arabic,projected:phoenician,projected:devanagari,projected:gurmukhi,projected:devanagari,projected:perso-arabic,projected:khudawadi,projected:syriac,projected:tamil,projected:telugu,projected:perso-arabic
ASM__ALPHA,.ALPHA,asm,projected:perso-arabic,projected:aramaic,projected:bengali,projected:bengali,projected:perso-arabic,projected:gujarati,projected:hebrew,authored,projected:kannada,projected:sharada,projected:malayalam,projected:devanagari,projected:devanagari,projected:oriya,projected:devanagari,projected:perso-arabic,projected:perso-arabic,projected:phoenician,projected:devanagari,projected:gurmukhi,projected:devanagari,projected:perso-arabic,projected:khudawadi,projected:syriac,projected:tamil,projected:telugu,projected:perso-arabic
ASM_ASSUME,ASSUME,asm,projected:perso-arabic,projected:aramaic,projected:bengali,projected:bengali,projected:perso-arabic,projected:gujarati,projected:hebrew,authored,projected:kannada,projected:sharada,projected:malayalam,projected:devanagari,projected:devanagari,projected:oriya,projected:devanagari,projected:perso-arabic,projected:perso-arabic,projected:phoenician,projected:devanagari,projected:gurmukhi,projected:devanagari,projected:perso-arabic,projected:khudawadi,projected:syriac,projected:tamil,projected:telugu,projected:perso-arabic
ASM__CODE,.CODE,asm,projected:perso-arabic,projected:aramaic,projected:bengali,projected:bengali,projected:perso-arabic,projected:gujarati,projected:hebrew,authored,projected:kannada,projected:sharada,projected:malayalam,projected:devanagari,projected:devanagari,projected:oriya,projected:devanagari,projected:perso-arabic,projected:perso-arabic,projected:phoenician,projected:devanagari,projected:gurmukhi,projected:devanagari,projected:perso-arabic,projected:khudawadi,projected:syriac,projected:tamil,projected:telugu,projected:perso-arabic
ASM_COMM,COMM,asm,projected:perso-arabic,projected:aramaic,projected:bengali,projected:bengali,projected:perso-arabic,projected:gujarati,projected:hebrew,authored,projected:kannada,projected:sharada,projected:malayalam,projected:devanagari,projected:devanagari,projected:oriya,projected:devanagari,projected:perso-arabic,projected:perso-arabic,projected:phoenician,projected:devanagari,projected:gurmukhi,projected:devanagari,projected:perso-arabic,projected:khudawadi,projected:syriac,projected:tamil,projected:telugu,projected:perso-arabic
ASM__CONST,.CONST,asm,projected:perso-arabic,projected:aramaic,projected:bengali,projected:bengali,projected:perso-arabic,projected:gujarati,projected:hebrew,authored,projected:kannada,projected:sharada,projected:malayalam,projected:devanagari,projected:devanagari,projected:oriya,projected:devanagari,projected:perso-arabic,projected:perso-arabic,projected:phoenician,projected:devanagari,projected:gurmukhi,projected:devanagari,projected:perso-arabic,projected:khudawadi,projected:syriac,projected:tamil,projected:telugu,projected:perso-arabic
ASM__CREF,.CREF,asm,projected:perso-arabic,projected:aramaic,projected:bengali,projected:bengali,projected:perso-arabic,projected:gujarati,projected:hebrew,authored,projected:kannada,projected:sharada,projected:malayalam,projected:devanagari,projected:devanagari,projected:oriya,projected:devanagari,projected:perso-arabic,projected:perso-arabic,projected:phoenician,projected:devanagari,projected:gurmukhi,projected:devanagari,projected:perso-arabic,projected:khudawadi,projected:syriac,projected:tamil,projected:telugu,projected:perso-arabic
ASM__DATA,.DATA,asm,projected:perso-arabic,projected:aramaic,projected:bengali,projected:bengali,projected:perso-arabic,projected:gujarati,projected:hebrew,authored,projected:kannada,projected:sharada,projected:malayalam,projected:devanagari,projected:devanagari,projected:oriya,projected:devanagari,projected:perso-arabic,projected:perso-arabic,projected:phoenician,projected:devanagari,projected:gurmukhi,projected:devanagari,projected:perso-arabic,projected:khudawadi,projected:syriac,projected:tamil,projected:telugu,projected:perso-arabic
ASM_DB,DB,asm,projected:perso-arabic,projected:aramaic,projected:bengali,projected:bengali,projected:perso-arabic,projected:gujarati,projected:hebrew,authored,projected:kannada,projected:sharada,projected:malayalam,projected:devanagari,projected:devanagari,projected:oriya,projected:devanagari,projected:perso-arabic,projected:perso-arabic,projected:phoenician,projected:devanagari,projected:gurmukhi,projected:devanagari,projected:perso-arabic,projected:khudawadi,projected:syriac,projected:tamil,projected:telugu,projected:perso-arabic
ASM_DWORD,DWORD,asm,projected:perso-arabic,projected:aramaic,projected:bengali,projected:bengali,projected:perso-arabic,projected:gujarati,projected:hebrew,authored,projected:kannada,projected:sharada,projected:malayalam,projected:devanagari,projected:devanagari,projected:oriya,projected:devanagari,projected:perso-arabic,projected:perso-arabic,projected:phoenician,projected:devanagari,projected:gurmukhi,projected:devanagari,projected:perso-arabic,projected:khudawadi,projected:syriac,projected:tamil,projected:telugu,projected:perso-arabic
ASM_DD,DD,asm,projected:perso-arabic,projected:aramaic,projected:bengali,projected:bengali,projected:perso-arabic,projected:gujarati,projected:hebrew,authored,projected:kannada,projected:sharada,projected:malayalam,projected:devanagari,projected:devanagari,projected:oriya,projected:devanagari,projected:perso-arabic,projected:perso-arabic,projected:phoenician,projected:devanagari,projected:gurmukhi,projected:devanagari,projected:perso-arabic,projected:khudawadi,projected:syriac,projected:tamil,projected:telugu,projected:perso-arabic
ASM_DF,DF,asm,projected:perso-arabic,projected:aramaic,projected:bengali,projected:bengali,projected:perso-arabic,projected:gujarati,projected:hebrew,authored,projected:kannada,projected:sharada,projected:malayalam,projected:devanagari,projected:devanagari,projected:oriya,projected:devanagari,projected:perso-arabic,projected:perso-arabic,projected:phoenician,projected:devanagari,projected:gurmukhi,projected:devanagari,projected:perso-arabic,projected:khudawadi,projected:syriac,projected:tamil,projected:telugu,projected:perso-arabic
ASM_FWORD,FWORD,asm,projected:perso-arabic,projected:aramaic,projected:bengali,projected:bengali,projected:perso-arabic,projected:gujarati,projected:hebrew,authored,projected:kannada,projected:sharada,projected:malayalam,projected:devanagari,projected:devanagari,projected:oriya,projected:devanagari,projected:perso-arabic,projected:perso-arabic,projected:phoenician,projected:devanagari,projected:gurmukhi,projected:devanagari,projected:perso-arabic,projected:khudawadi,projected:syriac,projected:tamil,projected:telugu,projected:perso-arabic
ASM_DOSSEG,DOSSEG,asm,projected:perso-arabic,projected:aramaic,projected:bengali,projected:bengali,projected:perso-arabic,projected:gujarati,projected:hebrew,authored,projected:kannada,projected:sharada,projected:malayalam,projected:devanagari,projected:devanagari,projected:oriya,projected:devanagari,projected:perso-arabic,projected:perso-arabic,projected:phoenician,projected:devanagari,projected:gurmukhi,projected:devanagari,projected:perso-arabic,projected:khudawadi,projected:syriac,projected:tamil,projected:telugu,projected:perso-arabic
ASM_QWORD,QWORD,asm,projected:perso-arabic,projected:aramaic,projected:bengali,projected:bengali,projected:perso-arabic,projected:gujarati,projected:hebrew,authored,projected:kannada,projected:sharada,projected:malayalam,projected:devanagari,projected:devanagari,projected:oriya,projected:devanagari,projected:perso-arabic,projected:perso-arabic,projected:phoenician,projected:devanagari,projected:gurmukhi,projected:devanagari,projected:perso-arabic,projected:khudawadi,projected:syriac,projected:tamil,projected:telugu,projected:perso-arabic
ASM_DQ,DQ,asm,projected:perso-arabic,projected:aramaic,projected:bengali,projected:bengali,projected:perso-arabic,projected:gujarati,projected:hebrew,authored,projected:kannada,projected:sharada,projected:malayalam,projected:devanagari,projected:devanagari,projected:oriya,projected:devanagari,projected:perso-arabic,projected:perso-arabic,projected:phoenician,projected:devanagari,projected:gurmukhi,projected:devanagari,projected:perso-arabic,projected:khudawadi,projected:syriac,projected:tamil,projected:telugu,projected:perso-arabic
ASM_DT,DT,asm,projected:perso-arabic,projected:aramaic,projected:bengali,projected:bengali,projected:perso-arabic,projected:gujarati,projected:hebrew,authored,projected:kannada,projected:sharada,projected:malayalam,projected:devanagari,projected:devanagari,projected:oriya,projected:devanagari,projected:perso-arabic,projected:perso-arabic,projected:phoenician,projected:devanagari,projected:gurmukhi,projected:devanagari,projected:perso-arabic,projected:khudawadi,projected:syriac,projected:tamil,projected:telugu,projected:perso-arabic
ASM_TWORD,TWORD,asm,projected:perso-arabic,projected:aramaic,projected:bengali,projected:bengali,projected:perso-arabic,projected:gujarati,projected:hebrew,authored,projected:kannada,projected:sharada,projected:malayalam,projected:devanagari,projected:devanagari,projected:oriya,projected:devanagari,projected:perso-arabic,projected:perso-arabic,projected:phoenician,projected:devanagari,projected:gurmukhi,projected:devanagari,projected:perso-arabic,projected:khudawadi,projected:syriac,projected:tamil,projected:telugu,projected:perso-arabic
ASM_DW,DW,asm,projected:perso-arabic,projected:aramaic,projected:bengali,projected:bengali,projected:perso-arabic,projected:gujarati,projected:hebrew,authored,projected:kannada,projected:sharada,projected:malayalam,projected:devanagari,projected:devanagari,projected:oriya,projected:devanagari,projected:perso-arabic,projected:perso-arabic,projected:phoenician,projected:devanagari,projected:gurmukhi,projected:devanagari,projected:perso-arabic,projected:khudawadi,projected:syriac,projected:tamil,projected:telugu,projected:perso-arabic
ASM_ELSE,ELSE,asm,projected:perso-arabic,projected:aramaic,projected:bengali,projected:bengali,projected:perso-arabic,projected:gujarati,projected:hebrew,authored,projected:kannada,projected:sharada,projected:malayalam,projected:devanagari,projected:devanagari,projected:oriya,projected:devanagari,projected:perso-arabic,projected:perso-arabic,projected:phoenician,projected:devanagari,projected:gurmukhi,projected:devanagari,projected:perso-arabic,projected:khudawadi,projected:syriac,projected:tamil,projected:telugu,projected:perso-arabic
ASM_END,END,asm,projected:perso-arabic,projected:aramaic,projected:bengali,projected:bengali,projected:perso-arabic,projected:gujarati,projected:hebrew,authored,projected:kannada,projected:sharada,projected:malayalam,projected:devanagari,projected:devanagari,projected:oriya,projected:devanagari,projected:perso-arabic,projected:perso-arabic,projected:phoenician,projected:devanagari,projected:gurmukhi,projected:devanagari,projected:perso-arabic,projected:khudawadi,projected:syriac,projected:tamil,projected:telugu,projected:perso-arabic
ASM_ENDIF,ENDIF,asm,projected:perso-arabic,projected:aramaic,projected:bengali,projected:bengali,projected:perso-arabic,projected:gujarati,projected:hebrew,authored,projected:kannada,projected:sharada,projected:malayalam,projected:devanagari,projected:devanagari,projected:oriya,projected:devanagari,projected:perso-arabic,projected:perso-arabic,projected:phoenician,projected:devanagari,projected:gurmukhi,projected:devanagari,projected:perso-arabic,projected:khudawadi,projected:syriac,projected:tamil,projected:telugu,projected:perso-arabic
ASM_ENDM,ENDM,asm,projected:perso-arabic,projected:aramaic,projected:bengali,projected:bengali,projected:perso-arabic,projected:gujarati,projected:hebrew,authored,projected:kannada,projected:sharada,projected:malayalam,projected:devanagari,projected:devanagari,projected:oriya,projected:devanagari,projected:perso-arabic,projected:perso-arabic,projected:phoenician,projected:devanagari,projected:gurmukhi,projected:devanagari,projected:perso-arabic,projected:khudawadi,projected:syriac,projected:tamil,projected:telugu,projected:perso-arabic
ASM_ENDP,ENDP,asm,projected:perso-arabic,projected:aramaic,projected:bengali,projected:bengali,projected:perso-arabic,projected:gujarati,projected:hebrew,authored,projected:kannada,projected:sharada,projected:malayalam,projected:devanagari,projected:devanagari,projected:oriya,projected:devanagari,projected:perso-arabic,projected:perso-arabic,projected:phoenician,projected:devanagari,projected:gurmukhi,projected:devanagari,projected:perso-arabic,projected:khudawadi,projected:syriac,projected:tamil,projected:telugu,projected:perso-arabic
ASM_ENDS,ENDS,asm,projected:perso-arabic,projected:aramaic,projected:bengali,projected:bengali,projected:perso-arabic,projected:gujarati,projected:hebrew,authored,projected:kannada,projected:sharada,projected:malayalam,projected:devanagari,projected:devanagari,projected:oriya,projected:devanagari,projected:perso-arabic,projected:perso-arabic,projected:phoenician,projected:devanagari,projected:gurmukhi,projected:devanagari,projected:perso-arabic,projected:khudawadi,projected:syriac,projected:tamil,projected:telugu,projected:perso-arabic
ASM_EQU,EQU,asm,projected:perso-arabic,projected:aramaic,projected:bengali,projected:bengali,projected:perso-arabic,projected:gujarati,projected:hebrew,authored,projected:kannada,projected:sharada,projected:malayalam,projected:devanagari,projected:devanagari,projected:oriya,projected:devanagari,projected:perso-arabic,projected:perso-arabic,projected:phoenician,projected:devanagari,projected:gurmukhi,projected:devanagari,projected:perso-arabic,projected:khudawadi,projected:syriac,projected:tamil,projected:telugu,projected:perso-arabic
ASM__ERR,.ERR,asm,projected:perso-arabic,projected:aramaic,projected:bengali,projected:bengali,projected:perso-arabic,projected:gujarati,projected:hebrew,authored,projected:kannada,projected:sharada,projected:malayalam,projected:devanagari,projected:devanagari,projected:oriya,projected:devanagari,projected:perso-arabic,projected:perso-arabic,projected:phoenician,projected:devanagari,projected:gurmukhi,projected:devanagari,projected:perso-arabic,projected:khudawadi,projected:syriac,projected:tamil,projected:telugu,projected:perso-arabic
ASM__ERR1,.ERR1,asm,projected:perso-arabic,projected:aramaic,projected:bengali,projected:bengali,projected:perso-arabic,projected:gujarati,projected:hebrew,authored,projected:kannada,projected:sharada,projected:malayalam,projected:devanagari,projected:devanagari,projected:oriya,projected:devanagari,projected:perso-arabic,projected:perso-arabic,projected:phoenician,projected:devanagari,projected:gurmukhi,projected:devanagari,projected:perso-arabic,projected:khudawadi,projected:syriac,projected:tamil,projected:telugu,projected:perso-arabic
ASM__ERR2,.ERR2,asm,projected:perso-arabic,projected:aramaic,projected:bengali,projected:bengali,projected:perso-arabic,projected:gujarati,projected:hebrew,authored,projected:kannada,projected:sharada,projected:malayalam,projected:devanagari,projected:devanagari,projected:oriya,projected:devanagari,projected:perso-arabic,projected:perso-arabic,projected:phoenician,projected:devanagari,projected:gurmukhi,projected:devanagari,projected:perso-arabic,projected:khudawadi,projected:syriac,projected:tamil,projected:telugu,projected:perso-arabic
ASM__ERRE,.ERRE,asm,projected:perso-arabic,projected:aramaic,projected:bengali,projected:bengali,projected:perso-arabic,projected:gujarati,projected:hebrew,authored,projected:kannada,projected:sharada,projected:malayalam,projected:devanagari,projected:devanagari,projected:oriya,projected:devanagari,projected:perso-arabic,projected:perso-arabic,projected:phoenician,projected:devanagari,projected:gurmukhi,projected:devanagari,projected:perso-arabic,projected:khudawadi,projected:syriac,projected:tamil,projected:telugu,projected:perso-arabic
ASM__ERRNZ,.ERRNZ,asm,projected:perso-arabic,projected:aramaic,projected:bengali,projected:bengali,projected:perso-arabic,projected:gujarati,projected:hebrew,authored,projected:kannada,projected:sharada,projected:malayalam,projected:devanagari,projected:devanagari,projected:oriya,projected:devanagari,projected:perso-arabic,projected:perso-arabic,projected:phoenician,projected:devanagari,projected:gurmukhi,projected:devanagari,projected:perso-arabic,projected:khudawadi,projected:syriac,projected:tamil,projected:telugu,projected:perso-arabic
ASM__ERRDEF,.ERRDEF,asm,projected:perso-arabic,projected:aramaic,projected:bengali,projected:bengali,projected:perso-arabic,projected:gujarati,projected:hebrew,authored,projected:kannada,projected:sharada,projected:malayalam,projected:devanagari,projected:devanagari,projected:oriya,projected:devanagari,projected:perso-arabic,projected:perso-arabic,projected:phoenician,projected:devanagari,projected:gurmukhi,projected:devanagari,projected:perso-arabic,projected:khudawadi,projected:syriac,projected:tamil,projected:telugu,projected:perso-arabic
ASM__ERRNDEF,.ERRNDEF,asm,projected:perso-arabic,projected:aramaic,projected:bengali,projected:bengali,projected:perso-arabic,projected:gujarati,projected:hebrew,authored,projected:kannada,projected:sharada,projected:malayalam,projected:devanagari,projected:devanagari,projected:oriya,projected:devanagari,projected:perso-arabic,projected:perso-arabic,projected:phoenician,projected:devanagari,projected:gurmukhi,projected:devanagari,projected:perso-arabic,projected:khudawadi,projected:syriac,projected:tamil,projected:telugu,projected:perso-arabic
ASM__ERRB,.ERRB,asm,projected:perso-arabic,projected:aramaic,projected:bengali,projected:bengali,projected:perso-arabic,projected:gujarati,projected:hebrew,authored,projected:kannada,projected:sharada,projected:malayalam,projected:devanagari,projected:devanagari,projected:oriya,projected:devanagari,projected:perso-arabic,projected:perso-arabic,projected:phoenician,projected:devanagari,projected:gurmukhi,projected:devanagari,projected:perso-arabic,projected:khudawadi,projected:syriac,projected:tamil,projected:telugu,projected:perso-arabic
ASM__ERRNB,.ERRNB,asm,projected:perso-arabic,projected:aramaic,projected:bengali,projected:bengali,projected:perso-arabic,projected:gujarati,projected:hebrew,authored,projected:kannada,projected:sharada,projected:malayalam,projected:devanagari,projected:devanagari,projected:oriya,projected:devanagari,projected:perso-arabic,projected:perso-arabic,projected:phoenician,projected:devanagari,projected:gurmukhi,projected:devanagari,projected:perso-arabic,projected:khudawadi,projected:syriac,projected:tamil,projected:telugu,projected:perso-arabic
ASM__ERRIDN_I_,.ERRIDN[I],asm,projected:perso-arabic,projected:aramaic,projected:bengali,projected:bengali,projected:perso-arabic,projected:gujarati,projected:hebrew,authored,projected:kannada,projected:sharada,projected:malayalam,projected:devanagari,projected:devanagari,projected:oriya,projected:devanagari,projected:perso-arabic,projected:perso-arabic,projected:phoenician,projected:devanagari,projected:gurmukhi,projected:devanagari,projected:perso-arabic,projected:khudawadi,projected:syriac,projected:tamil,projected:telugu,projected:perso-arabic
ASM__ERRDIF_I_,.ERRDIF[I],asm,projected:perso-arabic,projected:aramaic,projected:bengali,projected:bengali,projected:perso-arabic,projected:gujarati,projected:hebrew,authored,projected:kannada,projected:sharada,projected:malayalam,projected:devanagari,projected:devanagari,projected:oriya,projected:devanagari,projected:perso-arabic,projected:perso-arabic,projected:phoenician,projected:devanagari,projected:gurmukhi,projected:devanagari,projected:perso-arabic,projected:khudawadi,projected:syriac,projected:tamil,projected:telugu,projected:perso-arabic
ASM_EVEN,EVEN,asm,projected:perso-arabic,projected:aramaic,projected:bengali,projected:bengali,projected:perso-arabic,projected:gujarati,projected:hebrew,authored,projected:kannada,projected:sharada,projected:malayalam,projected:devanagari,projected:devanagari,projected:oriya,projected:devanagari,projected:perso-arabic,projected:perso-arabic,projected:phoenician,projected:devanagari,projected:gurmukhi,projected:devanagari,projected:perso-arabic,projected:khudawadi,projected:syriac,projected:tamil,projected:telugu,projected:perso-arabic
ASM__EXIT,.EXIT,asm,projected:perso-arabic,projected:aramaic,projected:bengali,projected:bengali,projected:perso-arabic,projected:gujarati,projected:hebrew,authored,projected:kannada,projected:sharada,projected:malayalam,projected:devanagari,projected:devanagari,projected:oriya,projected:devanagari,projected:perso-arabic,projected:perso-arabic,projected:phoenician,projected:devanagari,projected:gurmukhi,projected:devanagari,projected:perso-arabic,projected:khudawadi,projected:syriac,projected:tamil,projected:telugu,projected:perso-arabic
ASM_EXITM,EXITM,asm,projected:perso-arabic,projected:aramaic,projected:bengali,projected:bengali,projected:perso-arabic,projected:gujarati,projected:hebrew,authored,projected:kannada,projected:sharada,projected:malayalam,projected:devanagari,projected:devanagari,projected:oriya,projected:devanagari,projected:perso-arabic,projected:perso-arabic,projected:phoenician,projected:devanagari,projected:gurmukhi,projected:devanagari,projected:perso-arabic,projected:khudawadi,projected:syriac,projected:tamil,projected:telugu,projected:perso-arabic
ASM_EXTERN,EXTERN,asm,romanised:romenagri,romanised:romenagri,,,romanised:romenagri,,romanised:romenagri,,,,,,,,,romanised:romenagri,romanised:romenagri,romanised:romenagri,,,,romanised:romenagri,,romanised:romenagri,,,romanised:romenagri
ASM_EXTRN,EXTRN,asm,projected:perso-arabic,projected:aramaic,projected:bengali,projected:bengali,projected:perso-arabic,projected:gujarati,projected:hebrew,authored,projected:kannada,projected:sharada,projected:malayalam,projected:devanagari,projected:devanagari,projected:oriya,projected:devanagari,projected:perso-arabic,projected:perso-arabic,projected:phoenician,projected:devanagari,projected:gurmukhi,projected:devanagari,projected:perso-arabic,projected:khudawadi,projected:syriac,projected:tamil,projected:telugu,projected:perso-arabic
ASM__FARDATA,.FARDATA,asm,projected:perso-arabic,projected:aramaic,projected:bengali,projected:bengali,projected:perso-arabic,projected:gujarati,projected:hebrew,authored,projected:kannada,projected:sharada,projected:malayalam,projected:devanagari,projected:devanagari,projected:oriya,projected:devanagari,projected:perso-arabic,projected:perso-arabic,projected:phoenician,projected:devanagari,projected:gurmukhi,projected:devanagari,projected:perso-arabic,projected:khudawadi,projected:syriac,projected:tamil,projected:telugu,projected:perso-arabic
ASM_GROUP,GROUP,asm,projected:perso-arabic,projected:aramaic,projected:bengali,projected:bengali,projected:perso-arabic,projected:gujarati,projected:hebrew,authored,projected:kannada,projected:sharada,projected:malayalam,projected:devanagari,projected:devanagari,projected:oriya,projected:devanagari,projected:perso-arabic,projected:perso-arabic,projected:phoenician,projected:devanagari,projected:gurmukhi,projected:devanagari,projected:perso-arabic,projected:khudawadi,projected:syriac,projected:tamil,projected:telugu,projected:perso-arabic
ASM_IF,IF,asm,projected:perso-arabic,projected:aramaic,projected:bengali,projected:bengali,projected:perso-arabic,projected:gujarati,projected:hebrew,authored,projected:kannada,projected:sharada,projected:malayalam,projected:devanagari,projected:devanagari,projected:oriya,projected:devanagari,projected:perso-arabic,projected:perso-arabic,projected:phoenician,projected:devanagari,projected:gurmukhi,projected:devanagari,projected:perso-arabic,projected:khudawadi,projected:syriac,projected:tamil,projected:telugu,projected:perso-arabic
ASM_IF1,IF1,asm,projected:perso-arabic,projected:aramaic,projected:bengali,projected:bengali,projected:perso-arabic,projected:gujarati,projected:hebrew,authored,projected:kannada,projected:sharada,projected:malayalam,projected:devanagari,projected:devanagari,projected:oriya,projected:devanagari,projected:perso-arabic,projected:perso-arabic,projected:phoenician,projected:devanagari,projected:gurmukhi,projected:devanagari,projected:perso-arabic,projected:khudawadi,projected:syriac,projected:tamil,projected:telugu,projected:perso-arabic
ASM_IF2,IF2,asm,projected:perso-arabic,projected:aramaic,projected:bengali,projected:bengali,projected:perso-arabic,projected:gujarati,projected:hebrew,authored,projected:kannada,projected:sharada,projected:malayalam,projected:devanagari,projected:devanagari,projected:oriya,projected:devanagari,projected:perso-arabic,projected:perso-arabic,projected:phoenician,projected:devanagari,projected:gurmukhi,projected:devanagari,projected:perso-arabic,projected:khudawadi,projected:syriac,projected:tamil,projected:telugu,projected:perso-arabic
ASM_IFB,IFB,asm,projected:perso-arabic,projected:aramaic,projected:bengali,projected:bengali,projected:perso-arabic,projected:gujarati,projected:hebrew,authored,projected:kannada,projected:sharada,projected:malayalam,projected:devanagari,projected:devanagari,projected:oriya,projected:devanagari,projected:perso-arabic,projected:perso-arabic,projected:phoenician,projected:devanagari,projected:gurmukhi,projected:devanagari,projected:perso-arabic,projected:khudawadi,projected:syriac,projected:tamil,projected:telugu,projected:perso-arabic
ASM_IFDEF,IFDEF,asm,projected:perso-arabic,projected:aramaic,projected:bengali,projected:bengali,projected:perso-arabic,projected:gujarati,projected:hebrew,authored,projected:kannada,projected:sharada,projected:malayalam,projected:devanagari,projected:devanagari,projected:oriya,projected:devanagari,projected:perso-arabic,projected:perso-arabic,projected:phoenician,projected:devanagari,projected:gurmukhi,projected:devanagari,projected:perso-arabic,projected:khudawadi,projected:syriac,projected:tamil,projected:telugu,projected:perso-arabic
ASM_IFDIF,IFDIF,asm,projected:perso-arabic,projected:aramaic,projected:bengali,projected:bengali,projected:perso-arabic,projected:gujarati,projected:hebrew,authored,projected:kannada,projected:sharada,projected:malayalam,projected:devanagari,projected:devanagari,projected:oriya,projected:devanagari,projected:perso-arabic,projected:perso-arabic,projected:phoenician,projected:devanagari,projected:gurmukhi,projected:devanagari,projected:perso-arabic,projected:khudawadi,projected:syriac,projected:tamil,projected:telugu,projected:perso-arabic
ASM_IFE,IFE,asm,projected:perso-arabic,projected:aramaic,projected:bengali,projected:bengali,projected:perso-arabic,projected:gujarati,projected:hebrew,authored,projected:kannada,projected:sharada,projected:malayalam,projected:devanagari,projected:devanagari,projected:oriya,projected:devanagari,projected:perso-arabic,projected:perso-arabic,projected:phoenician,projected:devanagari,projected:gurmukhi,projected:devanagari,projected:perso-arabic,projected:khudawadi,projected:syriac,projected:tamil,projected:telugu,projected:perso-arabic
ASM_IFIDN,IFIDN,asm,projected:perso-arabic,projected:aramaic,projected:bengali,projected:bengali,projected:perso-arabic,projected:gujarati,projected:hebrew,authored,projected:kannada,projected:sharada,projected:malayalam,projected:devanagari,projected:devanagari,projected:oriya,projected:devanagari,projected:perso-arabic,projected:perso-arabic,projected:phoenician,projected:devanagari,projected:gurmukhi,projected:devanagari,projected:perso-arabic,projected:khudawadi,projected:syriac,projected:tamil,projected:telugu,projected:perso-arabic
ASM_IFNB,IFNB,asm,projected:perso-arabic,projected:aramaic,projected:bengali,projected:bengali,projected:perso-arabic,projected:gujarati,projected:hebrew,authored,projected:kannada,projected:sharada,projected:malayalam,projected:devanagari,projected:devanagari,projected:oriya,projected:devanagari,projected:perso-arabic,projected:perso-arabic,projected:phoenician,projected:devanagari,projected:gurmukhi,projected:devanagari,projected:perso-arabic,projected:khudawadi,projected:syriac,projected:tamil,projected:telugu,projected:perso-arabic
ASM_IFNDEF,IFNDEF,asm,projected:perso-arabic,projected:aramaic,projected:bengali,projected:bengali,projected:perso-arabic,projected:gujarati,projected:hebrew,authored,projected:kannada,projected:sharada,projected:malayalam,projected:devanagari,projected:devanagari,projected:oriya,projected:devanagari,projected:perso-arabic,projected:perso-arabic,projected:phoenician,projected:devanagari,projected:gurmukhi,projected:devanagari,projected:perso-arabic,projected:khudawadi,projected:syriac,projected:tamil,projected:telugu,projected:perso-arabic
ASM_INCLUDE,INCLUDE,asm,projected:perso-arabic,projected:aramaic,projected:bengali,projected:bengali,projected:perso-arabic,projected:gujarati,projected:hebrew,authored,projected:kannada,projected:sharada,projected:malayalam,projected:devanagari,projected:devanagari,projected:oriya,projected:devanagari,projected:perso-arabic,projected:perso-arabic,projected:phoenician,projected:devanagari,projected:gurmukhi,projected:devanagari,projected:perso-arabic,projected:khudawadi,projected:syriac,projected:tamil,projected:telugu,projected:perso-arabic
ASM_INCLUDELIB,INCLUDELIB,asm,projected:perso-arabic,projected:aramaic,projected:bengali,projected:bengali,projected:perso-arabic,projected:gujarati,projected:hebrew,authored,projected:kannada,projected:sharada,projected:malayalam,projected:devanagari,projected:devanagari,projected:oriya,projected:devanagari,projected:perso-arabic,projected:perso-arabic,projected:phoenician,projected:devanagari,projected:gurmukhi,projected:devanagari,projected:perso-arabic,projected:khudawadi,projected:syriac,projected:tamil,projected:telugu,projected:perso-arabic
ASM_IRP,IRP,asm,projected:perso-arabic,projected:aramaic,projected:bengali,projected:bengali,projected:perso-arabic,projected:gujarati,projected:hebrew,authored,projected:kannada,projected:sharada,projected:malayalam,projected:devanagari,projected:devanagari,projected:oriya,projected:devanagari,projected:perso-arabic,projected:perso-arabic,projected:phoenician,projected:devanagari,projected:gurmukhi,projected:devanagari,projected:perso-arabic,projected:khudawadi,projected:syriac,projected:tamil,projected:telugu,projected:perso-arabic
ASM_IRPC,IRPC,asm,projected:perso-arabic,projected:aramaic,projected:bengali,projected:bengali,projected:perso-arabic,projected:gujarati,projected:hebrew,authored,projected:kannada,projected:sharada,projected:malayalam,projected:devanagari,projected:devanagari,projected:oriya,projected:devanagari,projected:perso-arabic,projected:perso-arabic,projected:phoenician,projected:devanagari,projected:gurmukhi,projected:devanagari,projected:perso-arabic,projected:khudawadi,projected:syriac,projected:tamil,projected:telugu,projected:perso-arabic
ASM_LABEL,LABEL,asm,projected:perso-arabic,projected:aramaic,projected:bengali,projected:bengali,projected:perso-arabic,projected:gujarati,projected:hebrew,authored,projected:kannada,projected:sharada,projected:malayalam,projected:devanagari,projected:devanagari,projected:oriya,projected:devanagari,projected:perso-arabic,projected:perso-arabic,projected:phoenician,projected:devanagari,projected:gurmukhi,projected:devanagari,projected:perso-arabic,projected:khudawadi,projected:syriac,projected:tamil,projected:telugu,projected:perso-arabic
ASM__LALL,.LALL,asm,,,,,,,,,,,,,,,,,,,,,,,,,,,
ASM__LFCOND,.LFCOND,asm,,,,,,,,,,,,,,,,,,,,,,,,,,,
ASM__LIST,.LIST,asm,projected:perso-arabic,projected:aramaic,projected:bengali,projected:bengali,projected:perso-arabic,projected:gujarati,projected:hebrew,authored,projected:kannada,projected:sharada,projected:malayalam,projected:devanagari,projected:devanagari,projected:oriya,projected:devanagari,projected:perso-arabic,projected:perso-arabic,projected:phoenician,projected:devanagari,projected:gurmukhi,projected:devanagari,projected:perso-arabic,projected:khudawadi,projected:syriac,projected:tamil,projected:telugu,projected:perso-arabic
ASM_LOCAL,LOCAL,asm,projected:perso-arabic,projected:aramaic,projected:bengali,projected:bengali,projected:perso-arabic,projected:gujarati,projected:hebrew,authored,projected:kannada,projected:sharada,projected:malayalam,projected:devanagari,projected:devanagari,projected:oriya,projected:devanagari,projected:perso-arabic,projected:perso-arabic,projected:phoenician,projected:devanagari,projected:gurmukhi,projected:devanagari,projected:perso-arabic,projected:khudawadi,projected:syriac,projected:tamil,projected:telugu,projected:perso-arabic
ASM__MODEL,.MODEL,asm,projected:perso-arabic,projected:aramaic,projected:bengali,projected:bengali,projected:perso-arabic,projected:gujarati,projected:hebrew,authored,projected:kannada,projected:sharada,projected:malayalam,projected:devanagari,projected:devanagari,projected:oriya,projected:devanagari,projected:perso-arabic,projected:perso-arabic,projected:phoenician,projected:devanagari,projected:gurmukhi,projected:devanagari,projected:perso-arabic,projected:khudawadi,projected:syriac,projected:tamil,projected:telugu,projected:perso-arabic
ASM_MACRO,MACRO,asm,projected:perso-arabic,projected:aramaic,projected:bengali,projected:bengali,projected:perso-arabic,projected:gujarati,projected:hebrew,authored,projected:kannada,projected:sharada,projected:malayalam,projected:devanagari,projected:devanagari,projected:oriya,projected:devanagari,projected:perso-arabic,projected:perso-arabic,projected:phoenician,projected:devanagari,projected:gurmukhi,projected:devanagari,projected:perso-arabic,projected:khudawadi,projected:syriac,projected:tamil,projected:telugu,projected:perso-arabic
ASM_NAME,NAME,asm,projected:perso-arabic,projected:aramaic,projected:bengali,projected:bengali,projected:perso-arabic,projected:gujarati,projected:hebrew,authored,projected:kannada,projected:sharada,projected:malayalam,projected:devanagari,projected:devanagari,projected:oriya,projected:devanagari,projected:perso-arabic,projected:perso-arabic,projected:phoenician,projected:devanagari,projected:gurmukhi,projected:devanagari,projected:perso-arabic,projected:khudawadi,projected:syriac,projected:tamil,projected:telugu,projected:perso-arabic
ASM_ORG,ORG,asm,projected:perso-arabic,projected:aramaic,projected:bengali,projected:bengali,projected:perso-arabic,projected:gujarati,projected:hebrew,authored,projected:kannada,projected:sharada,projected:malayalam,projected:devanagari,projected:devanagari,projected:oriya,projected:devanagari,projected:perso-arabic,projected:perso-arabic,projected:phoenician,projected:devanagari,projected:gurmukhi,projected:devanagari,projected:perso-arabic,projected:khudawadi,projected:syriac,projected:tamil,projected:telugu,projected:perso-arabic
ASM_PAGE,PAGE,asm,projected:perso-arabic,projected:aramaic,projected:bengali,projected:bengali,projected:perso-arabic,projected:gujarati,projected:hebrew,authored,projected:kannada,projected:sharada,projected:malayalam,projected:devanagari,projected:devanagari,projected:oriya,projected:devanagari,projected:perso-arabic,projected:perso-arabic,projected:phoenician,projected:devanagari,projected:gurmukhi,projected:devanagari,projected:perso-arabic,projected:khudawadi,projected:syriac,projected:tamil,projected:telugu,projected:perso-arabic
ASM_PROC,PROC,asm,projected:perso-arabic,projected:aramaic,projected:bengali,projected:bengali,projected:perso-arabic,projected:gujarati,projected:hebrew,authored,projected:kannada,projected:sharada,projected:malayalam,projected:devanagari,projected:devanagari,projected:oriya,projected:devanagari,projected:perso-arabic,projected:perso-arabic,projected:phoenician,projected:devanagari,projected:gurmukhi,projected:devanagari,projected:perso-arabic,projected:khudawadi,projected:syriac,projected:tamil,projected:telugu,projected:perso-arabic
ASM_PUBLIC,PUBLIC,asm,projected:perso-arabic,projected:aramaic,projected:bengali,projected:bengali,projected:perso-arabic,projected:gujarati,projected:hebrew,authored,projected:kannada,projected:sharada,projected:malayalam,projected:devanagari,projected:devanagari,projected:oriya,projected:devanagari,projected:perso-arabic,projected:perso-arabic,projected:phoenician,projected:devanagari,projected:gurmukhi,projected:devanagari,projected:perso-arabic,projected:khudawadi,projected:syriac,projected:tamil,projected:telugu,projected:perso-arabic
ASM_PURGE,PURGE,asm,projected:perso-arabic,projected:aramaic,projected:bengali,projected:bengali,projected:perso-arabic,projected:gujarati,projected:hebrew,authored,projected:kannada,projected:sharada,projected:malayalam,projected:devanagari,projected:devanagari,projected:oriya,projected:devanagari,projected:perso-arabic,projected:perso-arabic,projected:phoenician,projected:devanagari,projected:gurmukhi,projected:devanagari,projected:perso-arabic,projected:khudawadi,projected:syriac,projected:tamil,projected:telugu,projected:perso-arabic
ASM__RADIX,.RADIX,asm,projected:perso-arabic,projected:aramaic,projected:bengali,projected:bengali,projected:perso-arabic,projected:gujarati,projected:hebrew,authored,projected:kannada,projected:sharada,projected:malayalam,projected:devanagari,projected:devanagari,projected:oriya,projected:devanagari,projected:perso-arabic,projected:perso-arabic,projected:phoenician,projected:devanagari,projected:gurmukhi,projected:devanagari,projected:perso-arabic,projected:khudawadi,projected:syriac,projected:tamil,projected:telugu,projected:perso-arabic
ASM_RECORD,RECORD,asm,projected:perso-arabic,projected:aramaic,projected:bengali,projected:bengali,projected:perso-arabic,projected:gujarati,projected:hebrew,authored,projected:kannada,projected:sharada,projected:malayalam,projected:devanagari,projected:devanagari,projected:oriya,projected:devanagari,projected:perso-arabic,projected:perso-arabic,projected:phoenician,projected:devanagari,projected:gurmukhi,projected:devanagari,projected:perso-arabic,projected:khudawadi,projected:syriac,projected:tamil,projected:telugu,projected:perso-arabic
ASM_REPT,REPT,asm,projected:perso-arabic,projected:aramaic,projected:bengali,projected:bengali,projected:perso-arabic,projected:gujarati,projected:hebrew,authored,projected:kannada,projected:sharada,projected:malayalam,projected:devanagari,projected:devanagari,projected:oriya,projected:devanagari,projected:perso-arabic,projected:perso-arabic,projected:phoenician,projected:devanagari,projected:gurmukhi,projected:devanagari,projected:perso-arabic,projected:khudawadi,projected:syriac,projected:tamil,projected:telugu,projected:perso-arabic
ASM__SALL,.SALL,asm,projected:perso-arabic,projected:aramaic,projected:bengali,projected:bengali,projected:perso-arabic,projected:gujarati,projected:hebrew,authored,projected:kannada,projected:sharada,projected:malayalam,projected:devanagari,projected:devanagari,projected:oriya,projected:devanagari,projected:perso-arabic,projected:perso-arabic,projected:phoenician,projected:devanagari,projected:gurmukhi,projected:devanagari,projected:perso-arabic,projected:khudawadi,projected:syriac,projected:tamil,projected:telugu,projected:perso-arabic
ASM_SEGMENT,SEGMENT,asm,projected:perso-arabic,projected:aramaic,projected:bengali,projected:bengali,projected:perso-arabic,projected:gujarati,projected:hebrew,authored,projected:kannada,projected:sharada,projected:malayalam,projected:devanagari,projected:devanagari,projected:oriya,projected:devanagari,projected:perso-arabic,projected:perso-arabic,projected:phoenician,projected:devanagari,projected:gurmukhi,projected:devanagari,projected:perso-arabic,projected:khudawadi,projected:syriac,projected:tamil,projected:telugu,projected:perso-arabic
ASM__SEQ,.SEQ,asm,projected:perso-arabic,projected:aramaic,projected:bengali,projected:bengali,projected:perso-arabic,projected:gujarati,projected:hebrew,authored,projected:kannada,projected:sharada,projected:malayalam,projected:devanagari,projected:devanagari,projected:oriya,projected:devanagari,projected:perso-arabic,projected:perso-arabic,projected:phoenician,projected:devanagari,projected:gurmukhi,projected:devanagari,projected:perso-arabic,projected:khudawadi,projected:syriac,projected:tamil,projected:telugu,projected:perso-arabic
ASM__SFCOND,.SFCOND,asm,,,,,,,,,,,,,,,,,,,,,,,,,,,
ASM__STACK,.STACK,asm,projected:perso-arabic,projected:aramaic,projected:bengali,projected:bengali,projected:perso-arabic,projected:gujarati,projected:hebrew,authored,projected:kannada,projected:sharada,projected:malayalam,projected:devanagari,projected:devanagari,projected:oriya,projected:devanagari,projected:perso-arabic,projected:perso-arabic,projected:phoenician,projected:devanagari,projected:gurmukhi,projected:devanagari,projected:perso-arabic,projected:khudawadi,projected:syriac,projected:tamil,projected:telugu,projected:perso-arabic
ASM_STRUC,STRUC,asm,projected:perso-arabic,projected:aramaic,projected:bengali,projected:bengali,projected:perso-arabic,projected:gujarati,projected:hebrew,authored,projected:kannada,projected:sharada,projected:malayalam,projected:devanagari,projected:devanagari,projected:oriya,projected:devanagari,projected:perso-arabic,projected:perso-arabic,projected:phoenician,projected:devanagari,projected:gurmukhi,projected:devanagari,projected:perso-arabic,projected:khudawadi,projected:syriac,projected:tamil,projected:telugu,projected:perso-arabic
ASM_SUBTTL,SUBTTL,asm,projected:perso-arabic,projected:aramaic,projected:bengali,projected:bengali,projected:perso-arabic,projected:gujarati,projected:hebrew,authored,projected:kannada,projected:sharada,projected:malayalam,projected:devanagari,projected:devanagari,projected:oriya,projected:devanagari,projected:perso-arabic,projected:perso-arabic,projected:phoenician,projected:devanagari,projected:gurmukhi,projected:devanagari,projected:perso-arabic,projected:khudawadi,projected:syriac,projected:tamil,projected:telugu,projected:perso-arabic
ASM__TFCOND,.TFCOND,asm,,,,,,,,,,,,,,,,,,,,,,,,,,,
ASM_TITLE,TITLE,asm,projected:perso-arabic,projected:aramaic,projected:bengali,projected:bengali,projected:perso-arabic,projected:gujarati,projected:hebrew,authored,projected:kannada,projected:sharada,projected:malayalam,projected:devanagari,projected:devanagari,projected:oriya,projected:devanagari,projected:perso-arabic,projected:perso-arabic,projected:phoenician,projected:devanagari,projected:gurmukhi,projected:devanagari,projected:perso-arabic,projected:khudawadi,projected:syriac,projected:tamil,projected:telugu,projected:perso-arabic
ASM_UNI0N,UNI0N,asm,projected:perso-arabic,projected:aramaic,projected:bengali,projected:bengali,projected:perso-arabic,projected:gujarati,projected:hebrew,authored,projected:kannada,projected:sharada,projected:malayalam,projected:devanagari,projected:devanagari,projected:oriya,projected:devanagari,projected:perso-arabic,projected:perso-arabic,projected:phoenician,projected:devanagari,projected:gurmukhi,projected:devanagari,projected:perso-arabic,projected:khudawadi,projected:syriac,projected:tamil,projected:telugu,projected:perso-arabic
ASM__XALL,.XALL,asm,projected:perso-arabic,projected:aramaic,projected:bengali,projected:bengali,projected:perso-arabic,projected:gujarati,projected:hebrew,authored,projected:kannada,projected:sharada,projected:malayalam,projected:devanagari,projected:devanagari,projected:oriya,projected:devanagari,projected:perso-arabic,projected:perso-arabic,projected:phoenician,projected:devanagari,projected:gurmukhi,projected:devanagari,projected:perso-arabic,projected:khudawadi,projected:syriac,projected:tamil,projected:telugu,projected:perso-arabic
ASM__XCREF,.XCREF,asm,projected:perso-arabic,projected:aramaic,projected:bengali,projected:bengali,projected:perso-arabic,projected:gujarati,projected:hebrew,authored,projected:kannada,projected:sharada,projected:malayalam,projected:devanagari,projected:devanagari,projected:oriya,projected:devanagari,projected:perso-arabic,projected:perso-arabic,projected:phoenician,projected:devanagari,projected:gurmukhi,projected:devanagari,projected:perso-arabic,projected:khudawadi,projected:syriac,projected:tamil,projected:telugu,projected:perso-arabic
ASM__XLIST,.XLIST,asm,projected:perso-arabic,projected:aramaic,projected:bengali,projected:bengali,projected:perso-arabic,projected:gujarati,projected:hebrew,authored,projected:kannada,projected:sharada,projected:malayalam,projected:devanagari,projected:devanagari,projected:oriya,projected:devanagari,projected:perso-arabic,projected:perso-arabic,projected:phoenician,projected:devanagari,projected:gurmukhi,projected:devanagari,projected:perso-arabic,projected:khudawadi,projected:syriac,projected:tamil,projected:telugu,projected:perso-arabic
ASM_ENTRY,ENTRY,asm,projected:perso-arabic,projected:aramaic,projected:bengali,projected:bengali,projected:perso-arabic,projected:gujarati,projected:hebrew,authored,projected:kannada,projected:sharada,projected:malayalam,projected:devanagari,projected:devanagari,projected:oriya,projected:devanagari,projected:perso-arabic,projected:perso-arabic,projected:phoenician,projected:devanagari,projected:gurmukhi,projected:devanagari,projected:perso-arabic,projected:khudawadi,projected:syriac,projected:tamil,projected:telugu,projected:perso-arabic
ASM_FORMAT,FORMAT,asm,projected:perso-arabic,projected:aramaic,projected:bengali,projected:bengali,projected:perso-arabic,projected:gujarati,projected:hebrew,authored,projected:kannada,projected:sharada,projected:malayalam,projected:devanagari,projected:devanagari,projected:oriya,projected:devanagari,projected:perso-arabic,projected:perso-arabic,projected:phoenician,projected:devanagari,projected:gurmukhi,projected:devanagari,projected:perso-arabic,projected:khudawadi,projected:syriac,projected:tamil,projected:telugu,projected:perso-arabic
ASM_EXECUTABLE,EXECUTABLE,asm,projected:perso-arabic,projected:aramaic,projected:bengali,projected:bengali,projected:perso-arabic,projected:gujarati,projected:hebrew,authored,projected:kannada,projected:sharada,projected:malayalam,projected:devanagari,projected:devanagari,projected:oriya,projected:devanagari,projected:perso-arabic,projected:perso-arabic,projected:phoenician,projected:devanagari,projected:gurmukhi,projected:devanagari,projected:perso-arabic,projected:khudawadi,projected:syriac,projected:tamil,projected:telugu,projected:perso-arabic
ASM_READABLE,READABLE,asm,projected:perso-arabic,projected:aramaic,projected:bengali,projected:bengali,projected:perso-arabic,projected:gujarati,projected:hebrew,authored,projected:kannada,projected:sharada,projected:malayalam,projected:devanagari,projected:devanagari,projected:oriya,projected:devanagari,projected:perso-arabic,projected:perso-arabic,projected:phoenician,projected:devanagari,projected:gurmukhi,projected:devanagari,projected:perso-arabic,projected:khudawadi,projected:syriac,projected:tamil,projected:telugu,projected:perso-arabic
ASM_WRITEABLE,WRITEABLE,asm,projected:perso-arabic,projected:aramaic,projected:bengali,projected:bengali,projected:perso-arabic,projected:gujarati,projected:hebrew,authored,projected:kannada,projected:sharada,projected:malayalam,projected:devanagari,projected:devanagari,projected:oriya,projected:devanagari,projected:perso-arabic,projected:perso-arabic,projected:phoenician,projected:devanagari,projected:gurmukhi,projected:devanagari,projected:perso-arabic,projected:khudawadi,projected:syriac,projected:tamil,projected:telugu,projected:perso-arabic
ASM_AAA,AAA,asm,projected:perso-arabic,projected:aramaic,projected:bengali,projected:bengali,projected:perso-arabic,projected:gujarati,projected:hebrew,authored,projected:kannada,projected:sharada,projected:malayalam,projected:devanagari,projected:devanagari,projected:oriya,projected:devanagari,projected:perso-arabic,projected:perso-arabic,projected:phoenician,projected:devanagari,projected:gurmukhi,projected:devanagari,projected:perso-arabic,projected:khudawadi,projected:syriac,projected:tamil,projected:telugu,projected:perso-arabic
ASM_AAD,AAD,asm,projected:perso-arabic,projected:aramaic,projected:bengali,projected:bengali,projected:perso-arabic,projected:gujarati,projected:hebrew,authored,projected:kannada,projected:sharada,projected:malayalam,projected:devanagari,projected:devanagari,projected:oriya,projected:devanagari,projected:perso-arabic,projected:perso-arabic,projected:phoenician,projected:devanagari,projected:gurmukhi,projected:devanagari,projected:perso-arabic,projected:khudawadi,projected:syriac,projected:tamil,projected:telugu,projected:perso-arabic
ASM_AAM,AAM,asm,projected:perso-arabic,projected:aramaic,projected:bengali,projected:bengali,projected:perso-arabic,projected:gujarati,projected:hebrew,authored,projected:kannada,projected:sharada,projected:malayalam,projected:devanagari,projected:devanagari,projected:oriya,projected:devanagari,projected:perso-arabic,projected:perso-arabic,projected:phoenician,projected:devanagari,projected:gurmukhi,projected:devanagari,projected:perso-arabic,projected:khudawadi,projected:syriac,projected:tamil,projected:telugu,projected:perso-arabic
ASM_AAS,AAS,asm,projected:perso-arabic,projected:aramaic,projected:bengali,projected:bengali,projected:perso-arabic,projected:gujarati,projected:hebrew,authored,projected:kannada,projected:sharada,projected:malayalam,projected:devanagari,projected:devanagari,projected:oriya,projected:devanagari,projected:perso-arabic,projected:perso-arabic,projected:phoenician,projected:devanagari,projected:gurmukhi,projected:devanagari,projected:perso-arabic,projected:khudawadi,projected:syriac,projected:tamil,projected:telugu,projected:perso-arabic
ASM_ADC,ADC,asm,projected:perso-arabic,projected:aramaic,projected:bengali,projected:bengali,projected:perso-arabic,projected:gujarati,projected:hebrew,authored,projected:kannada,projected:sharada,projected:malayalam,projected:devanagari,projected:devanagari,projected:oriya,projected:devanagari,projected:perso-arabic,projected:perso-arabic,projected:phoenician,projected:devanagari,projected:gurmukhi,projected:devanagari,projected:perso-arabic,projected:khudawadi,projected:syriac,projected:tamil,projected:telugu,projected:perso-arabic
ASM_ADD,ADD,asm,projected:perso-arabic,projected:aramaic,projected:bengali,projected:bengali,projected:perso-arabic,projected:gujarati,projected:hebrew,authored,projected:kannada,projected:sharada,projected:malayalam,projected:devanagari,projected:devanagari,projected:oriya,projected:devanagari,projected:perso-arabic,projected:perso-arabic,projected:phoenician,projected:devanagari,projected:gurmukhi,projected:devanagari,projected:perso-arabic,projected:khudawadi,projected:syriac,projected:tamil,projected:telugu,projected:perso-arabic
ASM_ARPL,ARPL,asm,projected:perso-arabic,projected:aramaic,projected:bengali,projected:bengali,projected:perso-arabic,projected:gujarati,projected:hebrew,authored,projected:kannada,projected:sharada,projected:malayalam,projected:devanagari,projected:devanagari,projected:oriya,projected:devanagari,projected:perso-arabic,projected:perso-arabic,projected:phoenician,projected:devanagari,projected:gurmukhi,projected:devanagari,projected:perso-arabic,projected:khudawadi,projected:syriac,projected:tamil,projected:telugu,projected:perso-arabic
ASM_BOUND,BOUND,asm,projected:perso-arabic,projected:aramaic,projected:bengali,projected:bengali,projected:perso-arabic,projected:gujarati,projected:hebrew,authored,projected:kannada,projected:sharada,projected:malayalam,projected:devanagari,projected:devanagari,projected:oriya,projected:devanagari,projected:perso-arabic,projected:perso-arabic,projected:phoenician,projected:devanagari,projected:gurmukhi,projected:devanagari,projected:perso-arabic,projected:khudawadi,projected:syriac,projected:tamil,projected:telugu,projected:perso-arabic
ASM_BSF,BSF,asm,projected:perso-arabic,projected:aramaic,projected:bengali,projected:bengali,projected:perso-arabic,projected:gujarati,projected:hebrew,authored,projected:kannada,projected:sharada,projected:malayalam,projected:devanagari,projected:devanagari,projected:oriya,projected:devanagari,projected:perso-arabic,projected:perso-arabic,projected:phoenician,projected:devanagari,projected:gurmukhi,projected:devanagari,projected:perso-arabic,projected:khudawadi,projected:syriac,projected:tamil,projected:telugu,projected:perso-arabic
ASM_BSR,BSR,asm,projected:perso-arabic,projected:aramaic,projected:bengali,projected:bengali,projected:perso-arabic,projected:gujarati,projected:hebrew,authored,projected:kannada,projected:sharada,projected:malayalam,projected:devanagari,projected:devanagari,projected:oriya,projected:devanagari,projected:perso-arabic,projected:perso-arabic,projected:phoenician,projected:devanagari,projected:gurmukhi,projected:devanagari,projected:perso-arabic,projected:khudawadi,projected:syriac,projected:tamil,projected:telugu,projected:perso-arabic
ASM_BT,BT,asm,projected:perso-arabic,projected:aramaic,projected:bengali,projected:bengali,projected:perso-arabic,projected:gujarati,projected:hebrew,authored,projected:kannada,projected:sharada,projected:malayalam,projected:devanagari,projected:devanagari,projected:oriya,projected:devanagari,projected:perso-arabic,projected:perso-arabic,projected:phoenician,projected:devanagari,projected:gurmukhi,projected:devanagari,projected:perso-arabic,projected:khudawadi,projected:syriac,projected:tamil,projected:telugu,projected:perso-arabic
ASM_BTC,BTC,asm,projected:perso-arabic,projected:aramaic,projected:bengali,projected:bengali,projected:perso-arabic,projected:gujarati,projected:hebrew,authored,projected:kannada,projected:sharada,projected:malayalam,projected:devanagari,projected:devanagari,projected:oriya,projected:devanagari,projected:perso-arabic,projected:perso-arabic,projected:phoenician,projected:devanagari,projected:gurmukhi,projected:devanagari,projected:perso-arabic,projected:khudawadi,projected:syriac,projected:tamil,projected:telugu,projected:perso-arabic
ASM_BTR,BTR,asm,projected:perso-arabic,projected:aramaic,projected:bengali,projected:bengali,projected:perso-arabic,projected:gujarati,projected:hebrew,authored,projected:kannada,projected:sharada,projected:malayalam,projected:devanagari,projected:devanagari,projected:oriya,projected:devanagari,projected:perso-arabic,projected:perso-arabic,projected:phoenician,projected:devanagari,projected:gurmukhi,projected:devanagari,projected:perso-arabic,projected:khudawadi,projected:syriac,projected:tamil,projected:telugu,projected:perso-arabic
ASM_BTS,BTS,asm,projected:perso-arabic,projected:aramaic,projected:bengali,projected:bengali,projected:perso-arabic,projected:gujarati,projected:hebrew,authored,projected:kannada,projected:sharada,projected:malayalam,projected:devanagari,projected:devanagari,projected:oriya,projected:devanagari,projected:perso-arabic,projected:perso-arabic,projected:phoenician,projected:devanagari,projected:gurmukhi,projected:devanagari,projected:perso-arabic,projected:khudawadi,projected:syriac,projected:tamil,projected:telugu,projected:perso-arabic
ASM_CALL,CALL,asm,projected:perso-arabic,projected:aramaic,projected:bengali,projected:bengali,projected:perso-arabic,projected:gujarati,projected:hebrew,authored,projected:kannada,projected:sharada,projected:malayalam,projected:devanagari,projected:devanagari,projected:oriya,projected:devanagari,projected:perso-arabic,projected:perso-arabic,projected:phoenician,projected:devanagari,projected:gurmukhi,projected:devanagari,projected:perso-arabic,projected:khudawadi,projected:syriac,projected:tamil,projected:telugu,projected:perso-arabic
ASM_CBW,CBW,asm,projected:perso-arabic,projected:aramaic,projected:bengali,projected:bengali,projected:perso-arabic,projected:gujarati,projected:hebrew,authored,projected:kannada,projected:sharada,projected:malayalam,projected:devanagari,projected:devanagari,projected:oriya,projected:devanagari,projected:perso-arabic,projected:perso-arabic,projected:phoenician,projected:devanagari,projected:gurmukhi,projected:devanagari,projected:perso-arabic,projected:khudawadi,projected:syriac,projected:tamil,projected:telugu,projected:perso-arabic
ASM_CDQ,CDQ,asm,projected:perso-arabic,projected:aramaic,projected:bengali,projected:bengali,projected:perso-arabic,projected:gujarati,projected:hebrew,authored,projected:kannada,projected:sharada,projected:malayalam,projected:devanagari,projected:devanagari,projected:oriya,projected:devanagari,projected:perso-arabic,projected:perso-arabic,projected:phoenician,projected:devanagari,projected:gurmukhi,projected:devanagari,projected:perso-arabic,projected:khudawadi,projected:syriac,projected:tamil,projected:telugu,projected:perso-arabic
ASM_CLC,CLC,asm,projected:perso-arabic,projected:aramaic,projected:bengali,projected:bengali,projected:perso-arabic,projected:gujarati,projected:hebrew,authored,projected:kannada,projected:sharada,projected:malayalam,projected:devanagari,projected:devanagari,projected:oriya,projected:devanagari,projected:perso-arabic,projected:perso-arabic,projected:phoenician,projected:devanagari,projected:gurmukhi,projected:devanagari,projected:perso-arabic,projected:khudawadi,projected:syriac,projected:tamil,projected:telugu,projected:perso-arabic
ASM_CLD,CLD,asm,projected:perso-arabic,projected:aramaic,projected:bengali,projected:bengali,projected:perso-arabic,projected:gujarati,projected:hebrew,authored,projected:kannada,projected:sharada,projected:malayalam,projected:devanagari,projected:devanagari,projected:oriya,projected:devanagari,projected:perso-arabic,projected:perso-arabic,projected:phoenician,projected:devanagari,projected:gurmukhi,projected:devanagari,projected:perso-arabic,projected:khudawadi,projected:syriac,projected:tamil,projected:telugu,projected:perso-arabic
ASM_CLI,CLI,asm,projected:perso-arabic,projected:aramaic,projected:bengali,projected:bengali,projected:perso-arabic,projected:gujarati,projected:hebrew,authored,projected:kannada,projected:sharada,projected:malayalam,projected:devanagari,projected:devanagari,projected:oriya,projected:devanagari,projected:perso-arabic,projected:perso-arabic,projected:phoenician,projected:devanagari,projected:gurmukhi,projected:devanagari,projected:perso-arabic,projected:khudawadi,projected:syriac,projected:tamil,projected:telugu,projected:perso-arabic
ASM_CLTS,CLTS,asm,projected:perso-arabic,projected:aramaic,projected:bengali,projected:bengali,projected:perso-arabic,projected:gujarati,projected:hebrew,authored,projected:kannada,projected:sharada,projected:malayalam,projected:devanagari,projected:devanagari,projected:oriya,projected:devanagari,projected:perso-arabic,projected:perso-arabic,projected:phoenician,projected:devanagari,projected:gurmukhi,projected:devanagari,projected:perso-arabic,projected:khudawadi,projected:syriac,projected:tamil,projected:telugu,projected:perso-arabic
ASM_CMC,CMC,asm,projected:perso-arabic,projected:aramaic,projected:bengali,projected:bengali,projected:perso-arabic,projected:gujarati,projected:hebrew,authored,projected:kannada,projected:sharada,projected:malayalam,projected:devanagari,projected:devanagari,projected:oriya,projected:devanagari,projected:perso-arabic,projected:perso-arabic,projected:phoenician,projected:devanagari,projected:gurmukhi,projected:devanagari,projected:perso-arabic,projected:khudawadi,projected:syriac,projected:tamil,projected:telugu,projected:perso-arabic
ASM_CMP,CMP,asm,projected:perso-arabic,projected:aramaic,projected:bengali,projected:bengali,projected:perso-arabic,projected:gujarati,projected:hebrew,authored,projected:kannada,projected:sharada,projected:malayalam,projected:devanagari,projected:devanagari,projected:oriya,projected:devanagari,projected:perso-arabic,projected:perso-arabic,projected:phoenician,projected:devanagari,projected:gurmukhi,projected:devanagari,projected:perso-arabic,projected:khudawadi,projected:syriac,projected:tamil,projected:telugu,projected:perso-arabic
ASM_CMPSB,CMPSB,asm,projected:perso-arabic,projected:aramaic,projected:bengali,projected:bengali,projected:perso-arabic,projected:gujarati,projected:hebrew,authored,projected:kannada,projected:sharada,projected:malayalam,projected:devanagari,projected:devanagari,projected:oriya,projected:devanagari,projected:perso-arabic,projected:perso-arabic,projected:phoenician,projected:devanagari,projected:gurmukhi,projected:devanagari,projected:perso-arabic,projected:khudawadi,projected:syriac,projected:tamil,projected:telugu,projected:perso-arabic
ASM_CMPSW,CMPSW,asm,projected:perso-arabic,projected:aramaic,projected:bengali,projected:bengali,projected:perso-arabic,projected:gujarati,projected:hebrew,authored,projected:kannada,projected:sharada,projected:malayalam,projected:devanagari,projected:devanagari,projected:oriya,projected:devanagari,projected:perso-arabic,projected:perso-arabic,projected:phoenician,projected:devanagari,projected:gurmukhi,projected:devanagari,projected:perso-arabic,projected:khudawadi,projected:syriac,projected:tamil,projected:telugu,projected:perso-arabic
ASM_CMPXCHG,CMPXCHG,asm,projected:perso-arabic,projected:aramaic,projected:bengali,projected:bengali,projected:perso-arabic,projected:gujarati,projected:hebrew,authored,projected:kannada,projected:sharada,projected:malayalam,projected:devanagari,projected:devanagari,projected:oriya,projected:devanagari,projected:perso-arabic,projected:perso-arabic,projected:phoenician,projected:devanagari,projected:gurmukhi,projected:devanagari,projected:perso-arabic,projected:khudawadi,projected:syriac,projected:tamil,projected:telugu,projected:perso-arabic
ASM_CMPXCHG8B,CMPXCHG8B,asm,projected:perso-arabic,projected:aramaic,projected:bengali,projected:bengali,projected:perso-arabic,projected:gujarati,projected:hebrew,authored,projected:kannada,projected:sharada,projected:malayalam,projected:devanagari,projected:devanagari,projected:oriya,projected:devanagari,projected:perso-arabic,projected:perso-arabic,projected:phoenician,projected:devanagari,projected:gurmukhi,projected:devanagari,projected:perso-arabic,projected:khudawadi,projected:syriac,projected:tamil,projected:telugu,projected:perso-arabic
ASM_CWD,CWD,asm,projected:perso-arabic,projected:aramaic,projected:bengali,projected:bengali,projected:perso-arabic,projected:gujarati,projected:hebrew,authored,projected:kannada,projected:sharada,projected:malayalam,projected:devanagari,projected:devanagari,projected:oriya,projected:devanagari,projected:perso-arabic,projected:perso-arabic,projected:phoenician,projected:devanagari,projected:gurmukhi,projected:devanagari,projected:perso-arabic,projected:khudawadi,projected:syriac,projected:tamil,projected:telugu,projected:perso-arabic
ASM_DAA,DAA,asm,projected:perso-arabic,projected:aramaic,projected:bengali,projected:bengali,projected:perso-arabic,projected:gujarati,projected:hebrew,authored,projected:kannada,projected:sharada,projected:malayalam,projected:devanagari,projected:devanagari,projected:oriya,projected:devanagari,projected:perso-arabic,projected:perso-arabic,projected:phoenician,projected:devanagari,projected:gurmukhi,projected:devanagari,projected:perso-arabic,projected:khudawadi,projected:syriac,projected:tamil,projected:telugu,projected:perso-arabic
ASM_DAS,DAS,asm,projected:perso-arabic,projected:aramaic,projected:bengali,projected:bengali,projected:perso-arabic,projected:gujarati,projected:hebrew,authored,projected:kannada,projected:sharada,projected:malayalam,projected:devanagari,projected:devanagari,projected:oriya,projected:devanagari,projected:perso-arabic,projected:perso-arabic,projected:phoenician,projected:devanagari,projected:gurmukhi,projected:devanagari,projected:perso-arabic,projected:khudawadi,projected:syriac,projected:tamil,projected:telugu,projected:perso-arabic
ASM_DEC,DEC,asm,projected:perso-arabic,projected:aramaic,projected:bengali,projected:bengali,projected:perso-arabic,projected:gujarati,projected:hebrew,authored,projected:kannada,projected:sharada,projected:malayalam,projected:devanagari,projected:devanagari,projected:oriya,projected:devanagari,projected:perso-arabic,projected:perso-arabic,projected:phoenician,projected:devanagari,projected:gurmukhi,projected:devanagari,projected:perso-arabic,projected:khudawadi,projected:syriac,projected:tamil,projected:telugu,projected:perso-arabic
ASM_DIV,DIV,asm,projected:perso-arabic,projected:aramaic,projected:bengali,projected:bengali,projected:perso-arabic,projected:gujarati,projected:hebrew,authored,projected:kannada,projected:sharada,projected:malayalam,projected:devanagari,projected:devanagari,projected:oriya,projected:devanagari,projected:perso-arabic,projected:perso-arabic,projected:phoenician,projected:devanagari,projected:gurmukhi,projected:devanagari,projected:perso-arabic,projected:khudawadi,projected:syriac,projected:tamil,projected:telugu,projected:perso-arabic
ASM_ENTER,ENTER,asm,projected:perso-arabic,projected:aramaic,projected:bengali,projected:bengali,projected:perso-arabic,projected:gujarati,projected:hebrew,authored,projected:kannada,projected:sharada,projected:malayalam,projected:devanagari,projected:devanagari,projected:oriya,projected:devanagari,projected:perso-arabic,projected:perso-arabic,projected:phoenician,projected:devanagari,projected:gurmukhi,projected:devanagari,projected:perso-arabic,projected:khudawadi,projected:syriac,projected:tamil,projected:telugu,projected:perso-arabic
ASM_ESC,ESC,asm,romanised:romenagri,romanised:romenagri,,,romanised:romenagri,,romanised:romenagri,,,,,,,,,romanised:romenagri,romanised:romenagri,romanised:romenagri,,,,romanised:romenagri,,romanised:romenagri,,,romanised:romenagri
ASM_HLT,HLT,asm,projected:perso-arabic,projected:aramaic,projected:bengali,projected:bengali,projected:perso-arabic,projected:gujarati,projected:hebrew,authored,projected:kannada,projected:sharada,projected:malayalam,projected:devanagari,projected:devanagari,projected:oriya,projected:devanagari,projected:perso-arabic,projected:perso-arabic,projected:phoenician,projected:devanagari,projected:gurmukhi,projected:devanagari,projected:perso-arabic,projected:khudawadi,projected:syriac,projected:tamil,projected:telugu,projected:perso-arabic
ASM_IDIV,IDIV,asm,projected:perso-arabic,projected:aramaic,projected:bengali,projected:bengali,projected:perso-arabic,projected:gujarati,projected:hebrew,authored,projected:kannada,projected:sharada,projected:malayalam,projected:devanagari,projected:devanagari,projected:oriya,projected:devanagari,projected:perso-arabic,projected:perso-arabic,projected:phoenician,projected:devanagari,projected:gurmukhi,projected:devanagari,projected:perso-arabic,projected:khudawadi,projected:syriac,projected:tamil,projected:telugu,projected:perso-arabic
ASM_IMUL,IMUL,asm,projected:perso-arabic,projected:aramaic,projected:bengali,projected:bengali,projected:perso-arabic,projected:gujarati,projected:hebrew,authored,projected:kannada,projected:sharada,projected:malayalam,projected:devanagari,projected:devanagari,projected:oriya,projected:devanagari,projected:perso-arabic,projected:perso-arabic,projected:phoenician,projected:devanagari,projected:gurmukhi,projected:devanagari,projected:perso-arabic,projected:khudawadi,projected:syriac,projected:tamil,projected:telugu,projected:perso-arabic
ASM_IN,IN,asm,projected:perso-arabic,projected:aramaic,projected:bengali,projected:bengali,projected:perso-arabic,projected:gujarati,projected:hebrew,authored,projected:kannada,projected:sharada,projected:malayalam,projected:devanagari,projected:devanagari,projected:oriya,projected:devanagari,projected:perso-arabic,projected:perso-arabic,projected:phoenician,projected:devanagari,projected:gurmukhi,projected:devanagari,projected:perso-arabic,projected:khudawadi,projected:syriac,projected:tamil,projected:telugu,projected:perso-arabic
ASM_INC,INC,asm,projected:perso-arabic,projected:aramaic,projected:bengali,projected:bengali,projected:perso-arabic,projected:gujarati,projected:hebrew,authored,projected:kannada,projected:sharada,projected:malayalam,projected:devanagari,projected:devanagari,projected:oriya,projected:devanagari,projected:perso-arabic,projected:perso-arabic,projected:phoenician,projected:devanagari,projected:gurmukhi,projected:devanagari,projected:perso-arabic,projected:khudawadi,projected:syriac,projected:tamil,projected:telugu,projected:perso-arabic
ASM_INSB,INSB,asm,projected:perso-arabic,projected:aramaic,projected:bengali,projected:bengali,projected:perso-arabic,projected:gujarati,projected:hebrew,authored,projected:kannada,projected:sharada,projected:malayalam,projected:devanagari,projected:devanagari,projected:oriya,projected:devanagari,projected:perso-arabic,projected:perso-arabic,projected:phoenician,projected:devanagari,projected:gurmukhi,projected:devanagari,projected:perso-arabic,projected:khudawadi,projected:syriac,projected:tamil,projected:telugu,projected:perso-arabic
ASM_INSW,INSW,asm,projected:perso-arabic,projected:aramaic,projected:bengali,projected:bengali,projected:perso-arabic,projected:gujarati,projected:hebrew,authored,projected:kannada,projected:sharada,projected:malayalam,projected:devanagari,projected:devanagari,projected:oriya,projected:devanagari,projected:perso-arabic,projected:perso-arabic,projected:phoenician,projected:devanagari,projected:gurmukhi,projected:devanagari,projected:perso-arabic,projected:khudawadi,projected:syriac,projected:tamil,projected:telugu,projected:perso-arabic
ASM_INT,INT,asm,projected:perso-arabic,projected:aramaic,projected:bengali,projected:bengali,projected:perso-arabic,projected:gujarati,projected:hebrew,authored,projected:kannada,projected:sharada,projected:malayalam,projected:devanagari,projected:devanagari,projected:oriya,projected:devanagari,projected:perso-arabic,projected:perso-arabic,projected:phoenician,projected:devanagari,projected:gurmukhi,projected:devanagari,projected:perso-arabic,projected:khudawadi,projected:syriac,projected:tamil,projected:telugu,projected:perso-arabic
ASM_INT3,INT3,asm,projected:perso-arabic,projected:aramaic,projected:bengali,projected:bengali,projected:perso-arabic,projected:gujarati,projected:hebrew,authored,projected:kannada,projected:sharada,projected:malayalam,projected:devanagari,projected:devanagari,projected:oriya,projected:devanagari,projected:perso-arabic,projected:perso-arabic,projected:phoenician,projected:devanagari,projected:gurmukhi,projected:devanagari,projected:perso-arabic,projected:khudawadi,projected:syriac,projected:tamil,projected:telugu,projected:perso-arabic
ASM_INTO,INTO,asm,projected:perso-arabic,projected:aramaic,projected:bengali,projected:bengali,projected:perso-arabic,projected:gujarati,projected:hebrew,authored,projected:kannada,projected:sharada,projected:malayalam,projected:devanagari,projected:devanagari,projected:oriya,projected:devanagari,projected:perso-arabic,projected:perso-arabic,projected:phoenician,projected:devanagari,projected:gurmukhi,projected:devanagari,projected:perso-arabic,projected:khudawadi,projected:syriac,projected:tamil,projected:telugu,projected:perso-arabic
ASM_IRET,IRET,asm,projected:perso-arabic,projected:aramaic,projected:bengali,projected:bengali,projected:perso-arabic,projected:gujarati,projected:hebrew,authored,projected:kannada,projected:sharada,projected:malayalam,projected:devanagari,projected:devanagari,projected:oriya,projected:devanagari,projected:perso-arabic,projected:perso-arabic,projected:phoenician,projected:devanagari,projected:gurmukhi,projected:devanagari,projected:perso-arabic,projected:khudawadi,projected:syriac,projected:tamil,projected:telugu,projected:perso-arabic
ASM_JA,JA,asm,projected:perso-arabic,projected:aramaic,projected:bengali,projected:bengali,projected:perso-arabic,projected:gujarati,projected:hebrew,authored,projected:kannada,projected:sharada,projected:malayalam,projected:devanagari,projected:devanagari,projected:oriya,projected:devanagari,projected:perso-arabic,projected:perso-arabic,projected:phoenician,projected:devanagari,projected:gurmukhi,projected:devanagari,projected:perso-arabic,projected:khudawadi,projected:syriac,projected:tamil,projected:telugu,projected:perso-arabic
ASM_JAE,JAE,asm,projected:perso-arabic,projected:aramaic,projected:bengali,projected:bengali,projected:perso-arabic,projected:gujarati,projected:hebrew,authored,projected:kannada,projected:sharada,projected:malayalam,projected:devanagari,projected:devanagari,projected:oriya,projected:devanagari,projected:perso-arabic,projected:perso-arabic,projected:phoenician,projected:devanagari,projected:gurmukhi,projected:devanagari,projected:perso-arabic,projected:khudawadi,projected:syriac,projected:tamil,projected:telugu,projected:perso-arabic
ASM_JB,JB,asm,projected:perso-arabic,projected:aramaic,projected:bengali,projected:bengali,projected:perso-arabic,projected:gujarati,projected:hebrew,authored,projected:kannada,projected:sharada,projected:malayalam,projected:devanagari,projected:devanagari,projected:oriya,projected:devanagari,projected:perso-arabic,projected:perso-arabic,projected:phoenician,projected:devanagari,projected:gurmukhi,projected:devanagari,projected:perso-arabic,projected:khudawadi,projected:syriac,projected:tamil,projected:telugu,projected:perso-arabic
ASM_JBE,JBE,asm,projected:perso-arabic,projected:aramaic,projected:bengali,projected:bengali,projected:perso-arabic,projected:gujarati,projected:hebrew,authored,projected:kannada,projected:sharada,projected:malayalam,projected:devanagari,projected:devanagari,projected:oriya,projected:devanagari,projected:perso-arabic,projected:perso-arabic,projected:phoenician,projected:devanagari,projected:gurmukhi,projected:devanagari,projected:perso-arabic,projected:khudawadi,projected:syriac,projected:tamil,projected:telugu,projected:perso-arabic
ASM_JCXZ,JCXZ,asm,projected:perso-arabic,projected:aramaic,projected:bengali,projected:bengali,projected:perso-arabic,projected:gujarati,projected:hebrew,authored,projected:kannada,projected:sharada,projected:malayalam,projected:devanagari,projected:devanagari,projected:oriya,projected:devanagari,projected:perso-arabic,projected:perso-arabic,projected:phoenician,projected:devanagari,projected:gurmukhi,projected:devanagari,projected:perso-arabic,projected:khudawadi,projected:syriac,projected:tamil,projected:telugu,projected:perso-arabic
ASM_JE,JE,asm,projected:perso-arabic,projected:aramaic,projected:bengali,projected:bengali,projected:perso-arabic,projected:gujarati,projected:hebrew,authored,projected:kannada,projected:sharada,projected:malayalam,projected:devanagari,projected:devanagari,projected:oriya,projected:devanagari,projected:perso-arabic,projected:perso-arabic,projected:phoenician,projected:devanagari,projected:gurmukhi,projected:devanagari,projected:perso-arabic,projected:khudawadi,projected:syriac,projected:tamil,projected:telugu,projected:perso-arabic
ASM_JECXZ,JECXZ,asm,projected:perso-arabic,projected:aramaic,projected:bengali,projected:bengali,projected:perso-arabic,projected:gujarati,projected:hebrew,authored,projected:kannada,projected:sharada,projected:malayalam,projected:devanagari,projected:devanagari,projected:oriya,projected:devanagari,projected:perso-arabic,projected:perso-arabic,projected:phoenician,projected:devanagari,projected:gurmukhi,projected:devanagari,projected:perso-arabic,projected:khudawadi,projected:syriac,projected:tamil,projected:telugu,projected:perso-arabic
ASM_JG,JG,asm,projected:perso-arabic,projected:aramaic,projected:bengali,projected:bengali,projected:perso-arabic,projected:gujarati,projected:hebrew,authored,projected:kannada,projected:sharada,projected:malayalam,projected:devanagari,projected:devanagari,projected:oriya,projected:devanagari,projected:perso-arabic,projected:perso-arabic,projected:phoenician,projected:devanagari,projected:gurmukhi,projected:devanagari,projected:perso-arabic,projected:khudawadi,projected:syriac,projected:tamil,projected:telugu,projected:perso-arabic
ASM_JGE,JGE,asm,projected:perso-arabic,projected:aramaic,projected:bengali,projected:bengali,projected:perso-arabic,projected:gujarati,projected:hebrew,authored,projected:kannada,projected:sharada,projected:malayalam,projected:devanagari,projected:devanagari,projected:oriya,projected:devanagari,projected:perso-arabic,projected:perso-arabic,projected:phoenician,projected:devanagari,projected:gurmukhi,projected:devanagari,projected:perso-arabic,projected:khudawadi,projected:syriac,projected:tamil,projected:telugu,projected:perso-arabic
ASM_JL,JL,asm,projected:perso-arabic,projected:aramaic,projected:bengali,projected:bengali,projected:perso-arabic,projected:gujarati,projected:hebrew,authored,projected:kannada,projected:sharada,projected:malayalam,projected:devanagari,projected:devanagari,projected:oriya,projected:devanagari,projected:perso-arabic,projected:perso-arabic,projected:phoenician,projected:devanagari,projected:gurmukhi,projected:devanagari,projected:perso-arabic,projected:khudawadi,projected:syriac,projected:tamil,projected:telugu,projected:perso-arabic
ASM_JLE,JLE,asm,projected:perso-arabic,projected:aramaic,projected:bengali,projected:bengali,projected:perso-arabic,projected:gujarati,projected:hebrew,authored,projected:kannada,projected:sharada,projected:malayalam,projected:devanagari,projected:devanagari,projected:oriya,projected:devanagari,projected:perso-arabic,projected:perso-arabic,projected:phoenician,projected:devanagari,projected:gurmukhi,projected:devanagari,projected:perso-arabic,projected:khudawadi,projected:syriac,projected:tamil,projected:telugu,projected:perso-arabic
ASM_JMP,JMP,asm,projected:perso-arabic,projected:aramaic,projected:bengali,projected:bengali,projected:perso-arabic,projected:gujarati,projected:hebrew,authored,projected:kannada,projected:sharada,projected:malayalam,projected:devanagari,projected:devanagari,projected:oriya,projected:devanagari,projected:perso-arabic,projected:perso-arabic,projected:phoenician,projected:devanagari,projected:gurmukhi,projected:devanagari,projected:perso-arabic,projected:khudawadi,projected:syriac,projected:tamil,projected:telugu,projected:perso-arabic
ASM_JNA,JNA,asm,projected:perso-arabic,projected:aramaic,projected:bengali,projected:bengali,projected:perso-arabic,projected:gujarati,projected:hebrew,authored,projected:kannada,projected:sharada,projected:malayalam,projected:devanagari,projected:devanagari,projected:oriya,projected:devanagari,projected:perso-arabic,projected:perso-arabic,projected:phoenician,projected:devanagari,projected:gurmukhi,projected:devanagari,projected:perso-arabic,projected:khudawadi,projected:syriac,projected:tamil,projected:telugu,projected:perso-arabic
ASM_JNAE,JNAE,asm,projected:perso-arabic,projected:aramaic,projected:bengali,projected:bengali,projected:perso-arabic,projected:gujarati,projected:hebrew,authored,projected:kannada,projected:sharada,projected:malayalam,projected:devanagari,projected:devanagari,projected:oriya,projected:devanagari,projected:perso-arabic,projected:perso-arabic,projected:phoenician,projected:devanagari,projected:gurmukhi,projected:devanagari,projected:perso-arabic,projected:khudawadi,projected:syriac,projected:tamil,projected:telugu,projected:perso-arabic
ASM_JNB,JNB,asm,projected:perso-arabic,projected:aramaic,projected:bengali,projected:bengali,projected:perso-arabic,projected:gujarati,projected:hebrew,authored,projected:kannada,projected:sharada,projected:malayalam,projected:devanagari,projected:devanagari,projected:oriya,projected:devanagari,projected:perso-arabic,projected:perso-arabic,projected:phoenician,projected:devanagari,projected:gurmukhi,projected:devanagari,projected:perso-arabic,projected:khudawadi,projected:syriac,projected:tamil,projected:telugu,projected:perso-arabic
ASM_JNBE,JNBE,asm,projected:perso-arabic,projected:aramaic,projected:bengali,projected:bengali,projected:perso-arabic,projected:gujarati,projected:hebrew,authored,projected:kannada,projected:sharada,projected:malayalam,projected:devanagari,projected:devanagari,projected:oriya,projected:devanagari,projected:perso-arabic,projected:perso-arabic,projected:phoenician,projected:devanagari,projected:gurmukhi,projected:devanagari,projected:perso-arabic,projected:khudawadi,projected:syriac,projected:tamil,projected:telugu,projected:perso-arabic
ASM_JNE,JNE,asm,projected:perso-arabic,projected:aramaic,projected:bengali,projected:bengali,projected:perso-arabic,projected:gujarati,projected:hebrew,authored,projected:kannada,projected:sharada,projected:malayalam,projected:devanagari,projected:devanagari,projected:oriya,projected:devanagari,projected:perso-arabic,projected:perso-arabic,projected:phoenician,projected:devanagari,projected:gurmukhi,projected:devanagari,projected:perso-arabic,projected:khudawadi,projected:syriac,projected:tamil,projected:telugu,projected:perso-arabic
ASM_JNG,JNG,asm,projected:perso-arabic,projected:aramaic,projected:bengali,projected:bengali,projected:perso-arabic,projected:gujarati,projected:hebrew,authored,projected:kannada,projected:sharada,projected:malayalam,projected:devanagari,projected:devanagari,projected:oriya,projected:devanagari,projected:perso-arabic,projected:perso-arabic,projected:phoenician,projected:devanagari,projected:gurmukhi,projected:devanagari,projected:perso-arabic,projected:khudawadi,projected:syriac,projected:tamil,projected:telugu,projected:perso-arabic
ASM_JNGE,JNGE,asm,projected:perso-arabic,projected:aramaic,projected:bengali,projected:bengali,projected:perso-arabic,projected:gujarati,projected:hebrew,authored,projected:kannada,projected:sharada,projected:malayalam,projected:devanagari,projected:devanagari,projected:oriya,projected:devanagari,projected:perso-arabic,projected:perso-arabic,projected:phoenician,projected:devanagari,projected:gurmukhi,projected:devanagari,projected:perso-arabic,projected:khudawadi,projected:syriac,projected:tamil,projected:telugu,projected:perso-arabic
ASM_JNL,JNL,asm,projected:perso-arabic,projected:aramaic,projected:bengali,projected:bengali,projected:perso-arabic,projected:gujarati,projected:hebrew,authored,projected:kannada,projected:sharada,projected:malayalam,projected:devanagari,projected:devanagari,projected:oriya,projected:devanagari,projected:perso-arabic,projected:perso-arabic,projected:phoenician,projected:devanagari,projected:gurmukhi,projected:devanagari,projected:perso-arabic,projected:khudawadi,projected:syriac,projected:tamil,projected:telugu,projected:perso-arabic
ASM_JNLE,JNLE,asm,projected:perso-arabic,projected:aramaic,projected:bengali,projected:bengali,projected:perso-arabic,projected:gujarati,projected:hebrew,authored,projected:kannada,projected:sharada,projected:malayalam,projected:devanagari,projected:devanagari,projected:oriya,projected:devanagari,projected:perso-arabic,projected:perso-arabic,projected:phoenician,projected:devanagari,projected:gurmukhi,projected:devanagari,projected:perso-arabic,projected:khudawadi,projected:syriac,projected:tamil,projected:telugu,projected:perso-arabic
ASM_JNO,JNO,asm,projected:perso-arabic,projected:aramaic,projected:bengali,projected:bengali,projected:perso-arabic,projected:gujarati,projected:hebrew,authored,projected:kannada,projected:sharada,projected:malayalam,projected:devanagari,projected:devanagari,projected:oriya,projected:devanagari,projected:perso-arabic,projected:perso-arabic,projected:phoenician,projected:devanagari,projected:gurmukhi,projected:devanagari,projected:perso-arabic,projected:khudawadi,projected:syriac,projected:tamil,projected:telugu,projected:perso-arabic
ASM_JNP,JNP,asm,projected:perso-arabic,projected:aramaic,projected:bengali,projected:bengali,projected:perso-arabic,projected:gujarati,projected:hebrew,authored,projected:kannada,projected:sharada,projected:malayalam,projected:devanagari,projected:devanagari,projected:oriya,projected:devanagari,projected:perso-arabic,projected:perso-arabic,projected:phoenician,projected:devanagari,projected:gurmukhi,projected:devanagari,projected:perso-arabic,projected:khudawadi,projected:syriac,projected:tamil,projected:telugu,projected:perso-arabic
ASM_JNS,JNS,asm,projected:perso-arabic,projected:aramaic,projected:bengali,projected:bengali,projected:perso-arabic,projected:gujarati,projected:hebrew,authored,projected:kannada,projected:sharada,projected:malayalam,projected:devanagari,projected:devanagari,projected:oriya,projected:devanagari,projected:perso-arabic,projected:perso-arabic,projected:phoenician,projected:devanagari,projected:gurmukhi,projected:devanagari,projected:perso-arabic,projected:khudawadi,projected:syriac,projected:tamil,projected:telugu,projected:perso-arabic
ASM_JNZ,JNZ,asm,projected:perso-arabic,projected:aramaic,projected:bengali,projected:bengali,projected:perso-arabic,projected:gujarati,projected:hebrew,authored,projected:kannada,projected:sharada,projected:malayalam,projected:devanagari,projected:devanagari,projected:oriya,projected:devanagari,projected:perso-arabic,projected:perso-arabic,projected:phoenician,projected:devanagari,projected:gurmukhi,projected:devanagari,projected:perso-arabic,projected:khudawadi,projected:syriac,projected:tamil,projected:telugu,projected:perso-arabic
ASM_JO,JO,asm,projected:perso-arabic,projected:aramaic,projected:bengali,projected:bengali,projected:perso-arabic,projected:gujarati,projected:hebrew,authored,projected:kannada,projected:sharada,projected:malayalam,projected:devanagari,projected:devanagari,projected:oriya,projected:devanagari,projected:perso-arabic,projected:perso-arabic,projected:phoenician,projected:devanagari,projected:gurmukhi,projected:devanagari,projected:perso-arabic,projected:khudawadi,projected:syriac,projected:tamil,projected:telugu,projected:perso-arabic
ASM_JP,JP,asm,projected:perso-arabic,projected:aramaic,projected:bengali,projected:bengali,projected:perso-arabic,projected:gujarati,projected:hebrew,authored,projected:kannada,projected:sharada,projected:malayalam,projected:devanagari,projected:devanagari,projected:oriya,projected:devanagari,projected:perso-arabic,projected:perso-arabic,projected:phoenician,projected:devanagari,projected:gurmukhi,projected:devanagari,projected:perso-arabic,projected:khudawadi,projected:syriac,projected:tamil,projected:telugu,projected:perso-arabic
ASM_JPE,JPE,asm,projected:perso-arabic,projected:aramaic,projected:bengali,projected:bengali,projected:perso-arabic,projected:gujarati,projected:hebrew,authored,projected:kannada,projected:sharada,projected:malayalam,projected:devanagari,projected:devanagari,projected:oriya,projected:devanagari,projected:perso-arabic,projected:perso-arabic,projected:phoenician,projected:devanagari,projected:gurmukhi,projected:devanagari,projected:perso-arabic,projected:khudawadi,projected:syriac,projected:tamil,projected:telugu,projected:perso-arabic
ASM_JPO,JPO,asm,projected:perso-arabic,projected:aramaic,projected:bengali,projected:bengali,projected:perso-arabic,projected:gujarati,projected:hebrew,authored,projected:kannada,projected:sharada,projected:malayalam,projected:devanagari,projected:devanagari,projected:oriya,projected:devanagari,projected:perso-arabic,projected:perso-arabic,projected:phoenician,projected:devanagari,projected:gurmukhi,projected:devanagari,projected:perso-arabic,projected:khudawadi,projected:syriac,projected:tamil,projected:telugu,projected:perso-arabic
ASM_JS,JS,asm,projected:perso-arabic,projected:aramaic,projected:bengali,projected:bengali,projected:perso-arabic,projected:gujarati,projected:hebrew,authored,projected:kannada,projected:sharada,projected:malayalam,projected:devanagari,projected:devanagari,projected:oriya,projected:devanagari,projected:perso-arabic,projected:perso-arabic,projected:phoenician,projected:devanagari,projected:gurmukhi,projected:devanagari,projected:perso-arabic,projected:khudawadi,projected:syriac,projected:tamil,projected:telugu,projected:perso-arabic
ASM_JZ,JZ,asm,projected:perso-arabic,projected:aramaic,projected:bengali,projected:bengali,projected:perso-arabic,projected:gujarati,projected:hebrew,authored,projected:kannada,projected:sharada,projected:malayalam,projected:devanagari,projected:devanagari,projected:oriya,projected:devanagari,projected:perso-arabic,projected:perso-arabic,projected:phoenician,projected:devanagari,projected:gurmukhi,projected:devanagari,projected:perso-arabic,projected:khudawadi,projected:syriac,projected:tamil,projected:telugu,projected:perso-arabic
ASM_LAHF,LAHF,asm,projected:perso-arabic,projected:aramaic,projected:bengali,projected:bengali,projected:perso-arabic,projected:gujarati,projected:hebrew,authored,projected:kannada,projected:sharada,projected:malayalam,projected:devanagari,projected:devanagari,projected:oriya,projected:devanagari,projected:perso-arabic,projected:perso-arabic,projected:phoenician,projected:devanagari,projected:gurmukhi,projected:devanagari,projected:perso-arabic,projected:khudawadi,projected:syriac,projected:tamil,projected:telugu,projected:perso-arabic
ASM_LAR,LAR,asm,projected:perso-arabic,projected:aramaic,projected:bengali,projected:bengali,projected:perso-arabic,projected:gujarati,projected:hebrew,authored,projected:kannada,projected:sharada,projected:malayalam,projected:devanagari,projected:devanagari,projected:oriya,projected:devanagari,projected:perso-arabic,projected:perso-arabic,projected:phoenician,projected:devanagari,projected:gurmukhi,projected:devanagari,projected:perso-arabic,projected:khudawadi,projected:syriac,projected:tamil,projected:telugu,projected:perso-arabic
ASM_LDS,LDS,asm,projected:perso-arabic,projected:aramaic,projected:bengali,projected:bengali,projected:perso-arabic,projected:gujarati,projected:hebrew,authored,projected:kannada,projected:sharada,projected:malayalam,projected:devanagari,projected:devanagari,projected:oriya,projected:devanagari,projected:perso-arabic,projected:perso-arabic,projected:phoenician,projected:devanagari,projected:gurmukhi,projected:devanagari,projected:perso-arabic,projected:khudawadi,projected:syriac,projected:tamil,projected:telugu,projected:perso-arabic
ASM_LEA,LEA,asm,projected:perso-arabic,projected:aramaic,projected:bengali,projected:bengali,projected:perso-arabic,projected:gujarati,projected:hebrew,authored,projected:kannada,projected:sharada,projected:malayalam,projected:devanagari,projected:devanagari,projected:oriya,projected:devanagari,projected:perso-arabic,projected:perso-arabic,projected:phoenician,projected:devanagari,projected:gurmukhi,projected:devanagari,projected:perso-arabic,projected:khudawadi,projected:syriac,projected:tamil,projected:telugu,projected:perso-arabic
ASM_LEAVE,LEAVE,asm,projected:perso-arabic,projected:aramaic,projected:bengali,projected:bengali,projected:perso-arabic,projected:gujarati,projected:hebrew,authored,projected:kannada,projected:sharada,projected:malayalam,projected:devanagari,projected:devanagari,projected:oriya,projected:devanagari,projected:perso-arabic,projected:perso-arabic,projected:phoenician,projected:devanagari,projected:gurmukhi,projected:devanagari,projected:perso-arabic,projected:khudawadi,projected:syriac,projected:tamil,projected:telugu,projected:perso-arabic
ASM_LES,LES,asm,projected:perso-arabic,projected:aramaic,projected:bengali,projected:bengali,projected:perso-arabic,projected:gujarati,projected:hebrew,authored,projected:kannada,projected:sharada,projected:malayalam,projected:devanagari,projected:devanagari,projected:oriya,projected:devanagari,projected:perso-arabic,projected:perso-arabic,projected:phoenician,projected:devanagari,projected:gurmukhi,projected:devanagari,projected:perso-arabic,projected:khudawadi,projected:syriac,projected:tamil,projected:telugu,projected:perso-arabic
ASM_LFS,LFS,asm,projected:perso-arabic,projected:aramaic,projected:bengali,projected:bengali,projected:perso-arabic,projected:gujarati,projected:hebrew,authored,projected:kannada,projected:sharada,projected:malayalam,projected:devanagari,projected:devanagari,projected:oriya,projected:devanagari,projected:perso-arabic,projected:perso-arabic,projected:phoenician,projected:devanagari,projected:gurmukhi,projected:devanagari,projected:perso-arabic,projected:khudawadi,projected:syriac,projected:tamil,projected:telugu,projected:perso-arabic
ASM_LGDT,LGDT,asm,projected:perso-arabic,projected:aramaic,projected:bengali,projected:bengali,projected:perso-arabic,projected:gujarati,projected:hebrew,authored,projected:kannada,projected:sharada,projected:malayalam,projected:devanagari,projected:devanagari,projected:oriya,projected:devanagari,projected:perso-arabic,projected:perso-arabic,projected:phoenician,projected:devanagari,projected:gurmukhi,projected:devanagari,projected:perso-arabic,projected:khudawadi,projected:syriac,projected:tamil,projected:telugu,projected:perso-arabic
ASM_LGS,LGS,asm,projected:perso-arabic,projected:aramaic,projected:bengali,projected:bengali,projected:perso-arabic,projected:gujarati,projected:hebrew,authored,projected:kannada,projected:sharada,projected:malayalam,projected:devanagari,projected:devanagari,projected:oriya,projected:devanagari,projected:perso-arabic,projected:perso-arabic,projected:phoenician,projected:devanagari,projected:gurmukhi,projected:devanagari,projected:perso-arabic,projected:khudawadi,projected:syriac,projected:tamil,projected:telugu,projected:perso-arabic
ASM_LIDT,LIDT,asm,projected:perso-arabic,projected:aramaic,projected:bengali,projected:bengali,projected:perso-arabic,projected:gujarati,projected:hebrew,authored,projected:kannada,projected:sharada,projected:malayalam,projected:devanagari,projected:devanagari,projected:oriya,projected:devanagari,projected:perso-arabic,projected:perso-arabic,projected:phoenician,projected:devanagari,projected:gurmukhi,projected:devanagari,projected:perso-arabic,projected:khudawadi,projected:syriac,projected:tamil,projected:telugu,projected:perso-arabic
ASM_LLDT,LLDT,asm,projected:perso-arabic,projected:aramaic,projected:bengali,projected:bengali,projected:perso-arabic,projected:gujarati,projected:hebrew,authored,projected:kannada,projected:sharada,projected:malayalam,projected:devanagari,projected:devanagari,projected:oriya,projected:devanagari,projected:perso-arabic,projected:perso-arabic,projected:phoenician,projected:devanagari,projected:gurmukhi,projected:devanagari,projected:perso-arabic,projected:khudawadi,projected:syriac,projected:tamil,projected:telugu,projected:perso-arabic
ASM_LMSW,LMSW,asm,projected:perso-arabic,projected:aramaic,projected:bengali,projected:bengali,projected:perso-arabic,projected:gujarati,projected:hebrew,authored,projected:kannada,projected:sharada,projected:malayalam,projected:devanagari,projected:devanagari,projected:oriya,projected:devanagari,projected:perso-arabic,projected:perso-arabic,projected:phoenician,projected:devanagari,projected:gurmukhi,projected:devanagari,projected:perso-arabic,projected:khudawadi,projected:syriac,projected:tamil,projected:telugu,projected:perso-arabic
ASM_LOCK,LOCK,asm,projected:perso-arabic,projected:aramaic,projected:bengali,projected:bengali,projected:perso-arabic,projected:gujarati,projected:hebrew,authored,projected:kannada,projected:sharada,projected:malayalam,projected:devanagari,projected:devanagari,projected:oriya,projected:devanagari,projected:perso-arabic,projected:perso-arabic,projected:phoenician,projected:devanagari,projected:gurmukhi,projected:devanagari,projected:perso-arabic,projected:khudawadi,projected:syriac,projected:tamil,projected:telugu,projected:perso-arabic
ASM_LODSB,LODSB,asm,projected:perso-arabic,projected:aramaic,projected:bengali,projected:bengali,projected:perso-arabic,projected:gujarati,projected:hebrew,authored,projected:kannada,projected:sharada,projected:malayalam,projected:devanagari,projected:devanagari,projected:oriya,projected:devanagari,projected:perso-arabic,projected:perso-arabic,projected:phoenician,projected:devanagari,projected:gurmukhi,projected:devanagari,projected:perso-arabic,projected:khudawadi,projected:syriac,projected:tamil,projected:telugu,projected:perso-arabic
ASM_LODSW,LODSW,asm,projected:perso-arabic,projected:aramaic,projected:bengali,projected:bengali,projected:perso-arabic,projected:gujarati,projected:hebrew,authored,projected:kannada,projected:sharada,projected:malayalam,projected:devanagari,projected:devanagari,projected:oriya,projected:devanagari,projected:perso-arabic,projected:perso-arabic,projected:phoenician,projected:devanagari,projected:gurmukhi,projected:devanagari,projected:perso-arabic,projected:khudawadi,projected:syriac,projected:tamil,projected:telugu,projected:perso-arabic
ASM_LOOP,LOOP,asm,projected:perso-arabic,projected:aramaic,projected:bengali,projected:bengali,projected:perso-arabic,projected:gujarati,projected:hebrew,authored,projected:kannada,projected:sharada,projected:malayalam,projected:devanagari,projected:devanagari,projected:oriya,projected:devanagari,projected:perso-arabic,projected:perso-arabic,projected:phoenician,projected:devanagari,projected:gurmukhi,projected:devanagari,projected:perso-arabic,projected:khudawadi,projected:syriac,projected:tamil,projected:telugu,projected:perso-arabic
ASM_LOOPE,LOOPE,asm,projected:perso-arabic,projected:aramaic,projected:bengali,projected:bengali,projected:perso-arabic,projected:gujarati,projected:hebrew,authored,projected:kannada,projected:sharada,projected:malayalam,projected:devanagari,projected:devanagari,projected:oriya,projected:devanagari,projected:perso-arabic,projected:perso-arabic,projected:phoenician,projected:devanagari,projected:gurmukhi,projected:devanagari,projected:perso-arabic,projected:khudawadi,projected:syriac,projected:tamil,projected:telugu,projected:perso-arabic
ASM_LOOPNE,LOOPNE,asm,projected:perso-arabic,projected:aramaic,projected:bengali,projected:bengali,projected:perso-arabic,projected:gujarati,projected:hebrew,authored,projected:kannada,projected:sharada,projected:malayalam,projected:devanagari,projected:devanagari,projected:oriya,projected:devanagari,projected:perso-arabic,projected:perso-arabic,projected:phoenician,projected:devanagari,projected:gurmukhi,projected:devanagari,projected:perso-arabic,projected:khudawadi,projected:syriac,projected:tamil,projected:telugu,projected:perso-arabic
ASM_LOOPNZ,LOOPNZ,asm,projected:perso-arabic,projected:aramaic,projected:bengali,projected:bengali,projected:perso-arabic,projected:gujarati,projected:hebrew,authored,projected:kannada,projected:sharada,projected:malayalam,projected:devanagari,projected:devanagari,projected:oriya,projected:devanagari,projected:perso-arabic,projected:perso-arabic,projected:phoenician,projected:devanagari,projected:gurmukhi,projected:devanagari,projected:perso-arabic,projected:khudawadi,projected:syriac,projected:tamil,projected:telugu,projected:perso-arabic
ASM_LOOPZ,LOOPZ,asm,projected:perso-arabic,projected:aramaic,projected:bengali,projected:bengali,projected:perso-arabic,projected:gujarati,projected:hebrew,authored,projected:kannada,projected:sharada,projected:malayalam,projected:devanagari,projected:devanagari,projected:oriya,projected:devanagari,projected:perso-arabic,projected:perso-arabic,projected:phoenician,projected:devanagari,projected:gurmukhi,projected:devanagari,projected:perso-arabic,projected:khudawadi,projected:syriac,projected:tamil,projected:telugu,projected:perso-arabic
ASM_LSL,LSL,asm,projected:perso-arabic,projected:aramaic,projected:bengali,projected:bengali,projected:perso-arabic,projected:gujarati,projected:hebrew,authored,projected:kannada,projected:sharada,projected:malayalam,projected:devanagari,projected:devanagari,projected:oriya,projected:devanagari,projected:perso-arabic,projected:perso-arabic,projected:phoenician,projected:devanagari,projected:gurmukhi,projected:devanagari,projected:perso-arabic,projected:khudawadi,projected:syriac,projected:tamil,projected:telugu,projected:perso-arabic
ASM_LSS,LSS,asm,projected:perso-arabic,projected:aramaic,projected:bengali,projected:bengali,projected:perso-arabic,projected:gujarati,projected:hebrew,authored,projected:kannada,projected:sharada,projected:malayalam,projected:devanagari,projected:devanagari,projected:oriya,projected:devanagari,projected:perso-arabic,projected:perso-arabic,projected:phoenician,projected:devanagari,projected:gurmukhi,projected:devanagari,projected:perso-arabic,projected:khudawadi,projected:syriac,projected:tamil,projected:telugu,projected:perso-arabic
ASM_LTR,LTR,asm,projected:perso-arabic,projected:aramaic,projected:bengali,projected:bengali,projected:perso-arabic,projected:gujarati,projected:hebrew,authored,projected:kannada,projected:sharada,projected:malayalam,projected:devanagari,projected:devanagari,projected:oriya,projected:devanagari,projected:perso-arabic,projected:perso-arabic,projected:phoenician,projected:devanagari,projected:gurmukhi,projected:devanagari,projected:perso-arabic,projected:khudawadi,projected:syriac,projected:tamil,projected:telugu,projected:perso-arabic
ASM_MOV,MOV,asm,projected:perso-arabic,projected:aramaic,projected:bengali,projected:bengali,projected:perso-arabic,projected:gujarati,projected:hebrew,authored,projected:kannada,projected:sharada,projected:malayalam,projected:devanagari,projected:devanagari,projected:oriya,projected:devanagari,projected:perso-arabic,projected:perso-arabic,projected:phoenician,projected:devanagari,projected:gurmukhi,projected:devanagari,projected:perso-arabic,projected:khudawadi,projected:syriac,projected:tamil,projected:telugu,projected:perso-arabic
ASM_MOVSB,MOVSB,asm,projected:perso-arabic,projected:aramaic,projected:bengali,projected:bengali,projected:perso-arabic,projected:gujarati,projected:hebrew,authored,projected:kannada,projected:sharada,projected:malayalam,projected:devanagari,projected:devanagari,projected:oriya,projected:devanagari,projected:perso-arabic,projected:perso-arabic,projected:phoenician,projected:devanagari,projected:gurmukhi,projected:devanagari,projected:perso-arabic,projected:khudawadi,projected:syriac,projected:tamil,projected:telugu,projected:perso-arabic
ASM_MOVSW,MOVSW,asm,projected:perso-arabic,projected:aramaic,projected:bengali,projected:bengali,projected:perso-arabic,projected:gujarati,projected:hebrew,authored,projected:kannada,projected:sharada,projected:malayalam,projected:devanagari,projected:devanagari,projected:oriya,projected:devanagari,projected:perso-arabic,projected:perso-arabic,projected:phoenician,projected:devanagari,projected:gurmukhi,projected:devanagari,projected:perso-arabic,projected:khudawadi,projected:syriac,projected:tamil,projected:telugu,projected:perso-arabic
ASM_MOVSX,MOVSX,asm,projected:perso-arabic,projected:aramaic,projected:bengali,projected:bengali,projected:perso-arabic,projected:gujarati,projected:hebrew,authored,projected:kannada,projected:sharada,projected:malayalam,projected:devanagari,projected:devanagari,projected:oriya,projected:devanagari,projected:perso-arabic,projected:perso-arabic,projected:phoenician,projected:devanagari,projected:gurmukhi,projected:devanagari,projected:perso-arabic,projected:khudawadi,projected:syriac,projected:tamil,projected:telugu,projected:perso-arabic
ASM_MOVZX,MOVZX,asm,projected:perso-arabic,projected:aramaic,projected:bengali,projected:bengali,projected:perso-arabic,projected:gujarati,projected:hebrew,authored,projected:kannada,projected:sharada,projected:malayalam,projected:devanagari,projected:devanagari,projected:oriya,projected:devanagari,projected:perso-arabic,projected:perso-arabic,projected:phoenician,projected:devanagari,projected:gurmukhi,projected:devanagari,projected:perso-arabic,projected:khudawadi,projected:syriac,projected:tamil,projected:telugu,projected:perso-arabic
ASM_MUL,MUL,asm,projected:perso-arabic,projected:aramaic,projected:bengali,projected:bengali,projected:perso-arabic,projected:gujarati,projected:hebrew,authored,projected:kannada,projected:sharada,projected:malayalam,projected:devanagari,projected:devanagari,projected:oriya,projected:devanagari,projected:perso-arabic,projected:perso-arabic,projected:phoenician,projected:devanagari,projected:gurmukhi,projected:devanagari,projected:perso-arabic,projected:khudawadi,projected:syriac,projected:tamil,projected:telugu,projected:perso-arabic
ASM_NEG,NEG,asm,projected:perso-arabic,projected:aramaic,projected:bengali,projected:bengali,projected:perso-arabic,projected:gujarati,projected:hebrew,authored,projected:kannada,projected:sharada,projected:malayalam,projected:devanagari,projected:devanagari,projected:oriya,projected:devanagari,projected:perso-arabic,projected:perso-arabic,projected:phoenician,projected:devanagari,projected:gurmukhi,projected:devanagari,projected:perso-arabic,projected:khudawadi,projected:syriac,projected:tamil,projected:telugu,projected:perso-arabic
ASM_NOP,NOP,asm,projected:perso-arabic,projected:aramaic,projected:bengali,projected:bengali,projected:perso-arabic,projected:gujarati,projected:hebrew,authored,projected:kannada,projected:sharada,projected:malayalam,projected:devanagari,projected:devanagari,projected:oriya,projected:devanagari,projected:perso-arabic,projected:perso-arabic,projected:phoenician,projected:devanagari,projected:gurmukhi,projected:devanagari,projected:perso-arabic,projected:khudawadi,projected:syriac,projected:tamil,projected:telugu,projected:perso-arabic
ASM_OUT,OUT,asm,projected:perso-arabic,projected:aramaic,projected:bengali,projected:bengali,projected:perso-arabic,projected:gujarati,projected:hebrew,authored,projected:kannada,projected:sharada,projected:malayalam,projected:devanagari,projected:devanagari,projected:oriya,projected:devanagari,projected:perso-arabic,projected:perso-arabic,projected:phoenician,projected:devanagari,projected:gurmukhi,projected:devanagari,projected:perso-arabic,projected:khudawadi,projected:syriac,projected:tamil,projected:telugu,projected:perso-arabic
ASM_OUTSB,OUTSB,asm,projected:perso-arabic,projected:aramaic,projected:bengali,projected:bengali,projected:perso-arabic,projected:gujarati,projected:hebrew,authored,projected:kannada,projected:sharada,projected:malayalam,projected:devanagari,projected:devanagari,projected:oriya,projected:devanagari,projected:perso-arabic,projected:perso-arabic,projected:phoenician,projected:devanagari,projected:gurmukhi,projected:devanagari,projected:perso-arabic,projected:khudawadi,projected:syriac,projected:tamil,projected:telugu,projected:perso-arabic
ASM_OUTSW,OUTSW,asm,projected:perso-arabic,projected:aramaic,projected:bengali,projected:bengali,projected:perso-arabic,projected:gujarati,projected:hebrew,authored,projected:kannada,projected:sharada,projected:malayalam,projected:devanagari,projected:devanagari,projected:oriya,projected:devanagari,projected:perso-arabic,projected:perso-arabic,projected:phoenician,projected:devanagari,projected:gurmukhi,projected:devanagari,projected:perso-arabic,projected:khudawadi,projected:syriac,projected:tamil,projected:telugu,projected:perso-arabic
ASM_POP,POP,asm,projected:perso-arabic,projected:aramaic,projected:bengali,projected:bengali,projected:perso-arabic,projected:gujarati,projected:hebrew,authored,projected:kannada,projected:sharada,projected:malayalam,projected:devanagari,projected:devanagari,projected:oriya,projected:devanagari,projected:perso-arabic,projected:perso-arabic,projected:phoenician,projected:devanagari,projected:gurmukhi,projected:devanagari,projected:perso-arabic,projected:khudawadi,projected:syriac,projected:tamil,projected:telugu,projected:perso-arabic
ASM_POPA,POPA,asm,projected:perso-arabic,projected:aramaic,projected:bengali,projected:bengali,projected:perso-arabic,projected:gujarati,projected:hebrew,authored,projected:kannada,projected:sharada,projected:malayalam,projected:devanagari,projected:devanagari,projected:oriya,projected:devanagari,projected:perso-arabic,projected:perso-arabic,projected:phoenician,projected:devanagari,projected:gurmukhi,projected:devanagari,projected:perso-arabic,projected:khudawadi,projected:syriac,projected:tamil,projected:telugu,projected:perso-arabic
ASM_POPAD,POPAD,asm,projected:perso-arabic,projected:aramaic,projected:bengali,projected:bengali,projected:perso-arabic,projected:gujarati,projected:hebrew,authored,projected:kannada,projected:sharada,projected:malayalam,projected:devanagari,projected:devanagari,projected:oriya,projected:devanagari,projected:perso-arabic,projected:perso-arabic,projected:phoenician,projected:devanagari,projected:gurmukhi,projected:devanagari,projected:perso-arabic,projected:khudawadi,projected:syriac,projected:tamil,projected:telugu,projected:perso-arabic
ASM_POPF,POPF,asm,projected:perso-arabic,projected:aramaic,projected:bengali,projected:bengali,projected:perso-arabic,projected:gujarati,projected:hebrew,authored,projected:kannada,projected:sharada,projected:malayalam,projected:devanagari,projected:devanagari,projected:oriya,projected:devanagari,projected:perso-arabic,projected:perso-arabic,projected:phoenician,projected:devanagari,projected:gurmukhi,projected:devanagari,projected:perso-arabic,projected:khudawadi,projected:syriac,projected:tamil,projected:telugu,projected:perso-arabic
ASM_POPFD,POPFD,asm,projected:perso-arabic,projected:aramaic,projected:bengali,projected:bengali,projected:perso-arabic,projected:gujarati,projected:hebrew,authored,projected:kannada,projected:sharada,projected:malayalam,projected:devanagari,projected:devanagari,projected:oriya,projected:devanagari,projected:perso-arabic,projected:perso-arabic,projected:phoenician,projected:devanagari,projected:gurmukhi,projected:devanagari,projected:perso-arabic,projected:khudawadi,projected:syriac,projected:tamil,projected:telugu,projected:perso-arabic
ASM_PUSH,PUSH,asm,projected:perso-arabic,projected:aramaic,projected:bengali,projected:bengali,projected:perso-arabic,projected:gujarati,projected:hebrew,authored,projected:kannada,projected:sharada,projected:malayalam,projected:devanagari,projected:devanagari,projected:oriya,projected:devanagari,projected:perso-arabic,projected:perso-arabic,projected:phoenician,projected:devanagari,projected:gurmukhi,projected:devanagari,projected:perso-arabic,projected:khudawadi,projected:syriac,projected:tamil,projected:telugu,projected:perso-arabic
ASM_PUSHA,PUSHA,asm,projected:perso-arabic,projected:aramaic,projected:bengali,projected:bengali,projected:perso-arabic,projected:gujarati,projected:hebrew,authored,projected:kannada,projected:sharada,projected:malayalam,projected:devanagari,projected:devanagari,projected:oriya,projected:devanagari,projected:perso-arabic,projected:perso-arabic,projected:phoenician,projected:devanagari,projected:gurmukhi,projected:devanagari,projected:perso-arabic,projected:khudawadi,projected:syriac,projected:tamil,projected:telugu,projected:perso-arabic
ASM_PUSHAD,PUSHAD,asm,projected:perso-arabic,projected:aramaic,projected:bengali,projected:bengali,projected:perso-arabic,projected:gujarati,projected:hebrew,authored,projected:kannada,projected:sharada,projected:malayalam,projected:devanagari,projected:devanagari,projected:oriya,projected:devanagari,projected:perso-arabic,projected:perso-arabic,projected:phoenician,projected:devanagari,projected:gurmukhi,projected:devanagari,projected:perso-arabic,projected:khudawadi,projected:syriac,projected:tamil,projected:telugu,projected:perso-arabic
ASM_PUSHF,PUSHF,asm,projected:perso-arabic,projected:aramaic,projected:bengali,projected:bengali,projected:perso-arabic,projected:gujarati,projected:hebrew,authored,projected:kannada,projected:sharada,projected:malayalam,projected:devanagari,projected:devanagari,projected:oriya,projected:devanagari,projected:perso-arabic,projected:perso-arabic,projected:phoenician,projected:devanagari,projected:gurmukhi,projected:devanagari,projected:perso-arabic,projected:khudawadi,projected:syriac,projected:tamil,projected:telugu,projected:perso-arabic
ASM_PUSHFD,PUSHFD,asm,projected:perso-arabic,projected:aramaic,projected:bengali,projected:bengali,projected:perso-arabic,projected:gujarati,projected:hebrew,authored,projected:kannada,projected:sharada,projected:malayalam,projected:devanagari,projected:devanagari,projected:oriya,projected:devanagari,projected:perso-arabic,projected:perso-arabic,projected:phoenician,projected:devanagari,projected:gurmukhi,projected:devanagari,projected:perso-arabic,projected:khudawadi,projected:syriac,projected:tamil,projected:telugu,projected:perso-arabic
ASM_RCL,RCL,asm,projected:perso-arabic,projected:aramaic,projected:bengali,projected:bengali,projected:perso-arabic,projected:gujarati,projected:hebrew,authored,projected:kannada,projected:sharada,projected:malayalam,projected:devanagari,projected:devanagari,projected:oriya,projected:devanagari,projected:perso-arabic,projected:perso-arabic,projected:phoenician,projected:devanagari,projected:gurmukhi,projected:devanagari,projected:perso-arabic,projected:khudawadi,projected:syriac,projected:tamil,projected:telugu,projected:perso-arabic
ASM_RCR,RCR,asm,projected:perso-arabic,projected:aramaic,projected:bengali,projected:bengali,projected:perso-arabic,projected:gujarati,projected:hebrew,authored,projected:kannada,projected:sharada,projected:malayalam,projected:devanagari,projected:devanagari,projected:oriya,projected:devanagari,projected:perso-arabic,projected:perso-arabic,projected:phoenician,projected:devanagari,projected:gurmukhi,projected:devanagari,projected:perso-arabic,projected:khudawadi,projected:syriac,projected:tamil,projected:telugu,projected:perso-arabic
ASM_REP,REP,asm,projected:perso-arabic,projected:aramaic,projected:bengali,projected:bengali,projected:perso-arabic,projected:gujarati,projected:hebrew,authored,projected:kannada,projected:sharada,projected:malayalam,projected:devanagari,projected:devanagari,projected:oriya,projected:devanagari,projected:perso-arabic,projected:perso-arabic,projected:phoenician,projected:devanagari,projected:gurmukhi,projected:devanagari,projected:perso-arabic,projected:khudawadi,projected:syriac,projected:tamil,projected:telugu,projected:perso-arabic
ASM_REPE,REPE,asm,projected:perso-arabic,projected:aramaic,projected:bengali,projected:bengali,projected:perso-arabic,projected:gujarati,projected:hebrew,authored,projected:kannada,projected:sharada,projected:malayalam,projected:devanagari,projected:devanagari,projected:oriya,projected:devanagari,projected:perso-arabic,projected:perso-arabic,projected:phoenician,projected:devanagari,projected:gurmukhi,projected:devanagari,projected:perso-arabic,projected:khudawadi,projected:syriac,projected:tamil,projected:telugu,projected:perso-arabic
ASM_REPNE,REPNE,asm,projected:perso-arabic,projected:aramaic,projected:bengali,projected:bengali,projected:perso-arabic,projected:gujarati,projected:hebrew,authored,projected:kannada,projected:sharada,projected:malayalam,projected:devanagari,projected:devanagari,projected:oriya,projected:devanagari,projected:perso-arabic,projected:perso-arabic,projected:phoenician,projected:devanagari,projected:gurmukhi,projected:devanagari,projected:perso-arabic,projected:khudawadi,projected:syriac,projected:tamil,projected:telugu,projected:perso-arabic
ASM_REPNZ,REPNZ,asm,projected:perso-arabic,projected:aramaic,projected:bengali,projected:bengali,projected:perso-arabic,projected:gujarati,projected:hebrew,authored,projected:kannada,projected:sharada,projected:malayalam,projected:devanagari,projected:devanagari,projected:oriya,projected:devanagari,projected:perso-arabic,projected:perso-arabic,projected:phoenician,projected:devanagari,projected:gurmukhi,projected:devanagari,projected:perso-arabic,projected:khudawadi,projected:syriac,projected:tamil,projected:telugu,projected:perso-arabic
ASM_REPZ,REPZ,asm,projected:perso-arabic,projected:aramaic,projected:bengali,projected:bengali,projected:perso-arabic,projected:gujarati,projected:hebrew,authored,projected:kannada,projected:sharada,projected:malayalam,projected:devanagari,projected:devanagari,projected:oriya,projected:devanagari,projected:perso-arabic,projected:perso-arabic,projected:phoenician,projected:devanagari,projected:gurmukhi,projected:devanagari,projected:perso-arabic,projected:khudawadi,projected:syriac,projected:tamil,projected:telugu,projected:perso-arabic
ASM_RET,RET,asm,projected:perso-arabic,projected:aramaic,projected:bengali,projected:bengali,projected:perso-arabic,projected:gujarati,projected:hebrew,authored,projected:kannada,projected:sharada,projected:malayalam,projected:devanagari,projected:devanagari,projected:oriya,projected:devanagari,projected:perso-arabic,projected:perso-arabic,projected:phoenician,projected:devanagari,projected:gurmukhi,projected:devanagari,projected:perso-arabic,projected:khudawadi,projected:syriac,projected:tamil,projected:telugu,projected:perso-arabic
ASM_RETF,RETF,asm,projected:perso-arabic,projected:aramaic,projected:bengali,projected:bengali,projected:perso-arabic,projected:gujarati,projected:hebrew,authored,projected:kannada,projected:sharada,projected:malayalam,projected:devanagari,projected:devanagari,projected:oriya,projected:devanagari,projected:perso-arabic,projected:perso-arabic,projected:phoenician,projected:devanagari,projected:gurmukhi,projected:devanagari,projected:perso-arabic,projected:khudawadi,projected:syriac,projected:tamil,projected:telugu,projected:perso-arabic
ASM_ROL,ROL,asm,projected:perso-arabic,projected:aramaic,projected:bengali,projected:bengali,projected:perso-arabic,projected:gujarati,projected:hebrew,authored,projected:kannada,projected:sharada,projected:malayalam,projected:devanagari,projected:devanagari,projected:oriya,projected:devanagari,projected:perso-arabic,projected:perso-arabic,projected:phoenician,projected:devanagari,projected:gurmukhi,projected:devanagari,projected:perso-arabic,projected:khudawadi,projected:syriac,projected:tamil,projected:telugu,projected:perso-arabic
ASM_ROR,ROR,asm,projected:perso-arabic,projected:aramaic,projected:bengali,projected:bengali,projected:perso-arabic,projected:gujarati,projected:hebrew,authored,projected:kannada,projected:sharada,projected:malayalam,projected:devanagari,projected:devanagari,projected:oriya,projected:devanagari,projected:perso-arabic,projected:perso-arabic,projected:phoenician,projected:devanagari,projected:gurmukhi,projected:devanagari,projected:perso-arabic,projected:khudawadi,projected:syriac,projected:tamil,projected:telugu,projected:perso-arabic
ASM_SAHF,SAHF,asm,projected:perso-arabic,projected:aramaic,projected:bengali,projected:bengali,projected:perso-arabic,projected:gujarati,projected:hebrew,authored,projected:kannada,projected:sharada,projected:malayalam,projected:devanagari,projected:devanagari,projected:oriya,projected:devanagari,projected:perso-arabic,projected:perso-arabic,projected:phoenician,projected:devanagari,projected:gurmukhi,projected:devanagari,projected:perso-arabic,projected:khudawadi,projected:syriac,projected:tamil,projected:telugu,projected:perso-arabic
ASM_SAL,SAL,asm,projected:perso-arabic,projected:aramaic,projected:bengali,projected:bengali,projected:perso-arabic,projected:gujarati,projected:hebrew,authored,projected:kannada,projected:sharada,projected:malayalam,projected:devanagari,projected:devanagari,projected:oriya,projected:devanagari,projected:perso-arabic,projected:perso-arabic,projected:phoenician,projected:devanagari,projected:gurmukhi,projected:devanagari,projected:perso-arabic,projected:khudawadi,projected:syriac,projected:tamil,projected:telugu,projected:perso-arabic
ASM_SAR,SAR,asm,projected:perso-arabic,projected:aramaic,projected:bengali,projected:bengali,projected:perso-arabic,projected:gujarati,projected:hebrew,authored,projected:kannada,projected:sharada,projected:malayalam,projected:devanagari,projected:devanagari,projected:oriya,projected:devanagari,projected:perso-arabic,projected:perso-arabic,projected:phoenician,projected:devanagari,projected:gurmukhi,projected:devanagari,projected:perso-arabic,projected:khudawadi,projected:syriac,projected:tamil,projected:telugu,projected:perso-arabic
ASM_SHL,SHL,asm,projected:perso-arabic,projected:aramaic,projected:bengali,projected:bengali,projected:perso-arabic,projected:gujarati,projected:hebrew,authored,projected:kannada,projected:sharada,projected:malayalam,projected:devanagari,projected:devanagari,projected:oriya,projected:devanagari,projected:perso-arabic,projected:perso-arabic,projected:phoenician,projected:devanagari,projected:gurmukhi,projected:devanagari,projected:perso-arabic,projected:khudawadi,projected:syriac,projected:tamil,projected:telugu,projected:perso-arabic
ASM_SHR,SHR,asm,projected:perso-arabic,projected:aramaic,projected:bengali,projected:bengali,projected:perso-arabic,projected:gujarati,projected:hebrew,authored,projected:kannada,projected:sharada,projected:malayalam,projected:devanagari,projected:devanagari,projected:oriya,projected:devanagari,projected:perso-arabic,projected:perso-arabic,projected:phoenician,projected:devanagari,projected:gurmukhi,projected:devanagari,projected:perso-arabic,projected:khudawadi,projected:syriac,projected:tamil,projected:telugu,projected:perso-arabic
ASM_SHLD,SHLD,asm,projected:perso-arabic,projected:aramaic,projected:bengali,projected:bengali,projected:perso-arabic,projected:gujarati,projected:hebrew,authored,projected:kannada,projected:sharada,projected:malayalam,projected:devanagari,projected:devanagari,projected:oriya,projected:devanagari,projected:perso-arabic,projected:perso-arabic,projected:phoenician,projected:devanagari,projected:gurmukhi,projected:devanagari,projected:perso-arabic,projected:khudawadi,projected:syriac,projected:tamil,projected:telugu,projected:perso-arabic
ASM_SHRD,SHRD,asm,projected:perso-arabic,projected:aramaic,projected:bengali,projected:bengali,projected:perso-arabic,projected:gujarati,projected:hebrew,authored,projected:kannada,projected:sharada,projected:malayalam,projected:devanagari,projected:devanagari,projected:oriya,projected:devanagari,projected:perso-arabic,projected:perso-arabic,projected:phoenician,projected:devanagari,projected:gurmukhi,projected:devanagari,projected:perso-arabic,projected:khudawadi,projected:syriac,projected:tamil,projected:telugu,projected:perso-arabic
ASM_SBB,SBB,asm,projected:perso-arabic,projected:aramaic,projected:bengali,projected:bengali,projected:perso-arabic,projected:gujarati,projected:hebrew,authored,projected:kannada,projected:sharada,projected:malayalam,projected:devanagari,projected:devanagari,projected:oriya,projected:devanagari,projected:perso-arabic,projected:perso-arabic,projected:phoenician,projected:devanagari,projected:gurmukhi,projected:devanagari,projected:perso-arabic,projected:khudawadi,projected:syriac,projected:tamil,projected:telugu,projected:perso-arabic
ASM_SCASB,SCASB,asm,projected:perso-arabic,projected:aramaic,projected:bengali,projected:bengali,projected:perso-arabic,projected:gujarati,projected:hebrew,authored,projected:kannada,projected:sharada,projected:malayalam,projected:devanagari,projected:devanagari,projected:oriya,projected:devanagari,projected:perso-arabic,projected:perso-arabic,projected:phoenician,projected:devanagari,projected:gurmukhi,projected:devanagari,projected:perso-arabic,projected:khudawadi,projected:syriac,projected:tamil,projected:telugu,projected:perso-arabic
ASM_SCASW,SCASW,asm,projected:perso-arabic,projected:aramaic,projected:bengali,projected:bengali,projected:perso-arabic,projected:gujarati,projected:hebrew,authored,projected:kannada,projected:sharada,projected:malayalam,projected:devanagari,projected:devanagari,projected:oriya,projected:devanagari,projected:perso-arabic,projected:perso-arabic,projected:phoenician,projected:devanagari,projected:gurmukhi,projected:devanagari,projected:perso-arabic,projected:khudawadi,projected:syriac,projected:tamil,projected:telugu,projected:perso-arabic
ASM_SETA,SETA,asm,projected:perso-arabic,projected:aramaic,projected:bengali,projected:bengali,projected:perso-arabic,projected:gujarati,projected:hebrew,authored,projected:kannada,projected:sharada,projected:malayalam,projected:devanagari,projected:devanagari,projected:oriya,projected:devanagari,projected:perso-arabic,projected:perso-arabic,projected:phoenician,projected:devanagari,projected:gurmukhi,projected:devanagari,projected:perso-arabic,projected:khudawadi,projected:syriac,projected:tamil,projected:telugu,projected:perso-arabic
ASM_SETAE,SETAE,asm,projected:perso-arabic,projected:aramaic,projected:bengali,projected:bengali,projected:perso-arabic,projected:gujarati,projected:hebrew,authored,projected:kannada,projected:sharada,projected:malayalam,projected:devanagari,projected:devanagari,projected:oriya,projected:devanagari,projected:perso-arabic,projected:perso-arabic,projected:phoenician,projected:devanagari,projected:gurmukhi,projected:devanagari,projected:perso-arabic,projected:khudawadi,projected:syriac,projected:tamil,projected:telugu,projected:perso-arabic
ASM_SETB,SETB,asm,projected:perso-arabic,projected:aramaic,projected:bengali,projected:bengali,projected:perso-arabic,projected:gujarati,projected:hebrew,authored,projected:kannada,projected:sharada,projected:malayalam,projected:devanagari,projected:devanagari,projected:oriya,projected:devanagari,projected:perso-arabic,projected:perso-arabic,projected:phoenician,projected:devanagari,projected:gurmukhi,projected:devanagari,projected:perso-arabic,projected:khudawadi,projected:syriac,projected:tamil,projected:telugu,projected:perso-arabic
ASM_SETBE,SETBE,asm,projected:perso-arabic,projected:aramaic,projected:bengali,projected:bengali,projected:perso-arabic,projected:gujarati,projected:hebrew,authored,projected:kannada,projected:sharada,projected:malayalam,projected:devanagari,projected:devanagari,projected:oriya,projected:devanagari,projected:perso-arabic,projected:perso-arabic,projected:phoenician,projected:devanagari,projected:gurmukhi,projected:devanagari,projected:perso-arabic,projected:khudawadi,projected:syriac,projected:tamil,projected:telugu,projected:perso-arabic
ASM_SETE,SETE,asm,projected:perso-arabic,projected:aramaic,projected:bengali,projected:bengali,projected:perso-arabic,projected:gujarati,projected:hebrew,authored,projected:kannada,projected:sharada,projected:malayalam,projected:devanagari,projected:devanagari,projected:oriya,projected:devanagari,projected:perso-arabic,projected:perso-arabic,projected:phoenician,projected:devanagari,projected:gurmukhi,projected:devanagari,projected:perso-arabic,projected:khudawadi,projected:syriac,projected:tamil,projected:telugu,projected:perso-arabic
ASM_SETG,SETG,asm,projected:perso-arabic,projected:aramaic,projected:bengali,projected:bengali,projected:perso-arabic,projected:gujarati,projected:hebrew,authored,projected:kannada,projected:sharada,projected:malayalam,projected:devanagari,projected:devanagari,projected:oriya,projected:devanagari,projected:perso-arabic,projected:perso-arabic,projected:phoenician,projected:devanagari,projected:gurmukhi,projected:devanagari,projected:perso-arabic,projected:khudawadi,projected:syriac,projected:tamil,projected:telugu,projected:perso-arabic
ASM_SETGE,SETGE,asm,projected:perso-arabic,projected:aramaic,projected:bengali,projected:bengali,projected:perso-arabic,projected:gujarati,projected:hebrew,authored,projected:kannada,projected:sharada,projected:malayalam,projected:devanagari,projected:devanagari,projected:oriya,projected:devanagari,projected:perso-arabic,projected:perso-arabic,projected:phoenician,projected:devanagari,projected:gurmukhi,projected:devanagari,projected:perso-arabic,projected:khudawadi,projected:syriac,projected:tamil,projected:telugu,projected:perso-arabic
ASM_SETL,SETL,asm,projected:perso-arabic,projected:aramaic,projected:bengali,projected:bengali,projected:perso-arabic,projected:gujarati,projected:hebrew,authored,projected:kannada,projected:sharada,projected:malayalam,projected:devanagari,projected:devanagari,projected:oriya,projected:devanagari,projected:perso-arabic,projected:perso-arabic,projected:phoenician,projected:devanagari,projected:gurmukhi,projected:devanagari,projected:perso-arabic,projected:khudawadi,projected:syriac,projected:tamil,projected:telugu,projected:perso-arabic
ASM_SETLE,SETLE,asm,projected:perso-arabic,projected:aramaic,projected:bengali,projected:bengali,projected:perso-arabic,projected:gujarati,projected:hebrew,authored,projected:kannada,projected:sharada,projected:malayalam,projected:devanagari,projected:devanagari,projected:oriya,projected:devanagari,projected:perso-arabic,projected:perso-arabic,projected:phoenician,projected:devanagari,projected:gurmukhi,projected:devanagari,projected:perso-arabic,projected:khudawadi,projected:syriac,projected:tamil,projected:telugu,projected:perso-arabic
ASM_SETNA,SETNA,asm,projected:perso-arabic,projected:aramaic,projected:bengali,projected:bengali,projected:perso-arabic,projected:gujarati,projected:hebrew,authored,projected:kannada,projected:sharada,projected:malayalam,projected:devanagari,projected:devanagari,projected:oriya,projected:devanagari,projected:perso-arabic,projected:perso-arabic,projected:phoenician,projected:devanagari,projected:gurmukhi,projected:devanagari,projected:perso-arabic,projected:khudawadi,projected:syriac,projected:tamil,projected:telugu,projected:perso-arabic
ASM_SETNAE,SETNAE,asm,projected:perso-arabic,projected:aramaic,projected:bengali,projected:bengali,projected:perso-arabic,projected:gujarati,projected:hebrew,authored,projected:kannada,projected:sharada,projected:malayalam,projected:devanagari,projected:devanagari,projected:oriya,projected:devanagari,projected:perso-arabic,projected:perso-arabic,projected:phoenician,projected:devanagari,projected:gurmukhi,projected:devanagari,projected:perso-arabic,projected:khudawadi,projected:syriac,projected:tamil,projected:telugu,projected:perso-arabic
ASM_SETNB,SETNB,asm,projected:perso-arabic,projected:aramaic,projected:bengali,projected:bengali,projected:perso-arabic,projected:gujarati,projected:hebrew,authored,projected:kannada,projected:sharada,projected:malayalam,projected:devanagari,projected:devanagari,projected:oriya,projected:devanagari,projected:perso-arabic,projected:perso-arabic,projected:phoenician,projected:devanagari,projected:gurmukhi,projected:devanagari,projected:perso-arabic,projected:khudawadi,projected:syriac,projected:tamil,projected:telugu,projected:perso-arabic
ASM_SETNBE,SETNBE,asm,projected:perso-arabic,projected:aramaic,projected:bengali,projected:bengali,projected:perso-arabic,projected:gujarati,projected:hebrew,authored,projected:kannada,projected:sharada,projected:malayalam,projected:devanagari,projected:devanagari,projected:oriya,projected:devanagari,projected:perso-arabic,projected:perso-arabic,projected:phoenician,projected:devanagari,projected:gurmukhi,projected:devanagari,projected:perso-arabic,projected:khudawadi,projected:syriac,projected:tamil,projected:telugu,projected:perso-arabic
ASM_SETNE,SETNE,asm,projected:perso-arabic,projected:aramaic,projected:bengali,projected:bengali,projected:perso-arabic,projected:gujarati,projected:hebrew,authored,projected:kannada,projected:sharada,projected:malayalam,projected:devanagari,projected:devanagari,projected:oriya,projected:devanagari,projected:perso-arabic,projected:perso-arabic,projected:phoenician,projected:devanagari,projected:gurmukhi,projected:devanagari,projected:perso-arabic,projected:khudawadi,projected:syriac,projected:tamil,projected:telugu,projected:perso-arabic
ASM_SETNG,SETNG,asm,projected:perso-arabic,projected:aramaic,projected:bengali,projected:bengali,projected:perso-arabic,projected:gujarati,projected:hebrew,authored,projected:kannada,projected:sharada,projected:malayalam,projected:devanagari,projected:devanagari,projected:oriya,projected:devanagari,projected:perso-arabic,projected:perso-arabic,projected:phoenician,projected:devanagari,projected:gurmukhi,projected:devanagari,projected:perso-arabic,projected:khudawadi,projected:syriac,projected:tamil,projected:telugu,projected:perso-arabic
ASM_SETNGE,SETNGE,asm,projected:perso-arabic,projected:aramaic,projected:bengali,projected:bengali,projected:perso-arabic,projected:gujarati,projected:hebrew,authored,projected:kannada,projected:sharada,projected:malayalam,projected:devanagari,projected:devanagari,projected:oriya,projected:devanagari,projected:perso-arabic,projected:perso-arabic,projected:phoenician,projected:devanagari,projected:gurmukhi,projected:devanagari,projected:perso-arabic,projected:khudawadi,projected:syriac,projected:tamil,projected:telugu,projected:perso-arabic
ASM_SETNL,SETNL,asm,projected:perso-arabic,projected:aramaic,projected:bengali,projected:bengali,projected:perso-arabic,projected:gujarati,projected:hebrew,authored,projected:kannada,projected:sharada,projected:malayalam,projected:devanagari,projected:devanagari,projected:oriya,projected:devanagari,projected:perso-arabic,projected:perso-arabic,projected:phoenician,projected:devanagari,projected:gurmukhi,projected:devanagari,projected:perso-arabic,projected:khudawadi,projected:syriac,projected:tamil,projected:telugu,projected:perso-arabic
ASM_SETNLE,SETNLE,asm,projected:perso-arabic,projected:aramaic,projected:bengali,projected:bengali,projected:perso-arabic,projected:gujarati,projected:hebrew,authored,projected:kannada,projected:sharada,projected:malayalam,projected:devanagari,projected:devanagari,projected:oriya,projected:devanagari,projected:perso-arabic,projected:perso-arabic,projected:phoenician,projected:devanagari,projected:gurmukhi,projected:devanagari,projected:perso-arabic,projected:khudawadi,projected:syriac,projected:tamil,projected:telugu,projected:perso-arabic
ASM_SETNO,SETNO,asm,projected:perso-arabic,projected:aramaic,projected:bengali,projected:bengali,projected:perso-arabic,projected:gujarati,projected:hebrew,authored,projected:kannada,projected:sharada,projected:malayalam,projected:devanagari,projected:devanagari,projected:oriya,projected:devanagari,projected:perso-arabic,projected:perso-arabic,projected:phoenician,projected:devanagari,projected:gurmukhi,projected:devanagari,projected:perso-arabic,projected:khudawadi,projected:syriac,projected:tamil,projected:telugu,projected:perso-arabic
ASM_SETNP,SETNP,asm,projected:perso-arabic,projected:aramaic,projected:bengali,projected:bengali,projected:perso-arabic,projected:gujarati,projected:hebrew,authored,projected:kannada,projected:sharada,projected:malayalam,projected:devanagari,projected:devanagari,projected:oriya,projected:devanagari,projected:perso-arabic,projected:perso-arabic,projected:phoenician,projected:devanagari,projected:gurmukhi,projected:devanagari,projected:perso-arabic,projected:khudawadi,projected:syriac,projected:tamil,projected:telugu,projected:perso-arabic
ASM_SETNS,SETNS,asm,projected:perso-arabic,projected:aramaic,projected:bengali,projected:bengali,projected:perso-arabic,projected:gujarati,projected:hebrew,authored,projected:kannada,projected:sharada,projected:malayalam,projected:devanagari,projected:devanagari,projected:oriya,projected:devanagari,projected:perso-arabic,projected:perso-arabic,projected:phoenician,projected:devanagari,projected:gurmukhi,projected:devanagari,projected:perso-arabic,projected:khudawadi,projected:syriac,projected:tamil,projected:telugu,projected:perso-arabic
ASM_SETNZ,SETNZ,asm,projected:perso-arabic,projected:aramaic,projected:bengali,projected:bengali,projected:perso-arabic,projected:gujarati,projected:hebrew,authored,projected:kannada,projected:sharada,projected:malayalam,projected:devanagari,projected:devanagari,projected:oriya,projected:devanagari,projected:perso-arabic,projected:perso-arabic,projected:phoenician,projected:devanagari,projected:gurmukhi,projected:devanagari,projected:perso-arabic,projected:khudawadi,projected:syriac,projected:tamil,projected:telugu,projected:perso-arabic
ASM_SETO,SETO,asm,projected:perso-arabic,projected:aramaic,projected:bengali,projected:bengali,projected:perso-arabic,projected:gujarati,projected:hebrew,authored,projected:kannada,projected:sharada,projected:malayalam,projected:devanagari,projected:devanagari,projected:oriya,projected:devanagari,projected:perso-arabic,projected:perso-arabic,projected:phoenician,projected:devanagari,projected:gurmukhi,projected:devanagari,projected:perso-arabic,projected:khudawadi,projected:syriac,projected:tamil,projected:telugu,projected:perso-arabic
ASM_SETP,SETP,asm,projected:perso-arabic,projected:aramaic,projected:bengali,projected:bengali,projected:perso-arabic,projected:gujarati,projected:hebrew,authored,projected:kannada,projected:sharada,projected:malayalam,projected:devanagari,projected:devanagari,projected:oriya,projected:devanagari,projected:perso-arabic,projected:perso-arabic,projected:phoenician,projected:devanagari,projected:gurmukhi,projected:devanagari,projected:perso-arabic,projected:khudawadi,projected:syriac,projected:tamil,projected:telugu,projected:perso-arabic
ASM_SETPE,SETPE,asm,projected:perso-arabic,projected:aramaic,projected:bengali,projected:bengali,projected:perso-arabic,projected:gujarati,projected:hebrew,authored,projected:kannada,projected:sharada,projected:malayalam,projected:devanagari,projected:devanagari,projected:oriya,projected:devanagari,projected:perso-arabic,projected:perso-arabic,projected:phoenician,projected:devanagari,projected:gurmukhi,projected:devanagari,projected:perso-arabic,projected:khudawadi,projected:syriac,projected:tamil,projected:telugu,projected:perso-arabic
ASM_SETPO,SETPO,asm,projected:perso-arabic,projected:aramaic,projected:bengali,projected:bengali,projected:perso-arabic,projected:gujarati,projected:hebrew,authored,projected:kannada,projected:sharada,projected:malayalam,projected:devanagari,projected:devanagari,projected:oriya,projected:devanagari,projected:perso-arabic,projected:perso-arabic,projected:phoenician,projected:devanagari,projected:gurmukhi,projected:devanagari,projected:perso-arabic,projected:khudawadi,projected:syriac,projected:tamil,projected:telugu,projected:perso-arabic
ASM_SETS,SETS,asm,projected:perso-arabic,projected:aramaic,projected:bengali,projected:bengali,projected:perso-arabic,projected:gujarati,projected:hebrew,authored,projected:kannada,projected:sharada,projected:malayalam,projected:devanagari,projected:devanagari,projected:oriya,projected:devanagari,projected:perso-arabic,projected:perso-arabic,projected:phoenician,projected:devanagari,projected:gurmukhi,projected:devanagari,projected:perso-arabic,projected:khudawadi,projected:syriac,projected:tamil,projected:telugu,projected:perso-arabic
ASM_SETZ,SETZ,asm,projected:perso-arabic,projected:aramaic,projected:bengali,projected:bengali,projected:perso-arabic,projected:gujarati,projected:hebrew,authored,projected:kannada,projected:sharada,projected:malayalam,projected:devanagari,projected:devanagari,projected:oriya,projected:devanagari,projected:perso-arabic,projected:perso-arabic,projected:phoenician,projected:devanagari,projected:gurmukhi,projected:devanagari,projected:perso-arabic,projected:khudawadi,projected:syriac,projected:tamil,projected:telugu,projected:perso-arabic
ASM_SGDT,SGDT,asm,projected:perso-arabic,projected:aramaic,projected:bengali,projected:bengali,projected:perso-arabic,projected:gujarati,projected:hebrew,authored,projected:kannada,projected:sharada,projected:malayalam,projected:devanagari,projected:devanagari,projected:oriya,projected:devanagari,projected:perso-arabic,projected:perso-arabic,projected:phoenician,projected:devanagari,projected:gurmukhi,projected:devanagari,projected:perso-arabic,projected:khudawadi,projected:syriac,projected:tamil,projected:telugu,projected:perso-arabic
ASM_SIDT,SIDT,asm,projected:perso-arabic,projected:aramaic,projected:bengali,projected:bengali,projected:perso-arabic,projected:gujarati,projected:hebrew,authored,projected:kannada,projected:sharada,projected:malayalam,projected:devanagari,projected:devanagari,projected:oriya,projected:devanagari,projected:perso-arabic,projected:perso-arabic,projected:phoenician,projected:devanagari,projected:gurmukhi,projected:devanagari,projected:perso-arabic,projected:khudawadi,projected:syriac,projected:tamil,projected:telugu,projected:perso-arabic
ASM_SLDT,SLDT,asm,projected:perso-arabic,projected:aramaic,projected:bengali,projected:bengali,projected:perso-arabic,projected:gujarati,projected:hebrew,authored,projected:kannada,projected:sharada,projected:malayalam,projected:devanagari,projected:devanagari,projected:oriya,projected:devanagari,projected:perso-arabic,projected:perso-arabic,projected:phoenician,projected:devanagari,projected:gurmukhi,projected:devanagari,projected:perso-arabic,projected:khudawadi,projected:syriac,projected:tamil,projected:telugu,projected:perso-arabic
ASM_SMSW,SMSW,asm,projected:perso-arabic,projected:aramaic,projected:bengali,projected:bengali,projected:perso-arabic,projected:gujarati,projected:hebrew,authored,projected:kannada,projected:sharada,projected:malayalam,projected:devanagari,projected:devanagari,projected:oriya,projected:devanagari,projected:perso-arabic,projected:perso-arabic,projected:phoenician,projected:devanagari,projected:gurmukhi,projected:devanagari,projected:perso-arabic,projected:khudawadi,projected:syriac,projected:tamil,projected:telugu,projected:perso-arabic
ASM_STC,STC,asm,projected:perso-arabic,projected:aramaic,projected:bengali,projected:bengali,projected:perso-arabic,projected:gujarati,projected:hebrew,authored,projected:kannada,projected:sharada,projected:malayalam,projected:devanagari,projected:devanagari,projected:oriya,projected:devanagari,projected:perso-arabic,projected:perso-arabic,projected:phoenician,projected:devanagari,projected:gurmukhi,projected:devanagari,projected:perso-arabic,projected:khudawadi,projected:syriac,projected:tamil,projected:telugu,projected:perso-arabic
ASM_STD,STD,asm,projected:perso-arabic,projected:aramaic,projected:bengali,projected:bengali,projected:perso-arabic,projected:gujarati,projected:hebrew,authored,projected:kannada,projected:sharada,projected:malayalam,projected:devanagari,projected:devanagari,projected:oriya,projected:devanagari,projected:perso-arabic,projected:perso-arabic,projected:phoenician,projected:devanagari,projected:gurmukhi,projected:devanagari,projected:perso-arabic,projected:khudawadi,projected:syriac,projected:tamil,projected:telugu,projected:perso-arabic
ASM_STI,STI,asm,projected:perso-arabic,projected:aramaic,projected:bengali,projected:bengali,projected:perso-arabic,projected:gujarati,projected:hebrew,authored,projected:kannada,projected:sharada,projected:malayalam,projected:devanagari,projected:devanagari,projected:oriya,projected:devanagari,projected:perso-arabic,projected:perso-arabic,projected:phoenician,projected:devanagari,projected:gurmukhi,projected:devanagari,projected:perso-arabic,projected:khudawadi,projected:syriac,projected:tamil,projected:telugu,projected:perso-arabic
ASM_STOSB,STOSB,asm,projected:perso-arabic,projected:aramaic,projected:bengali,projected:bengali,projected:perso-arabic,projected:gujarati,projected:hebrew,authored,projected:kannada,projected:sharada,projected:malayalam,projected:devanagari,projected:devanagari,projected:oriya,projected:devanagari,projected:perso-arabic,projected:perso-arabic,projected:phoenician,projected:devanagari,projected:gurmukhi,projected:devanagari,projected:perso-arabic,projected:khudawadi,projected:syriac,projected:tamil,projected:telugu,projected:perso-arabic
ASM_STOSW,STOSW,asm,projected:perso-arabic,projected:aramaic,projected:bengali,projected:bengali,projected:perso-arabic,projected:gujarati,projected:hebrew,authored,projected:kannada,projected:sharada,projected:malayalam,projected:devanagari,projected:devanagari,projected:oriya,projected:devanagari,projected:perso-arabic,projected:perso-arabic,projected:phoenician,projected:devanagari,projected:gurmukhi,projected:devanagari,projected:perso-arabic,projected:khudawadi,projected:syriac,projected:tamil,projected:telugu,projected:perso-arabic
ASM_STR,STR,asm,projected:perso-arabic,projected:aramaic,projected:bengali,projected:bengali,projected:perso-arabic,projected:gujarati,projected:hebrew,authored,projected:kannada,projected:sharada,projected:malayalam,projected:devanagari,projected:devanagari,projected:oriya,projected:devanagari,projected:perso-arabic,projected:perso-arabic,projected:phoenician,projected:devanagari,projected:gurmukhi,projected:devanagari,projected:perso-arabic,projected:khudawadi,projected:syriac,projected:tamil,projected:telugu,projected:perso-arabic
ASM_SUB,SUB,asm,projected:perso-arabic,projected:aramaic,projected:bengali,projected:bengali,projected:perso-arabic,projected:gujarati,projected:hebrew,authored,projected:kannada,projected:sharada,projected:malayalam,projected:devanagari,projected:devanagari,projected:oriya,projected:devanagari,projected:perso-arabic,projected:perso-arabic,projected:phoenician,projected:devanagari,projected:gurmukhi,projected:devanagari,projected:perso-arabic,projected:khudawadi,projected:syriac,projected:tamil,projected:telugu,projected:perso-arabic
ASM_TEST,TEST,asm,projected:perso-arabic,projected:aramaic,projected:bengali,projected:bengali,projected:perso-arabic,projected:gujarati,projected:hebrew,authored,projected:kannada,projected:sharada,projected:malayalam,projected:devanagari,projected:devanagari,projected:oriya,projected:devanagari,projected:perso-arabic,projected:perso-arabic,projected:phoenician,projected:devanagari,projected:gurmukhi,projected:devanagari,projected:perso-arabic,projected:khudawadi,projected:syriac,projected:tamil,projected:telugu,projected:perso-arabic
ASM_VERR,VERR,asm,projected:perso-arabic,projected:aramaic,projected:bengali,projected:bengali,projected:perso-arabic,projected:gujarati,projected:hebrew,authored,projected:kannada,projected:sharada,projected:malayalam,projected:devanagari,projected:devanagari,projected:oriya,projected:devanagari,projected:perso-arabic,projected:perso-arabic,projected:phoenician,projected:devanagari,projected:gurmukhi,projected:devanagari,projected:perso-arabic,projected:khudawadi,projected:syriac,projected:tamil,projected:telugu,projected:perso-arabic
ASM_VERRW,VERRW,asm,projected:perso-arabic,projected:aramaic,projected:bengali,projected:bengali,projected:perso-arabic,projected:gujarati,projected:hebrew,authored,projected:kannada,projected:sharada,projected:malayalam,projected:devanagari,projected:devanagari,projected:oriya,projected:devanagari,projected:perso-arabic,projected:perso-arabic,projected:phoenician,projected:devanagari,projected:gurmukhi,projected:devanagari,projected:perso-arabic,projected:khudawadi,projected:syriac,projected:tamil,projected:telugu,projected:perso-arabic
ASM_WAIT,WAIT,asm,projected:perso-arabic,projected:aramaic,projected:bengali,projected:bengali,projected:perso-arabic,projected:gujarati,projected:hebrew,authored,projected:kannada,projected:sharada,projected:malayalam,projected:devanagari,projected:devanagari,projected:oriya,projected:devanagari,projected:perso-arabic,projected:perso-arabic,projected:phoenician,projected:devanagari,projected:gurmukhi,projected:devanagari,projected:perso-arabic,projected:khudawadi,projected:syriac,projected:tamil,projected:telugu,projected:perso-arabic
ASM_XADD,XADD,asm,projected:perso-arabic,projected:aramaic,projected:bengali,projected:bengali,projected:perso-arabic,projected:gujarati,projected:hebrew,authored,projected:kannada,projected:sharada,projected:malayalam,projected:devanagari,projected:devanagari,projected:oriya,projected:devanagari,projected:perso-arabic,projected:perso-arabic,projected:phoenician,projected:devanagari,projected:gurmukhi,projected:devanagari,projected:perso-arabic,projected:khudawadi,projected:syriac,projected:tamil,projected:telugu,projected:perso-arabic
ASM_XCHG,XCHG,asm,projected:perso-arabic,projected:aramaic,projected:bengali,projected:bengali,projected:perso-arabic,projected:gujarati,projected:hebrew,authored,projected:kannada,projected:sharada,projected:malayalam,projected:devanagari,projected:devanagari,projected:oriya,projected:devanagari,projected:perso-arabic,projected:perso-arabic,projected:phoenician,projected:devanagari,projected:gurmukhi,projected:devanagari,projected:perso-arabic,projected:khudawadi,projected:syriac,projected:tamil,projected:telugu,projected:perso-arabic
ASM_XLAT,XLAT,asm,projected:perso-arabic,projected:aramaic,projected:bengali,projected:bengali,projected:perso-arabic,projected:gujarati,projected:hebrew,authored,projected:kannada,projected:sharada,projected:malayalam,projected:devanagari,projected:devanagari,projected:oriya,projected:devanagari,projected:perso-arabic,projected:perso-arabic,projected:phoenician,projected:devanagari,projected:gurmukhi,projected:devanagari,projected:perso-arabic,projected:khudawadi,projected:syriac,projected:tamil,projected:telugu,projected:perso-arabic
ASM_TINY,TINY,asm,projected:perso-arabic,projected:aramaic,projected:bengali,projected:bengali,projected:perso-arabic,projected:gujarati,projected:hebrew,authored,projected:kannada,projected:sharada,projected:malayalam,projected:devanagari,projected:devanagari,projected:oriya,projected:devanagari,projected:perso-arabic,projected:perso-arabic,projected:phoenician,projected:devanagari,projected:gurmukhi,projected:devanagari,projected:perso-arabic,projected:khudawadi,projected:syriac,projected:tamil,projected:telugu,projected:perso-arabic
ASM_SMALL,SMALL,asm,projected:perso-arabic,projected:aramaic,projected:bengali,projected:bengali,projected:perso-arabic,projected:gujarati,projected:hebrew,authored,projected:kannada,projected:sharada,projected:malayalam,projected:devanagari,projected:devanagari,projected:oriya,projected:devanagari,projected:perso-arabic,projected:perso-arabic,projected:phoenician,projected:devanagari,projected:gurmukhi,projected:devanagari,projected:perso-arabic,projected:khudawadi,projected:syriac,projected:tamil,projected:telugu,projected:perso-arabic
ASM_COMPACT,COMPACT,asm,projected:perso-arabic,projected:aramaic,projected:bengali,projected:bengali,projected:perso-arabic,projected:gujarati,projected:hebrew,authored,projected:kannada,projected:sharada,projected:malayalam,projected:devanagari,projected:devanagari,projected:oriya,projected:devanagari,projected:perso-arabic,projected:perso-arabic,projected:phoenician,projected:devanagari,projected:gurmukhi,projected:devanagari,projected:perso-arabic,projected:khudawadi,projected:syriac,projected:tamil,projected:telugu,projected:perso-arabic
ASM_LARGE,LARGE,asm,projected:perso-arabic,projected:aramaic,projected:bengali,projected:bengali,projected:perso-arabic,projected:gujarati,projected:hebrew,authored,projected:kannada,projected:sharada,projected:malayalam,projected:devanagari,projected:devanagari,projected:oriya,projected:devanagari,projected:perso-arabic,projected:perso-arabic,projected:phoenician,projected:devanagari,projected:gurmukhi,projected:devanagari,projected:perso-arabic,projected:khudawadi,projected:syriac,projected:tamil,projected:telugu,projected:perso-arabic
ASM_HUGE,HUGE,asm,projected:perso-arabic,projected:aramaic,projected:bengali,projected:bengali,projected:perso-arabic,projected:gujarati,projected:hebrew,authored,projected:kannada,projected:sharada,projected:malayalam,projected:devanagari,projected:devanagari,projected:oriya,projected:devanagari,projected:perso-arabic,projected:perso-arabic,projected:phoenician,projected:devanagari,projected:gurmukhi,projected:devanagari,projected:perso-arabic,projected:khudawadi,projected:syriac,projected:tamil,projected:telugu,projected:perso-arabic
