construct,standard,host,kind,iso_clause,std_ref,arabic,aramaic,assamese,bengali,dari,gujarati,hebrew,hindi,kannada,kashmiri,malayalam,marathi,nepali,odia,pali,pashto,persian,phoenician,prakrit,punjabi,sanskrit,shahmukhi,sindhi,syriac,tamil,telugu,urdu
C_MAIN,main,c,identifier,5.1.2.2.1,ISO/IEC 9899:2011,,,,,,,,मुख्य,,,,,,,,,,,,,,,,,,,مرکزی
C_BASSTUB_C,basstub.c,c,header,,ISO/IEC 9899:2011,,,,,,,,प्राथमिक\.स,,,,,,,,,,,,,,,,,,,
C_ALLOC_H,alloc.h,c,header,,ISO/IEC 9899:2011,,,,,,,,भाग\.स,,,,,,,,,,,,,,,,,,,
C_ASSERT_H,assert.h,c,header,,ISO/IEC 9899:2011,,,,,,,,निश्चित\.स,,,,,,,,,,,,,,,,,,,
C_BIOS_H,bios.h,c,header,,ISO/IEC 9899:2011,,,,,,,,मूलप्रण\.स,,,,,,,,,,,,,,,,,,,
C_CONIO_H,conio.h,c,header,,ISO/IEC 9899:2011,,,,,,,,पट्टपन\.स,,,,,,,,,,,,,,,,,,,
C_CTYPE_H,ctype.h,c,header,,ISO/IEC 9899:2011,,,,,,,,प्रकार\.स,,,,,,,,,,,,,,,,,,,
C_DIR_H,dir.h,c,header,,ISO/IEC 9899:2011,,,,,,,,सूची\.स,,,,,,,,,,,,,,,,,,,
C_DOS_H,dos.h,c,header,,ISO/IEC 9899:2011,,,,,,,,डॉस\.स,,,,,,,,,,,,,,,,,,,
C_ERRNO_H,errno.h,c,header,,ISO/IEC 9899:2011,,,,,,,,त्रुटिसं\.स,,,,,,,,,,,,,,,,,,,
C_FLOAT_H,float.h,c,header,,ISO/IEC 9899:2011,,,,,,,,भग्न\.स,,,,,,,,,,,,,,,,,,,
C_IO_H,io.h,c,header,,ISO/IEC 9899:2011,,,,,,,,पन\.स,,,,,,,,,,,,,,,,,,,
C_LIMITS_H,limits.h,c,header,,ISO/IEC 9899:2011,,,,,,,,सीमा\.स,,,,,,,,,,,,,,,,,,,
C_LOCALE_H,locale.h,c,header,,ISO/IEC 9899:2011,,,,,,,,क्षेत्र\.स,,,,,,,,,,,,,,,,,,,
C_MATH_H,math.h,c,header,,ISO/IEC 9899:2011,,,,,,,,गणित\.स,,,,,,,,,,,,,,,,,,,
C_MEM_H,mem.h,c,header,,ISO/IEC 9899:2011,,,,,,,,स्मृति\.स,,,,,,,,,,,,,,,,,,,
C_PROCESS_H,process.h,c,header,,ISO/IEC 9899:2011,,,,,,,,क्रिया\.स,,,,,,,,,,,,,,,,,,,
C_SETJMP_H,setjmp.h,c,header,,ISO/IEC 9899:2011,,,,,,,,समलाँघ\.स,,,,,,,,,,,,,,,,,,,
C_SIGNAL_H,signal.h,c,header,,ISO/IEC 9899:2011,,,,,,,,संकेत\.स,,,,,,,,,,,,,,,,,,,
C_STDARG_H,stdarg.h,c,header,,ISO/IEC 9899:2011,,,,,,,,मानकतर्क\.स,,,,,,,,,,,,,,,,,,,
C_STDDEF_H,stddef.h,c,header,,ISO/IEC 9899:2011,,,,,,,,मानकघोष\.स,,,,,,,,,,,,,,,,,,,
C_STDIO_H,stdio.h,c,header,,ISO/IEC 9899:2011,,,,,,,,मानकपन\.स,,,,,,,,,,,,,,,,,,,معیاری.س
C_STDLIB_H,stdlib.h,c,header,,ISO/IEC 9899:2011,,,,,,,,मानककोष\.स,,,,,,,,,,,,,,,,,,,
C_STRING_H,string.h,c,header,,ISO/IEC 9899:2011,,,,,,,,माला\.स,,,,,,,,,,,,,,,,,,,
C_STAT_H,stat.h,c,header,,ISO/IEC 9899:2011,,,,,,,,स्थिति\.स,,,,,,,,,,,,,,,,,,,
C_TIME_H,time.h,c,header,,ISO/IEC 9899:2011,,,,,,,,समय\.स,,,,,,,,,,,,,,,,,,,
C_TIMEB_H,timeb.h,c,header,,ISO/IEC 9899:2011,,,,,,,,ब_समय\.स,,,,,,,,,,,,,,,,,,,
C__,{,c,identifier,,ISO/IEC 9899:2011,,,,,,,,अणु,,,,,,,,,,,,,,,,,,,
C__,},c,identifier,,ISO/IEC 9899:2011,,,,,,,,पूर्ण,,,,,,,,,,,,,,,,,,,
C__DEFINE,#define,c,directive,6.10.3,ISO/IEC 9899:2011,,,,,,,,\#घोषणा,,,,,,,,,,,,,,,,,,,#تعریف
C__ELIF,#elif,c,directive,6.10.1,ISO/IEC 9899:2011,,,,,,,,\#या_अगर,,,,,,,,,,,,,,,,,,,
C__ELSE,#else,c,directive,6.10.1,ISO/IEC 9899:2011,,,,,,,,\#अन्यथा,,,,,,,,,,,,,,,,,,,
C__ENDIF,#endif,c,directive,6.10.1,ISO/IEC 9899:2011,,,,,,,,\#पूर्ण_अगर,,,,,,,,,,,,,,,,,,,
C__ERROR,#error,c,directive,6.10.5,ISO/IEC 9899:2011,,,,,,,,\#त्रुटि,,,,,,,,,,,,,,,,,,,
C__IF,#if,c,directive,6.10.1,ISO/IEC 9899:2011,,,,,,,,\#अगर,,,,,,,,,,,,,,,,,,,
C__IFDEF,#ifdef,c,directive,6.10.1,ISO/IEC 9899:2011,,,,,,,,\#अगर_घोषित,,,,,,,,,,,,,,,,,,,
C__IFNDEF,#ifndef,c,directive,6.10.1,ISO/IEC 9899:2011,,,,,,,,\#अगर_अघोषित,,,,,,,,,,,,,,,,,,,
C__INCLUDE,#include,c,directive,6.10.2,ISO/IEC 9899:2011,,,,,,,,\#समावेश,,,,,,,,,,,,,,,,,,,#شامل
C__LINE,#line,c,directive,6.10.4,ISO/IEC 9899:2011,,,,,,,,\#पंक्ति,,,,,,,,,,,,,,,,,,,
C__PRAGMA,#pragma,c,directive,6.10.6,ISO/IEC 9899:2011,,,,,,,,\#आशय,,,,,,,,,,,,,,,,,,,
C__UNDEF,#undef,c,directive,6.10.3,ISO/IEC 9899:2011,,,,,,,,\#अघोषित,,,,,,,,,,,,,,,,,,,
C_BUFSIZ,BUFSIZ,c,identifier,,ISO/IEC 9899:2011,,,,,,,,बफ_मान,,,,,,,,,,,,,,,,,,,
C_CHAR_BIT,CHAR_BIT,c,identifier,,ISO/IEC 9899:2011,,,,,,,,अक्षर_बिट,,,,,,,,,,,,,,,,,,,
C_CHAR_MAX,CHAR_MAX,c,identifier,,ISO/IEC 9899:2011,,,,,,,,अक्षर_उच्च,,,,,,,,,,,,,,,,,,,
C_CHAR_MIN,CHAR_MIN,c,identifier,,ISO/IEC 9899:2011,,,,,,,,अक्षर_न्यून,,,,,,,,,,,,,,,,,,,
C_CHILD_MAX,CHILD_MAX,c,identifier,,ISO/IEC 9899:2011,,,,,,,,शिशु_उच्च,,,,,,,,,,,,,,,,,,,
C_CLK_TCK,CLK_TCK,c,identifier,,ISO/IEC 9899:2011,,,,,,,,घड़ी_टिक,,,,,,,,,,,,,,,,,,,
C_DBL_DIG,DBL_DIG,c,identifier,,ISO/IEC 9899:2011,,,,,,,,द्विग_भग्न,,,,,,,,,,,,,,,,,,,
C_DBL_EPSILON,DBL_EPSILON,c,identifier,,ISO/IEC 9899:2011,,,,,,,,द्विग_अंतर,,,,,,,,,,,,,,,,,,,
C_DBL_MANT_DIG,DBL_MANT_DIG,c,identifier,,ISO/IEC 9899:2011,,,,,,,,द्विग_पूर्ण,,,,,,,,,,,,,,,,,,,
C_DBL_MAX,DBL_MAX,c,identifier,,ISO/IEC 9899:2011,,,,,,,,द्विग_उच्च,,,,,,,,,,,,,,,,,,,
C_DBL_MIN,DBL_MIN,c,identifier,,ISO/IEC 9899:2011,,,,,,,,द्विग_न्यून,,,,,,,,,,,,,,,,,,,
C_DIR,DIR,c,identifier,,ISO/IEC 9899:2011,,,,,,,,सूची,,,,,,,,,,,,,,,,,,,
C_EDOM,EDOM,c,identifier,,ISO/IEC 9899:2011,,,,,,,,गलत_तर्क,,,,,,,,,,,,,,,,,,,
C_EOF,EOF,c,identifier,,ISO/IEC 9899:2011,,,,,,,,खातापूर्ण,,,,,,,,,,,,,,,,,,,
C_ERANGE,ERANGE,c,identifier,,ISO/IEC 9899:2011,,,,,,,,दुस्फल,,,,,,,,,,,,,,,,,,,
C_EXIT_FAILURE,EXIT_FAILURE,c,identifier,,ISO/IEC 9899:2011,,,,,,,,निकास_त्रुटि,,,,,,,,,,,,,,,,,,,
C_EXIT_SUCCESS,EXIT_SUCCESS,c,identifier,,ISO/IEC 9899:2011,,,,,,,,निकास_सफल,,,,,,,,,,,,,,,,,,,
C_FILE,FILE,c,identifier,,ISO/IEC 9899:2011,,,,,,,,खाता,,,,,,,,,,,,,,,,,,,
C_FILENAME_MAX,FILENAME_MAX,c,identifier,,ISO/IEC 9899:2011,,,,,,,,खातानाम_उच्च,,,,,,,,,,,,,,,,,,,
C_FLT_DIG,FLT_DIG,c,identifier,,ISO/IEC 9899:2011,,,,,,,,भग्न_भग्न,,,,,,,,,,,,,,,,,,,
C_FLT_EPSILON,FLT_EPSILON,c,identifier,,ISO/IEC 9899:2011,,,,,,,,भग्न_अंतर,,,,,,,,,,,,,,,,,,,
C_FLT_MANT_DIG,FLT_MANT_DIG,c,identifier,,ISO/IEC 9899:2011,,,,,,,,भग्न_पूर्ण,,,,,,,,,,,,,,,,,,,
C_FLT_MAX,FLT_MAX,c,identifier,,ISO/IEC 9899:2011,,,,,,,,भग्न_उच्च,,,,,,,,,,,,,,,,,,,
C_FLT_MIN,FLT_MIN,c,identifier,,ISO/IEC 9899:2011,,,,,,,,भग्न_न्यून,,,,,,,,,,,,,,,,,,,
C_FLT_RADIX,FLT_RADIX,c,identifier,,ISO/IEC 9899:2011,,,,,,,,भग्न_आधार,,,,,,,,,,,,,,,,,,,
C_FOPEN_MAX,FOPEN_MAX,c,identifier,,ISO/IEC 9899:2011,,,,,,,,ख_खोलो_उच्च,,,,,,,,,,,,,,,,,,,
C_HUGE_VAL,HUGE_VAL,c,identifier,,ISO/IEC 9899:2011,,,,,,,,विशाल_मान,,,,,,,,,,,,,,,,,,,
C_INFINITY,INFINITY,c,identifier,,ISO/IEC 9899:2011,,,,,,,,अनन्त,,,,,,,,,,,,,,,,,,,
C_INT_MAX,INT_MAX,c,identifier,,ISO/IEC 9899:2011,,,,,,,,पूर्णांक_उच्च,,,,,,,,,,,,,,,,,,,
C_INT_MIN,INT_MIN,c,identifier,,ISO/IEC 9899:2011,,,,,,,,पूर्णांक_न्यून,,,,,,,,,,,,,,,,,,,
C_LDBL_DIG,LDBL_DIG,c,identifier,,ISO/IEC 9899:2011,,,,,,,,द_द्वि_भग्न,,,,,,,,,,,,,,,,,,,
C_LDBL_EPSILON,LDBL_EPSILON,c,identifier,,ISO/IEC 9899:2011,,,,,,,,द_द्वि_अंतर,,,,,,,,,,,,,,,,,,,
C_LDBL_MANT_DIG,LDBL_MANT_DIG,c,identifier,,ISO/IEC 9899:2011,,,,,,,,द_द्वि_पूर्ण,,,,,,,,,,,,,,,,,,,
C_LDBL_MAX,LDBL_MAX,c,identifier,,ISO/IEC 9899:2011,,,,,,,,द_द्वि_उच्च,,,,,,,,,,,,,,,,,,,
C_LDBL_MIN,LDBL_MIN,c,identifier,,ISO/IEC 9899:2011,,,,,,,,द_द्वि_न्यून,,,,,,,,,,,,,,,,,,,
C_LONG_MAX,LONG_MAX,c,identifier,,ISO/IEC 9899:2011,,,,,,,,दीर्घ_उच्च,,,,,,,,,,,,,,,,,,,
C_LONG_MIN,LONG_MIN,c,identifier,,ISO/IEC 9899:2011,,,,,,,,दीर्घ_न्यून,,,,,,,,,,,,,,,,,,,
C_L_TMPNAM,L_tmpnam,c,identifier,,ISO/IEC 9899:2011,,,,,,,,ब_क्षणिक,,,,,,,,,,,,,,,,,,,
C_NAN,NAN,c,identifier,,ISO/IEC 9899:2011,,,,,,,,न_अंक,,,,,,,,,,,,,,,,,,,
C_NDEBUG,NDEBUG,c,identifier,,ISO/IEC 9899:2011,,,,,,,,न_संशोधन,,,,,,,,,,,,,,,,,,,
C_NULL,NULL,c,identifier,,ISO/IEC 9899:2011,,,,,,,,शून्य,,,,,,,,,,,,,,,,,,,
C_RAND_MAX,RAND_MAX,c,identifier,,ISO/IEC 9899:2011,,,,,,,,अक्रम_उच्च,,,,,,,,,,,,,,,,,,,
C_SCHAR_MAX,SCHAR_MAX,c,identifier,,ISO/IEC 9899:2011,,,,,,,,च_अक्षर_उच्च,,,,,,,,,,,,,,,,,,,
C_SCHAR_MIN,SCHAR_MIN,c,identifier,,ISO/IEC 9899:2011,,,,,,,,च_अक्षर_न्यून,,,,,,,,,,,,,,,,,,,
C_SEEK_CUR,SEEK_CUR,c,identifier,,ISO/IEC 9899:2011,,,,,,,,प्रस्तुत_से,,,,,,,,,,,,,,,,,,,
C_SEEK_END,SEEK_END,c,identifier,,ISO/IEC 9899:2011,,,,,,,,अंत_से,,,,,,,,,,,,,,,,,,,
C_SEEK_SET,SEEK_SET,c,identifier,,ISO/IEC 9899:2011,,,,,,,,शुरू_से,,,,,,,,,,,,,,,,,,,
C_SHRT_MAX,SHRT_MAX,c,identifier,,ISO/IEC 9899:2011,,,,,,,,लघु_उच्च,,,,,,,,,,,,,,,,,,,
C_SHRT_MIN,SHRT_MIN,c,identifier,,ISO/IEC 9899:2011,,,,,,,,लघु_न्यून,,,,,,,,,,,,,,,,,,,
C_SIBGABRT,SIBGABRT,c,identifier,,ISO/IEC 9899:2011,,,,,,,,संक_पात,,,,,,,,,,,,,,,,,,,
C_SIGFPE,SIGFPE,c,identifier,,ISO/IEC 9899:2011,,,,,,,,संक_भ_त्रुटि,,,,,,,,,,,,,,,,,,,
C_SIGILL,SIGILL,c,identifier,,ISO/IEC 9899:2011,,,,,,,,संक_अवैध,,,,,,,,,,,,,,,,,,,
C_SIGINT,SIGINT,c,identifier,,ISO/IEC 9899:2011,,,,,,,,संक_विघ्न,,,,,,,,,,,,,,,,,,,
C_SIGSEGV,SIGSEGV,c,identifier,,ISO/IEC 9899:2011,,,,,,,,संक_अंश,,,,,,,,,,,,,,,,,,,
C_SIGTERM,SIGTERM,c,identifier,,ISO/IEC 9899:2011,,,,,,,,संक_इति,,,,,,,,,,,,,,,,,,,
C_SIG_DFL,SIG_DFL,c,identifier,,ISO/IEC 9899:2011,,,,,,,,संक_पूर्व,,,,,,,,,,,,,,,,,,,
C_SIG_ERR,SIG_ERR,c,identifier,,ISO/IEC 9899:2011,,,,,,,,संक_त्रुटि,,,,,,,,,,,,,,,,,,,
C_SIG_IGN,SIG_IGN,c,identifier,,ISO/IEC 9899:2011,,,,,,,,संक_छोड़ो,,,,,,,,,,,,,,,,,,,
C_TMP_MAX,TMP_MAX,c,identifier,,ISO/IEC 9899:2011,,,,,,,,क्षणिक_उच्च,,,,,,,,,,,,,,,,,,,
C_UCHAR_MAX,UCHAR_MAX,c,identifier,,ISO/IEC 9899:2011,,,,,,,,अच_अक्षर_उच्च,,,,,,,,,,,,,,,,,,,
C_UINT_MAX,UINT_MAX,c,identifier,,ISO/IEC 9899:2011,,,,,,,,अच_पूर्णांक_उच्च,,,,,,,,,,,,,,,,,,,
C_ULONG_MAX,ULONG_MAX,c,identifier,,ISO/IEC 9899:2011,,,,,,,,अच_दीर्घ_उच्च,,,,,,,,,,,,,,,,,,,
C_USHRT_MAX,USHRT_MAX,c,identifier,,ISO/IEC 9899:2011,,,,,,,,अच_लघु_उच्च,,,,,,,,,,,,,,,,,,,
C___DATE__,__DATE__,c,identifier,,ISO/IEC 9899:2011,,,,,,,,__दिन__,,,,,,,,,,,,,,,,,,,
C___FILE__,__FILE__,c,identifier,,ISO/IEC 9899:2011,,,,,,,,__खाता__,,,,,,,,,,,,,,,,,,,
C___LINE__,__LINE__,c,identifier,,ISO/IEC 9899:2011,,,,,,,,__पंक्ति__,,,,,,,,,,,,,,,,,,,
C___STDC__,__STDC__,c,identifier,,ISO/IEC 9899:2011,,,,,,,,__मानक__,,,,,,,,,,,,,,,,,,,
C___TIME__,__TIME__,c,identifier,,ISO/IEC 9899:2011,,,,,,,,__समय__,,,,,,,,,,,,,,,,,,,
C_ABORT,abort,c,identifier,,ISO/IEC 9899:2011,,,,,,,,पात,,,,,,,,,,,,,,,,,,,
C_ABS,abs,c,identifier,,ISO/IEC 9899:2011,,,,,,,,असल,,,,,,,,,,,,,,,,,,,
C_ASCTIME,asctime,c,identifier,,ISO/IEC 9899:2011,,,,,,,,समय_ठीक,,,,,,,,,,,,,,,,,,,
C_ASM,asm,c,identifier,,ISO/IEC 9899:2011,,,,,,,,यंत्र,,,,,,,,,,,,,,,,,,,
C_ASSERT,assert,c,identifier,,ISO/IEC 9899:2011,,,,,,,,निश्चित,,,,,,,,,,,,,,,,,,,یقین
C_ATEXIT,atexit,c,identifier,,ISO/IEC 9899:2011,,,,,,,,निकास_पर,,,,,,,,,,,,,,,,,,,
C_ATOF,atof,c,identifier,,ISO/IEC 9899:2011,,,,,,,,म_से_भ,,,,,,,,,,,,,,,,,,,
C_ATOI,atoi,c,identifier,,ISO/IEC 9899:2011,,,,,,,,म_से_प,,,,,,,,,,,,,,,,,,,
C_ATOL,atol,c,identifier,,ISO/IEC 9899:2011,,,,,,,,म_से_द,,,,,,,,,,,,,,,,,,,
C_AUTO,auto,c,identifier,6.4.1,ISO/IEC 9899:2011,,,,,,,,स्वतः,,,,,,,,,,,,,,,,,,,خودکار
C_BREAK,break,c,identifier,6.8.6.3,ISO/IEC 9899:2011,اكسر,שבור,বিৰতি,বিরতি,اكسر,તોડો,שבור,विराम,ನಿಲ್ಲಿಸು,اكسر,നിർത്തുക,थांबा,रोक,ଭାଙ୍ଗ,भञ्ज,اكسر,بشکن,שבור,भंग,ਰੋਕੋ,भङ्ग,اكسر,اكسر,שבור,நிறுத்து,ఆపు,توڑو
C_BSEARCH,bsearch,c,identifier,,ISO/IEC 9899:2011,,,,,,,,द्वा_खोज,,,,,,,,,,,,,,,,,,,
C_CALLOC,calloc,c,identifier,,ISO/IEC 9899:2011,,,,,,,,सुस्मृति,,,,,,,,,,,,,,,,,,,
C_CASE,case,c,identifier,6.8.4.2,ISO/IEC 9899:2011,عندما,כאשר,যেতিয়া,যখন,عندما,જ્યારે,כאשר,जब,ಯಾವಾಗ,عندما,എപ്പോൾ,जेव्हा,जब,ଯେତେବେଳେ,यदा,عندما,هنگامیکه,כאשר,जदा,ਜਦੋਂ,यदा,عندما,عندما,כאשר,போது,ఎప్పుడు,جب
C_CEIL,ceil,c,identifier,,ISO/IEC 9899:2011,,,,,,,,उच्चमान,,,,,,,,,,,,,,,,,,,
C_CHAR,char,c,identifier,6.7.2,ISO/IEC 9899:2011,حرف,תו,আখৰ,অক্ষর,حرف,અક્ષર,תו,अक्षर,ಅಕ್ಷರ,حرف,അക്ഷരം,अक्षर,अक्षर,ଅକ୍ଷର,वण्ण,حرف,نویسه,תו,अक्खर,ਅੱਖਰ,वर्ण,حرف,حرف,תו,எழுத்து,అక్షరం,حرف
C_CHDIR,chdir,c,identifier,,ISO/IEC 9899:2011,,,,,,,,स_बदलो,,,,,,,,,,,,,,,,,,,
C_CLEARERR,clearerr,c,identifier,,ISO/IEC 9899:2011,,,,,,,,साफ_त्रुटि,,,,,,,,,,,,,,,,,,,
C_CLOCK,clock,c,identifier,,ISO/IEC 9899:2011,,,,,,,,घड़ी,,,,,,,,,,,,,,,,,,,
C_CLOCK_T,clock_t,c,identifier,,ISO/IEC 9899:2011,,,,,,,,घड़ी_प्रकार,,,,,,,,,,,,,,,,,,,
C_CLOSE,close,c,identifier,,ISO/IEC 9899:2011,,,,,,,,बंद,,,,,,,,,,,,,,,,,,,
C_CLOSEDIR,closedir,c,identifier,,ISO/IEC 9899:2011,,,,,,,,बंद_सूची,,,,,,,,,,,,,,,,,,,
C_CONST,const,c,identifier,6.7.3,ISO/IEC 9899:2011,ثابت,קבוע,ধ্ৰুৱক,ধ্রুবক,ثابت,અચલ,קבוע,अचर,ಸ್ಥಿರಾಂಕ,ثابت,സ്ഥിരം,स्थिरांक,अचर,ଅଚଳ,ध्रुव,ثابت,ثابت,קבוע,धुव,ਅਚਲ,ध्रुव,ثابت,ثابت,קבוע,மாறிலி,స్థిరరాశి,ثابت
C_CONTINUE,continue,c,identifier,6.8.6.2,ISO/IEC 9899:2011,استمر,המשך,অব্যাহত,চালু,استمر,ચાલુ,המשך,जारी,ಮುಂದುವರಿ,استمر,തുടരുക,सुरूठेवा,जारी,ଜାରି,अनुवत्त,استمر,ادامه,המשך,चालु,ਜਾਰੀ,अनुवर्त,استمر,استمر,המשך,தொடர்,కొనసాగు,جاری
C_CTIME,ctime,c,identifier,,ISO/IEC 9899:2011,,,,,,,,स_समय,,,,,,,,,,,,,,,,,,,
C_DEFAULT,default,c,identifier,6.8.4.2,ISO/IEC 9899:2011,افتراضي,ברירתמחדל,মূল,পূর্বনির্ধারিত,افتراضي,મૂળભૂત,ברירתמחדל,मूल,ಪೂರ್ವನಿಯೋಜಿತ,افتراضي,സ്ഥിരസ്ഥിതി,पूर्वनिर्धारित,मूल,ପୂର୍ବନିର୍ଦ୍ଧାରିତ,सभाव,افتراضي,پیشفرض,ברירתמחדל,मूल,ਮੂਲ,स्वभाव,افتراضي,افتراضي,ברירתמחדל,இயல்பு,అప్రమేయ,طےشدہ
C_DIFFTIME,difftime,c,identifier,,ISO/IEC 9899:2011,,,,,,,,स_अंतर,,,,,,,,,,,,,,,,,,,
C_DIRNAME,dirname,c,identifier,,ISO/IEC 9899:2011,,,,,,,,स_नाम,,,,,,,,,,,,,,,,,,,
C_DIV,div,c,identifier,,ISO/IEC 9899:2011,,,,,,,,भाग,,,,,,,,,,,,,,,,,,,تقسیم
C_DIV_T,div_t,c,identifier,,ISO/IEC 9899:2011,,,,,,,,भाग_प्रकार,,,,,,,,,,,,,,,,,,,
C_DO,do,c,identifier,6.8.5.2,ISO/IEC 9899:2011,افعل,𐡏𐡁𐡃,কৰা,করো,افعل,કરો,עשה,करो,ಮಾಡು,افعل,ചെയ്യുക,करा,गर,କର,करोहि,افعل,انجامبده,𐤐𐤏𐤋,करेहि,ਕਰੋ,कुरु,افعل,افعل,ܥܒܕ,செய்,చేయి,کرو
C_DOUBLE,double,c,identifier,6.7.2,ISO/IEC 9899:2011,مزدوج,כפול,দ্বিগুণ,দ্বিগুণ,مزدوج,દ્વિગુણ,כפול,द्विगुण,ದ್ವಿಗುಣ,مزدوج,ഇരട്ട,द्विगुण,द्विगुण,ଦ୍ୱିଗୁଣ,द्विगुण,مزدوج,دوگانه,כפול,दुगुण,ਦੁੱਗਣਾ,द्विगुण,مزدوج,مزدوج,כפול,இரட்டை,ద్విగుణ,دوہرا
C_ELSE,else,c,identifier,6.8.4.1,ISO/IEC 9899:2011,وإلا,אחרת,অন্যথা,অন্যথা,وإلا,નહીંતર,אחרת,अन्यथा,ಇಲ್ಲದಿದ್ದರೆ,وإلا,അല്ലെങ്കിൽ,अन्यथा,अन्यथा,ଅନ୍ୟଥା,अञ्ञथा,وإلا,وگرنه,אחרת,अण्णहा,ਨਹੀਂਤਾਂ,अन्यथा,وإلا,وإلا,ܐܚܪܢܐ,இல்லையெனில்,లేకపోతే,ورنہ
C_ENUM,enum,c,identifier,6.7.2.2,ISO/IEC 9899:2011,,,,,,,,क्रमागत,,,,,,,,,,,,,,,,,,,شمار
C_ERRNO,errno,c,identifier,,ISO/IEC 9899:2011,,,,,,,,त्रुटि_सं,,,,,,,,,,,,,,,,,,,
C_EXIT,exit,c,identifier,,ISO/IEC 9899:2011,,,,,,,,निकास,,,,,,,,,,,,,,,,,,,
C_EXTERN,extern,c,identifier,6.7.1,ISO/IEC 9899:2011,,,,,,,,बाह्य,,,,,,,,,,,,,,,,,,,بیرونی
C_FABS,fabs,c,identifier,,ISO/IEC 9899:2011,,,,,,,,भ_असल,,,,,,,,,,,,,,,,,,,
C_FCLOSE,fclose,c,identifier,,ISO/IEC 9899:2011,,,,,,,,ख_बंद,,,,,,,,,,,,,,,,,,,
C_FEOF,feof,c,identifier,,ISO/IEC 9899:2011,,,,,,,,ख_पूर्ण,,,,,,,,,,,,,,,,,,,
C_FERROR,ferror,c,identifier,,ISO/IEC 9899:2011,,,,,,,,ख_त्रुटि,,,,,,,,,,,,,,,,,,,
C_FFLUSH,fflush,c,identifier,,ISO/IEC 9899:2011,,,,,,,,ख_साफ,,,,,,,,,,,,,,,,,,,
C_FGETC,fgetc,c,identifier,,ISO/IEC 9899:2011,,,,,,,,ख_अक्षर_लो,,,,,,,,,,,,,,,,,,,
C_FGETPOS,fgetpos,c,identifier,,ISO/IEC 9899:2011,,,,,,,,ख_स्थान_लो,,,,,,,,,,,,,,,,,,,
C_FGETS,fgets,c,identifier,,ISO/IEC 9899:2011,,,,,,,,ख_माला_लो,,,,,,,,,,,,,,,,,,,
C_FLOAT,float,c,identifier,6.7.2,ISO/IEC 9899:2011,عائم,צף,দশমিক,দশমিক,عائم,દશાંશ,צף,दशमलव,ದಶಮಾಂಶ,عائم,ദശാംശം,दशांश,दशमलव,ଦଶମିକ,भिन्न,عائم,اعشاری,צף,भिण्ण,ਦਸ਼ਮਲਵ,भिन्न,عائم,عائم,צף,தசம,దశాంశం,اعشاری
C_FLOOR,floor,c,identifier,,ISO/IEC 9899:2011,,,,,,,,न्यूनमान,,,,,,,,,,,,,,,,,,,
C_FMOD,fmod,c,identifier,,ISO/IEC 9899:2011,,,,,,,,भ_शेष,,,,,,,,,,,,,,,,,,,
C_FOPEN,fopen,c,identifier,,ISO/IEC 9899:2011,,,,,,,,ख_खोलो,,,,,,,,,,,,,,,,,,,
C_FOR,for,c,identifier,6.8.5.3,ISO/IEC 9899:2011,لكل,עבור,বাবে,জন্য,لكل,માટે,עבור,हेतु,ಗಾಗಿ,لكل,വേണ്ടി,साठी,लागि,ପାଇଁ,अत्थाय,لكل,برای,עבור,अत्थे,ਲਈ,प्रति,لكل,لكل,עבור,க்கு,కొరకు,برائے
C_FORK,fork,c,identifier,,ISO/IEC 9899:2011,,,,,,,,विभाजन,,,,,,,,,,,,,,,,,,,
C_FPOS_T,fpos_t,c,identifier,,ISO/IEC 9899:2011,,,,,,,,ख_स्थान_प्रकार,,,,,,,,,,,,,,,,,,,
C_FPRINTF,fprintf,c,identifier,,ISO/IEC 9899:2011,,,,,,,,ख_लिखो,,,,,,,,,,,,,,,,,,,
C_FPUTC,fputc,c,identifier,,ISO/IEC 9899:2011,,,,,,,,ख_अक्षर_दो,,,,,,,,,,,,,,,,,,,
C_FPUTS,fputs,c,identifier,,ISO/IEC 9899:2011,,,,,,,,ख_माला_दो,,,,,,,,,,,,,,,,,,,
C_FREAD,fread,c,identifier,,ISO/IEC 9899:2011,,,,,,,,ख_पढ़ो,,,,,,,,,,,,,,,,,,,
C_FREE,free,c,identifier,,ISO/IEC 9899:2011,,,,,,,,मुक्त,,,,,,,,,,,,,,,,,,,
C_FREOPEN,freopen,c,identifier,,ISO/IEC 9899:2011,,,,,,,,ख_व_खोलो,,,,,,,,,,,,,,,,,,,
C_FRIEND,friend,c,identifier,,ISO/IEC 9899:2011,,,,,,,,मित्र,,,,,,,,,,,,,,,,,,,
C_FSCANF,fscanf,c,identifier,,ISO/IEC 9899:2011,,,,,,,,ख_पूछो,,,,,,,,,,,,,,,,,,,
C_FSEEK,fseek,c,identifier,,ISO/IEC 9899:2011,,,,,,,,ख_जाओ,,,,,,,,,,,,,,,,,,,
C_FSETPOS,fsetpos,c,identifier,,ISO/IEC 9899:2011,,,,,,,,ख_स्थान_दो,,,,,,,,,,,,,,,,,,,
C_FSTAT,fstat,c,identifier,,ISO/IEC 9899:2011,,,,,,,,ख_स्थिति,,,,,,,,,,,,,,,,,,,
C_FTELL,ftell,c,identifier,,ISO/IEC 9899:2011,,,,,,,,ख_बताओ,,,,,,,,,,,,,,,,,,,
C_FWRITE,fwrite,c,identifier,,ISO/IEC 9899:2011,,,,,,,,ख_डालो,,,,,,,,,,,,,,,,,,,
C_GETC,getc,c,identifier,,ISO/IEC 9899:2011,,,,,,,,अ_लो,,,,,,,,,,,,,,,,,,,
C_GETCHAR,getchar,c,identifier,,ISO/IEC 9899:2011,,,,,,,,अक्षर_लो,,,,,,,,,,,,,,,,,,,
C_GETENV,getenv,c,identifier,,ISO/IEC 9899:2011,,,,,,,,दो_पर्या,,,,,,,,,,,,,,,,,,,
C_GETS,gets,c,identifier,,ISO/IEC 9899:2011,,,,,,,,माला_लो,,,,,,,,,,,,,,,,,,,
C_GMTIME,gmtime,c,identifier,,ISO/IEC 9899:2011,,,,,,,,स_जमट,,,,,,,,,,,,,,,,,,,
C_GOTO,goto,c,identifier,6.8.6.1,ISO/IEC 9899:2011,,,,,,,,जाओ,,,,,,,,,,,,,,,,,,,جاؤ
C_IF,if,c,identifier,6.8.4.1,ISO/IEC 9899:2011,إذا,𐡄𐡍,যদি,যদি,إذا,જો,אם,यदि,ಆದರೆ,إذا,എങ്കിൽ,जर,यदि,ଯଦି,सचे,إذا,اگر,𐤀𐤌,जइ,ਜੇ,यदि,إذا,إذا,ܐܢ,எனில்,ఒకవేళ,اگر
C_INLINE,inline,c,identifier,6.7.4,ISO/IEC 9899:2011,,,,,,,,अंतरभूत,,,,,,,,,,,,,,,,,,,
C_INT,int,c,identifier,6.7.2,ISO/IEC 9899:2011,صحيح,שלם,পূৰ্ণসংখ্যা,পূর্ণসংখ্যা,صحيح,પૂર્ણાંક,שלם,पूर्णांक,ಪೂರ್ಣಾಂಕ,صحيح,പൂർണ്ണസംഖ്യ,पूर्णांक,पूर्णाङ्क,ପୂର୍ଣ୍ଣସଂଖ୍ୟା,पूर्णङ्क,صحيح,صحیح,שלם,पुण्णंक,ਪੂਰਨਅੰਕ,पूर्णाङ्क,صحيح,صحيح,שלם,முழு,పూర్ణాంకం,صحیح
C_ISALNUM,isalnum,c,identifier,,ISO/IEC 9899:2011,,,,,,,,है_अक्षर_अंक,,,,,,,,,,,,,,,,,,,
C_ISALPHA,isalpha,c,identifier,,ISO/IEC 9899:2011,,,,,,,,है_अक्षर,,,,,,,,,,,,,,,,,,,
C_ISCNTRL,iscntrl,c,identifier,,ISO/IEC 9899:2011,,,,,,,,है_नियंत्रण,,,,,,,,,,,,,,,,,,,
C_ISDIGIT,isdigit,c,identifier,,ISO/IEC 9899:2011,,,,,,,,है_अंक,,,,,,,,,,,,,,,,,,,
C_ISFINITE,isfinite,c,identifier,,ISO/IEC 9899:2011,,,,,,,,है_सीमित,,,,,,,,,,,,,,,,,,,
C_ISGRAPH,isgraph,c,identifier,,ISO/IEC 9899:2011,,,,,,,,है_चित्र,,,,,,,,,,,,,,,,,,,
C_ISLOWER,islower,c,identifier,,ISO/IEC 9899:2011,,,,,,,,है_छोटा,,,,,,,,,,,,,,,,,,,
C_ISODIGIT,isodigit,c,identifier,,ISO/IEC 9899:2011,,,,,,,,है_अष्टक,,,,,,,,,,,,,,,,,,,
C_ISPRINT,isprint,c,identifier,,ISO/IEC 9899:2011,,,,,,,,है_छाप,,,,,,,,,,,,,,,,,,,
C_ISPUNCT,ispunct,c,identifier,,ISO/IEC 9899:2011,,,,,,,,है_विराम,,,,,,,,,,,,,,,,,,,
C_ISSPACE,isspace,c,identifier,,ISO/IEC 9899:2011,,,,,,,,है_खाली,,,,,,,,,,,,,,,,,,,
C_ISUPPER,isupper,c,identifier,,ISO/IEC 9899:2011,,,,,,,,है_बड़ा,,,,,,,,,,,,,,,,,,,
C_ISXDIGIT,isxdigit,c,identifier,,ISO/IEC 9899:2011,,,,,,,,है_षष्ठादशक,,,,,,,,,,,,,,,,,,,
C_JMP_BUF,jmp_buf,c,identifier,,ISO/IEC 9899:2011,,,,,,,,लाँघ_बफ,,,,,,,,,,,,,,,,,,,
C_KILL,kill,c,identifier,,ISO/IEC 9899:2011,,,,,,,,समाप्त,,,,,,,,,,,,,,,,,,,
C_LABS,labs,c,identifier,,ISO/IEC 9899:2011,,,,,,,,द_असल,,,,,,,,,,,,,,,,,,,
C_LCONV,lconv,c,identifier,,ISO/IEC 9899:2011,,,,,,,,स्था_बदल,,,,,,,,,,,,,,,,,,,
C_LDIV,ldiv,c,identifier,,ISO/IEC 9899:2011,,,,,,,,द_भाग,,,,,,,,,,,,,,,,,,,
C_LDIV_T,ldiv_t,c,identifier,,ISO/IEC 9899:2011,,,,,,,,द_भाग_प्रकार,,,,,,,,,,,,,,,,,,,
C_LOCALECONV,localeconv,c,identifier,,ISO/IEC 9899:2011,,,,,,,,क्षेत्र_बदलो,,,,,,,,,,,,,,,,,,,
C_LOCALTIME,localtime,c,identifier,,ISO/IEC 9899:2011,,,,,,,,स_स्थानीय,,,,,,,,,,,,,,,,,,,
C_LONG,long,c,identifier,6.7.2,ISO/IEC 9899:2011,,,,,,,,दीर्घ,,,,,,,,,,,,,,,,,,,طویل
C_LONGJMP,longjmp,c,identifier,,ISO/IEC 9899:2011,,,,,,,,दीर्घ_लाँघ,,,,,,,,,,,,,,,,,,,
C_MALLOC,malloc,c,identifier,,ISO/IEC 9899:2011,,,,,,,,दो_स्मृति,,,,,,,,,,,,,,,,,,,
C_MEMCHR,memchr,c,identifier,,ISO/IEC 9899:2011,,,,,,,,स_प्रथम,,,,,,,,,,,,,,,,,,,
C_MEMCMP,memcmp,c,identifier,,ISO/IEC 9899:2011,,,,,,,,स_भेद,,,,,,,,,,,,,,,,,,,
C_MEMCPY,memcpy,c,identifier,,ISO/IEC 9899:2011,,,,,,,,स_नकल,,,,,,,,,,,,,,,,,,,
C_MEMMOVE,memmove,c,identifier,,ISO/IEC 9899:2011,,,,,,,,स_हटाओ,,,,,,,,,,,,,,,,,,,
C_MEMSET,memset,c,identifier,,ISO/IEC 9899:2011,,,,,,,,स_रखो,,,,,,,,,,,,,,,,,,,
C_MKDIR,mkdir,c,identifier,,ISO/IEC 9899:2011,,,,,,,,सूची_गढ़ो,,,,,,,,,,,,,,,,,,,
C_MKTIME,mktime,c,identifier,,ISO/IEC 9899:2011,,,,,,,,स_गढ़ो,,,,,,,,,,,,,,,,,,,
C_OFFSETOF,offsetof,c,identifier,,ISO/IEC 9899:2011,,,,,,,,दुरत्व,,,,,,,,,,,,,,,,,,,
C_OPEN,open,c,identifier,,ISO/IEC 9899:2011,,,,,,,,खोलो,,,,,,,,,,,,,,,,,,,
C_OPENDIR,opendir,c,identifier,,ISO/IEC 9899:2011,,,,,,,,सूची_खोलो,,,,,,,,,,,,,,,,,,,
C_OPERATOR,operator,c,identifier,,ISO/IEC 9899:2011,,,,,,,,चालक,,,,,,,,,,,,,,,,,,,
C_PAUSE,pause,c,identifier,,ISO/IEC 9899:2011,,,,,,,,छोड़ो,,,,,,,,,,,,,,,,,,,
C_PERROR,perror,c,identifier,,ISO/IEC 9899:2011,,,,,,,,लिखो_त्रुटि,,,,,,,,,,,,,,,,,,,
C_POW,pow,c,identifier,,ISO/IEC 9899:2011,,,,,,,,घात,,,,,,,,,,,,,,,,,,,
C_PRINTF,printf,c,identifier,7.21.6.3,ISO/IEC 9899:2011,اكتب,כתוב,লিখক,লেখো,اكتب,લખો,כתוב,लिखो,ಬರೆ,اكتب,എഴുതുക,लिहा,लेख,ଲେଖନ୍ତୁ,लिख,اكتب,بنویس,כתוב,लिह,ਲਿਖੋ,लिख,اكتب,اكتب,כתוב,எழுது,వ్రాయి,لکھو
C_PRIVATE,private,c,identifier,,ISO/IEC 9899:2011,خاص,פרטי,ব্যক্তিগত,ব্যক্তিগত,خاص,ખાનગી,פרטי,निजी,ಖಾಸಗಿ,خاص,സ്വകാര്യ,खाजगी,निजी,ବ୍ୟକ୍ତିଗତ,गुत्त,خاص,خصوصی,פרטי,गुत्त,ਨਿਜੀ,गुप्त,خاص,خاص,פרטי,தனிப்பட்ட,అంతరంగ,نجی
C_PROTECTED,protected,c,identifier,,ISO/IEC 9899:2011,,,,,,,,रक्षित,,,,,,,,,,,,,,,,,,,
C_PTRDIFF_T,ptrdiff_t,c,identifier,,ISO/IEC 9899:2011,,,,,,,,सूचक_भेद_प्रकार,,,,,,,,,,,,,,,,,,,
C_PUBLIC,public,c,identifier,,ISO/IEC 9899:2011,عام,ציבורי,ৰাজহুৱা,সর্বজনীন,عام,જાહેર,ציבורי,सार्वजनिक,ಸಾರ್ವಜನಿಕ,عام,പൊതു,सार्वजनिक,सार्वजनिक,ସର୍ବସାଧାରଣ,साधारण,عام,عمومی,ציבורי,साहत्त,ਜਨਤਕ,सार्वजनिक,عام,عام,ציבורי,பொது,బహిరంగ,عوامی
C_PUTC,putc,c,identifier,,ISO/IEC 9899:2011,,,,,,,,अ_दो,,,,,,,,,,,,,,,,,,,
C_PUTCHAR,putchar,c,identifier,,ISO/IEC 9899:2011,,,,,,,,अक्षर_दो,,,,,,,,,,,,,,,,,,,
C_PUTS,puts,c,identifier,,ISO/IEC 9899:2011,,,,,,,,माला_दो,,,,,,,,,,,,,,,,,,,
C_QSORT,qsort,c,identifier,,ISO/IEC 9899:2011,,,,,,,,क्विक,,,,,,,,,,,,,,,,,,,
C_RAISE,raise,c,identifier,,ISO/IEC 9899:2011,,,,,,,,उठाओ,,,,,,,,,,,,,,,,,,,اٹھاؤ
C_RAND,rand,c,identifier,,ISO/IEC 9899:2011,,,,,,,,अक्रम,,,,,,,,,,,,,,,,,,,
C_READ,read,c,identifier,,ISO/IEC 9899:2011,,,,,,,,पढ़ो,,,,,,,,,,,,,,,,,,,
C_READDIR,readdir,c,identifier,,ISO/IEC 9899:2011,,,,,,,,सूची_पढ़ो,,,,,,,,,,,,,,,,,,,
C_REALLOC,realloc,c,identifier,,ISO/IEC 9899:2011,,,,,,,,पुनः_स्मृति,,,,,,,,,,,,,,,,,,,
C_REGISTER,register,c,identifier,6.7.1,ISO/IEC 9899:2011,,,,,,,,रेजिस्टर,,,,,,,,,,,,,,,,,,,رجسٹر
C_REMOVE,remove,c,identifier,,ISO/IEC 9899:2011,,,,,,,,हटाओ,,,,,,,,,,,,,,,,,,,
C_RENAME,rename,c,identifier,,ISO/IEC 9899:2011,,,,,,,,नाम,,,,,,,,,,,,,,,,,,,
C_RETURN,return,c,identifier,6.8.6.4,ISO/IEC 9899:2011,أرجع,החזר,ঘূৰাই,ফেরত,أرجع,પાછા,החזר,लौटाओ,ಹಿಂತಿರುಗಿಸು,أرجع,മടക്കുക,परत,फर्काऊ,ଫେରାଅ,पटिनिवत्त,أرجع,بازگرد,החזר,निअत्त,ਵਾਪਸ,प्रत्यागम,أرجع,أرجع,ܦܢܐ,திரும்பு,తిరిగి,واپس
C_REWIND,rewind,c,identifier,,ISO/IEC 9899:2011,,,,,,,,शुरुआत,,,,,,,,,,,,,,,,,,,
C_REWINDDIR,rewinddir,c,identifier,,ISO/IEC 9899:2011,,,,,,,,सूची_शुरु,,,,,,,,,,,,,,,,,,,
C_RMDIR,rmdir,c,identifier,,ISO/IEC 9899:2011,,,,,,,,सूची_हटाओ,,,,,,,,,,,,,,,,,,,
C_SCANF,scanf,c,identifier,7.21.6.4,ISO/IEC 9899:2011,اقرأ,קרא,পঢ়ক,পড়ো,اقرأ,વાંચો,קרא,पढ़ो,ಓದು,اقرأ,വായിക്കുക,वाचा,पढ,ପଢନ୍ତୁ,पठ,اقرأ,بخوان,קרא,पढ,ਪੜ੍ਹੋ,पठ,اقرأ,اقرأ,קרא,படி,చదువు,پڑھو
C_SETBUF,setbuf,c,identifier,,ISO/IEC 9899:2011,,,,,,,,रखो_बफ,,,,,,,,,,,,,,,,,,,
C_SETJMP,setjmp,c,identifier,,ISO/IEC 9899:2011,,,,,,,,बनाओ_लाँघ,,,,,,,,,,,,,,,,,,,
C_SETLOCALE,setlocale,c,identifier,,ISO/IEC 9899:2011,,,,,,,,रखो_क्षेत्र,,,,,,,,,,,,,,,,,,,
C_SETVBUF,setvbuf,c,identifier,,ISO/IEC 9899:2011,,,,,,,,रखो_भबफ,,,,,,,,,,,,,,,,,,,
C_SHORT,short,c,identifier,6.7.2,ISO/IEC 9899:2011,,,,,,,,लघु,,,,,,,,,,,,,,,,,,,مختصر
C_SIG_ATOMIC_T,sig_atomic_t,c,identifier,,ISO/IEC 9899:2011,,,,,,,,संक_पूर्ण_प्रकार,,,,,,,,,,,,,,,,,,,
C_SIGNAL,signal,c,identifier,,ISO/IEC 9899:2011,,,,,,,,संकेत,,,,,,,,,,,,,,,,,,,
C_SIGNED,signed,c,identifier,6.7.2,ISO/IEC 9899:2011,,,,,,,,चिन्हित,,,,,,,,,,,,,,,,,,,علامتی
C_SIGPENDING,sigpending,c,identifier,,ISO/IEC 9899:2011,,,,,,,,संक_बाकी,,,,,,,,,,,,,,,,,,,
C_SIGSUSPEND,sigsuspend,c,identifier,,ISO/IEC 9899:2011,,,,,,,,संक_रोको,,,,,,,,,,,,,,,,,,,
C_SIZE_T,size_t,c,identifier,,ISO/IEC 9899:2011,,,,,,,,माप_प्रकार,,,,,,,,,,,,,,,,,,,
C_SIZEOF,sizeof,c,identifier,6.5.3.4,ISO/IEC 9899:2011,,,,,,,,माप,,,,,,,,,,,,,,,,,,,حجم
C_SPRINTF,sprintf,c,identifier,,ISO/IEC 9899:2011,,,,,,,,प्र_लिखो,,,,,,,,,,,,,,,,,,,
C_SQRT,sqrt,c,identifier,,ISO/IEC 9899:2011,,,,,,,,वर्ग_मूल,,,,,,,,,,,,,,,,,,,
C_SRAND,srand,c,identifier,,ISO/IEC 9899:2011,,,,,,,,बेक्रम,,,,,,,,,,,,,,,,,,,
C_SSCANF,sscanf,c,identifier,,ISO/IEC 9899:2011,,,,,,,,माला_पूछो,,,,,,,,,,,,,,,,,,,
C_STATIC,static,c,identifier,6.7.1,ISO/IEC 9899:2011,ساكن,סטטי,স্থিৰ,স্থির,ساكن,સ્થિર,סטטי,स्थिर,ಸ್ಥಿರ,ساكن,സ്ഥിതം,स्थिर,स्थिर,ସ୍ଥିର,ठित,ساكن,ایستا,סטטי,ठिअ,ਸਥਿਰ,स्थिर,ساكن,ساكن,סטטי,நிலையான,స్థిర,ساکن
C_STDERR,stderr,c,identifier,,ISO/IEC 9899:2011,,,,,,,,मानक_त्रुटि,,,,,,,,,,,,,,,,,,,
C_STDIN,stdin,c,identifier,,ISO/IEC 9899:2011,,,,,,,,मानक_निवेश,,,,,,,,,,,,,,,,,,,
C_STDOUT,stdout,c,identifier,,ISO/IEC 9899:2011,,,,,,,,मानक_निकास,,,,,,,,,,,,,,,,,,,
C_STRCAT,strcat,c,identifier,,ISO/IEC 9899:2011,,,,,,,,म_जोड़ो,,,,,,,,,,,,,,,,,,,
C_STRCHR,strchr,c,identifier,,ISO/IEC 9899:2011,,,,,,,,म_अक्षर,,,,,,,,,,,,,,,,,,,
C_STRCMP,strcmp,c,identifier,,ISO/IEC 9899:2011,,,,,,,,म_भेद,,,,,,,,,,,,,,,,,,,
C_STRCPY,strcpy,c,identifier,,ISO/IEC 9899:2011,,,,,,,,म_नकल,,,,,,,,,,,,,,,,,,,
C_STRCSPN,strcspn,c,identifier,,ISO/IEC 9899:2011,,,,,,,,म_खोज,,,,,,,,,,,,,,,,,,,
C_STRERROR,strerror,c,identifier,,ISO/IEC 9899:2011,,,,,,,,म_त्रुटि,,,,,,,,,,,,,,,,,,,
C_STRFTIME,strftime,c,identifier,,ISO/IEC 9899:2011,,,,,,,,स_माला,,,,,,,,,,,,,,,,,,,
C_STRLEN,strlen,c,identifier,,ISO/IEC 9899:2011,,,,,,,,म_माप,,,,,,,,,,,,,,,,,,,
C_STRNCAT,strncat,c,identifier,,ISO/IEC 9899:2011,,,,,,,,म_जोड़न,,,,,,,,,,,,,,,,,,,
C_STRNCMP,strncmp,c,identifier,,ISO/IEC 9899:2011,,,,,,,,म_भेदन,,,,,,,,,,,,,,,,,,,
C_STRNCPY,strncpy,c,identifier,,ISO/IEC 9899:2011,,,,,,,,म_नकलन,,,,,,,,,,,,,,,,,,,
C_STRRCHR,strrchr,c,identifier,,ISO/IEC 9899:2011,,,,,,,,म_खोजप,,,,,,,,,,,,,,,,,,,
C_STRSPN,strspn,c,identifier,,ISO/IEC 9899:2011,,,,,,,,म_अखोज,,,,,,,,,,,,,,,,,,,
C_STRSTR,strstr,c,identifier,,ISO/IEC 9899:2011,,,,,,,,म_माला,,,,,,,,,,,,,,,,,,,
C_STRTOD,strtod,c,identifier,,ISO/IEC 9899:2011,,,,,,,,म_से_भग्न,,,,,,,,,,,,,,,,,,,
C_STRTOK,strtok,c,identifier,,ISO/IEC 9899:2011,,,,,,,,म_मोहर,,,,,,,,,,,,,,,,,,,
C_STRTOL,strtol,c,identifier,,ISO/IEC 9899:2011,,,,,,,,म_से_दीर्घ,,,,,,,,,,,,,,,,,,,
C_STRTOUL,strtoul,c,identifier,,ISO/IEC 9899:2011,,,,,,,,म_से_अदीर्घ,,,,,,,,,,,,,,,,,,,
C_STRUCT,struct,c,identifier,6.7.2.1,ISO/IEC 9899:2011,بنية,מבנה,গঠন,কাঠামো,بنية,સંરચના,מבנה,संरचना,ರಚನೆ,بنية,ഘടന,संरचना,संरचना,ସଂରଚନା,सङ्घट,بنية,ساختار,מבנה,संघड,ਬਣਤਰ,संरचना,بنية,بنية,מבנה,கட்டமைப்பு,నిర్మాణం,ساخت
C_SWITCH,switch,c,identifier,6.8.4.2,ISO/IEC 9899:2011,بدل,בחר,নিৰ্বাচন,নির্বাচন,بدل,પસંદગી,בחר,चयन,ಆಯ್ಕೆ,بدل,തിരഞ്ഞെടുപ്പ്,निवड,चयन,ବାଛ,विकप्प,بدل,انتخاب,בחר,विअप्प,ਚੋਣ,विकल्प,بدل,بدل,בחר,தேர்வு,ఎంపిక,انتخاب
C_SYSTEM,system,c,identifier,,ISO/IEC 9899:2011,,,,,,,,प्रणाली,,,,,,,,,,,,,,,,,,,
C_TEMPLATE,template,c,identifier,,ISO/IEC 9899:2011,,,,,,,,ढाँचा,,,,,,,,,,,,,,,,,,,
C_TIME,time,c,identifier,,ISO/IEC 9899:2011,,,,,,,,समय,,,,,,,,,,,,,,,,,,,
C_TIME_T,time_t,c,identifier,,ISO/IEC 9899:2011,,,,,,,,समय_प्रकार,,,,,,,,,,,,,,,,,,,
C_TIMES,times,c,identifier,,ISO/IEC 9899:2011,,,,,,,,बार,,,,,,,,,,,,,,,,,,,
C_TM,tm,c,identifier,,ISO/IEC 9899:2011,,,,,,,,पंचांग,,,,,,,,,,,,,,,,,,,
C_TMPFILE,tmpfile,c,identifier,,ISO/IEC 9899:2011,,,,,,,,क्षणिक_ख,,,,,,,,,,,,,,,,,,,
C_TMPNAM,tmpnam,c,identifier,,ISO/IEC 9899:2011,,,,,,,,क्षणिक,,,,,,,,,,,,,,,,,,,
C_TOLOWER,tolower,c,identifier,,ISO/IEC 9899:2011,,,,,,,,छोटे,,,,,,,,,,,,,,,,,,,
C_TOUPPER,toupper,c,identifier,,ISO/IEC 9899:2011,,,,,,,,बड़े,,,,,,,,,,,,,,,,,,,
C_TYPEDEF,typedef,c,identifier,6.7.1,ISO/IEC 9899:2011,,,,,,,,प्रकार,,,,,,,,,,,,,,,,,,,قسم
C_UNGETC,ungetc,c,identifier,,ISO/IEC 9899:2011,,,,,,,,अक्षर_वापस,,,,,,,,,,,,,,,,,,,
C_UNION,union,c,identifier,6.7.2.1,ISO/IEC 9899:2011,,,,,,,,जोड़,,,,,,,,,,,,,,,,,,,اتحاد
C_UNSIGNED,unsigned,c,identifier,6.7.2,ISO/IEC 9899:2011,,,,,,,,अचिन्हित,,,,,,,,,,,,,,,,,,,غیرعلامتی
C_VA_ARG,va_arg,c,identifier,,ISO/IEC 9899:2011,,,,,,,,बहु_तर्क,,,,,,,,,,,,,,,,,,,
C_VA_END,va_end,c,identifier,,ISO/IEC 9899:2011,,,,,,,,बहु_पूर्ण,,,,,,,,,,,,,,,,,,,
C_VA_START,va_start,c,identifier,,ISO/IEC 9899:2011,,,,,,,,बहु_शुरू,,,,,,,,,,,,,,,,,,,
C_VFPRINTF,vfprintf,c,identifier,,ISO/IEC 9899:2011,,,,,,,,भख_लिखो,,,,,,,,,,,,,,,,,,,
C_VIRTUAL,virtual,c,identifier,,ISO/IEC 9899:2011,افتراضي,מדומה,আভাসী,আভাসী,افتراضي,આભાસી,מדומה,आभासी,ವಾಸ್ತವಿಕ,افتراضي,മായാ,आभासी,आभासी,ଆଭାସୀ,आभास,افتراضي,مجازی,מדומה,आभास,ਆਭਾਸੀ,आभास,افتراضي,افتراضي,מדומה,மெய்நிகர்,మాయా,مجازی
C_VOID,void,c,identifier,6.7.2,ISO/IEC 9899:2011,دالة,ריק,শূন্য,কাজ,دالة,વિધેય,ריק,कृत्य,ಕಾರ್ಯ,دالة,ധർമ്മം,कार्य,शून्य,କାର୍ଯ୍ୟ,सुञ्ञ,دالة,تابع,ריק,किरिया,ਕਾਰਜ,क्रिया,دالة,دالة,ריק,செயல்,ప్రమేయం,تابع
C_VOLATILE,volatile,c,identifier,6.7.3,ISO/IEC 9899:2011,,,,,,,,अस्थिर,,,,,,,,,,,,,,,,,,,متغیر
C_VPRINTF,vprintf,c,identifier,,ISO/IEC 9899:2011,,,,,,,,भ_लिखो,,,,,,,,,,,,,,,,,,,
C_VSPRINTF,vsprintf,c,identifier,,ISO/IEC 9899:2011,,,,,,,,भम_लिखो,,,,,,,,,,,,,,,,,,,
C_WAIT,wait,c,identifier,,ISO/IEC 9899:2011,,,,,,,,रुको,,,,,,,,,,,,,,,,,,,
C_WCHAR_T,wchar_t,c,identifier,,ISO/IEC 9899:2011,,,,,,,,ब_अक्षर_प्रकार,,,,,,,,,,,,,,,,,,,
C_WHILE,while,c,identifier,6.8.5.1,ISO/IEC 9899:2011,طالما,כלעוד,যেতিয়ালৈ,যতক্ষণ,طالما,જ્યાંસુધી,כלעוד,जबतक,ತನಕ,طالما,വരെ,पर्यंत,जबसम्म,ଯେପର୍ଯ୍ୟନ୍ତ,याव,طالما,تازمانیکه,כלעוד,जाव,ਜਦਤੱਕ,यावत्,طالما,طالما,ܟܡܐ,வரை,వరకు,جبتک
C_WRITE,write,c,identifier,,ISO/IEC 9899:2011,,,,,,,,ग_लिखो,,,,,,,,,,,,,,,,,,,
C_GETTIME,gettime,c,identifier,,ISO/IEC 9899:2011,,,,,,,,समय_लो,,,,,,,,,,,,,,,,,,,
C_SETTIME,settime,c,identifier,,ISO/IEC 9899:2011,,,,,,,,समय_रखो,,,,,,,,,,,,,,,,,,,
CPP_MAIN,main,cpp,identifier,,ISO/IEC 14882:2020,,,,,,,,मुख्य,,,,,,,,,,,,,,,,,,,مرکزی
CPP_ALLOC_H,alloc.h,cpp,header,,ISO/IEC 14882:2020,,,,,,,,भाग\.स,,,,,,,,,,,,,,,,,,,
CPP_ASSERT_H,assert.h,cpp,header,,ISO/IEC 14882:2020,,,,,,,,निश्चित\.स,,,,,,,,,,,,,,,,,,,
CPP_BIOS_H,bios.h,cpp,header,,ISO/IEC 14882:2020,,,,,,,,मूलप्रण\.स,,,,,,,,,,,,,,,,,,,
CPP_CONIO_H,conio.h,cpp,header,,ISO/IEC 14882:2020,,,,,,,,पट्टपन\.स,,,,,,,,,,,,,,,,,,,
CPP_CTYPE_H,ctype.h,cpp,header,,ISO/IEC 14882:2020,,,,,,,,प्रकार\.स,,,,,,,,,,,,,,,,,,,
CPP_DIR_H,dir.h,cpp,header,,ISO/IEC 14882:2020,,,,,,,,सूची\.स,,,,,,,,,,,,,,,,,,,
CPP_DOS_H,dos.h,cpp,header,,ISO/IEC 14882:2020,,,,,,,,डॉस\.स,,,,,,,,,,,,,,,,,,,
CPP_ERRNO_H,errno.h,cpp,header,,ISO/IEC 14882:2020,,,,,,,,त्रुटिसं\.स,,,,,,,,,,,,,,,,,,,
CPP_FLOAT_H,float.h,cpp,header,,ISO/IEC 14882:2020,,,,,,,,भग्न\.स,,,,,,,,,,,,,,,,,,,
CPP_IO_H,io.h,cpp,header,,ISO/IEC 14882:2020,,,,,,,,पन\.स,,,,,,,,,,,,,,,,,,,
CPP_LIMITS_H,limits.h,cpp,header,,ISO/IEC 14882:2020,,,,,,,,सीमा\.स,,,,,,,,,,,,,,,,,,,
CPP_LOCALE_H,locale.h,cpp,header,,ISO/IEC 14882:2020,,,,,,,,क्षेत्र\.स,,,,,,,,,,,,,,,,,,,
CPP_MATH_H,math.h,cpp,header,,ISO/IEC 14882:2020,,,,,,,,गणित\.स,,,,,,,,,,,,,,,,,,,
CPP_MEM_H,mem.h,cpp,header,,ISO/IEC 14882:2020,,,,,,,,स्मृति\.स,,,,,,,,,,,,,,,,,,,
CPP_PROCESS_H,process.h,cpp,header,,ISO/IEC 14882:2020,,,,,,,,क्रिया\.स,,,,,,,,,,,,,,,,,,,
CPP_SETJMP_H,setjmp.h,cpp,header,,ISO/IEC 14882:2020,,,,,,,,समलाँघ\.स,,,,,,,,,,,,,,,,,,,
CPP_SIGNAL_H,signal.h,cpp,header,,ISO/IEC 14882:2020,,,,,,,,संकेत\.स,,,,,,,,,,,,,,,,,,,
CPP_STDARG_H,stdarg.h,cpp,header,,ISO/IEC 14882:2020,,,,,,,,मानकतर्क\.स,,,,,,,,,,,,,,,,,,,
CPP_STDDEF_H,stddef.h,cpp,header,,ISO/IEC 14882:2020,,,,,,,,मानकघोष\.स,,,,,,,,,,,,,,,,,,,
CPP_STDIO_H,stdio.h,cpp,header,,ISO/IEC 14882:2020,,,,,,,,मानकपन\.स,,,,,,,,,,,,,,,,,,,معیاری.س
CPP_STDLIB_H,stdlib.h,cpp,header,,ISO/IEC 14882:2020,,,,,,,,मानककोष\.स,,,,,,,,,,,,,,,,,,,
CPP_STRING_H,string.h,cpp,header,,ISO/IEC 14882:2020,,,,,,,,माला\.स,,,,,,,,,,,,,,,,,,,
CPP_STAT_H,stat.h,cpp,header,,ISO/IEC 14882:2020,,,,,,,,स्थिति\.स,,,,,,,,,,,,,,,,,,,
CPP_TIME_H,time.h,cpp,header,,ISO/IEC 14882:2020,,,,,,,,समय\.स,,,,,,,,,,,,,,,,,,,
CPP_TIMEB_H,timeb.h,cpp,header,,ISO/IEC 14882:2020,,,,,,,,ब_समय\.स,,,,,,,,,,,,,,,,,,,
CPP__,{,cpp,identifier,,ISO/IEC 14882:2020,,,,,,,,अणु,,,,,,,,,,,,,,,,,,,
CPP__,},cpp,identifier,,ISO/IEC 14882:2020,,,,,,,,पूर्ण,,,,,,,,,,,,,,,,,,,
CPP___,|=,cpp,identifier,,ISO/IEC 14882:2020,,,,,,,,,,,,,,,,,,,,,,,,,,,
CPP___,||,cpp,identifier,,ISO/IEC 14882:2020,,,,,,,,,,,,,,,,,,,,,,,,,,,
CPP__,~,cpp,identifier,,ISO/IEC 14882:2020,,,,,,,,,,,,,,,,,,,,,,,,,,,
CPP__,!,cpp,identifier,,ISO/IEC 14882:2020,,,,,,,,,,,,,,,,,,,,,,,,,,,
CPP___,!=,cpp,identifier,,ISO/IEC 14882:2020,,,,,,,,,,,,,,,,,,,,,,,,,,,
CPP__,#,cpp,directive,,ISO/IEC 14882:2020,,,,,,,,,,,,,,,,,,,,,,,,,,,
CPP___,##,cpp,directive,,ISO/IEC 14882:2020,,,,,,,,,,,,,,,,,,,,,,,,,,,
CPP__DEFINE,#define,cpp,directive,,ISO/IEC 14882:2020,,,,,,,,\#घोषणा,,,,,,,,,,,,,,,,,,,#تعریف
CPP__ELIF,#elif,cpp,directive,,ISO/IEC 14882:2020,,,,,,,,\#या_अगर,,,,,,,,,,,,,,,,,,,
CPP__ELSE,#else,cpp,directive,,ISO/IEC 14882:2020,,,,,,,,\#अन्यथा,,,,,,,,,,,,,,,,,,,
CPP__ENDIF,#endif,cpp,directive,,ISO/IEC 14882:2020,,,,,,,,\#पूर्ण_अगर,,,,,,,,,,,,,,,,,,,
CPP__ERROR,#error,cpp,directive,,ISO/IEC 14882:2020,,,,,,,,\#त्रुटि,,,,,,,,,,,,,,,,,,,
CPP__IF,#if,cpp,directive,,ISO/IEC 14882:2020,,,,,,,,\#अगर,,,,,,,,,,,,,,,,,,,
CPP__IFDEF,#ifdef,cpp,directive,,ISO/IEC 14882:2020,,,,,,,,\#अगर_घोषित,,,,,,,,,,,,,,,,,,,
CPP__IFNDEF,#ifndef,cpp,directive,,ISO/IEC 14882:2020,,,,,,,,\#अगर_अघोषित,,,,,,,,,,,,,,,,,,,
CPP__INCLUDE,#include,cpp,directive,,ISO/IEC 14882:2020,,,,,,,,\#समावेश,,,,,,,,,,,,,,,,,,,#شامل
CPP__LINE,#line,cpp,directive,,ISO/IEC 14882:2020,,,,,,,,\#पंक्ति,,,,,,,,,,,,,,,,,,,
CPP__PRAGMA,#pragma,cpp,directive,,ISO/IEC 14882:2020,,,,,,,,\#आशय,,,,,,,,,,,,,,,,,,,
CPP__UNDEF,#undef,cpp,directive,,ISO/IEC 14882:2020,,,,,,,,\#अघोषित,,,,,,,,,,,,,,,,,,,
CPP__,%,cpp,identifier,,ISO/IEC 14882:2020,,,,,,,,,,,,,,,,,,,,,,,,,,,
CPP___,%=,cpp,identifier,,ISO/IEC 14882:2020,,,,,,,,,,,,,,,,,,,,,,,,,,,
CPP__,&,cpp,identifier,,ISO/IEC 14882:2020,,,,,,,,,,,,,,,,,,,,,,,,,,,
CPP___,&&,cpp,identifier,,ISO/IEC 14882:2020,,,,,,,,,,,,,,,,,,,,,,,,,,,
CPP___,&=,cpp,identifier,,ISO/IEC 14882:2020,,,,,,,,,,,,,,,,,,,,,,,,,,,
CPP__,*,cpp,identifier,,ISO/IEC 14882:2020,,,,,,,,,,,,,,,,,,,,,,,,,,,
CPP___,*=,cpp,identifier,,ISO/IEC 14882:2020,,,,,,,,,,,,,,,,,,,,,,,,,,,
CPP__,+,cpp,identifier,,ISO/IEC 14882:2020,,,,,,,,,,,,,,,,,,,,,,,,,,,
CPP___,++,cpp,identifier,,ISO/IEC 14882:2020,,,,,,,,,,,,,,,,,,,,,,,,,,,
CPP___,+=,cpp,identifier,,ISO/IEC 14882:2020,,,,,,,,,,,,,,,,,,,,,,,,,,,
CPP__,-,cpp,identifier,,ISO/IEC 14882:2020,,,,,,,,,,,,,,,,,,,,,,,,,,,
CPP___,--,cpp,identifier,,ISO/IEC 14882:2020,,,,,,,,,,,,,,,,,,,,,,,,,,,
CPP___,-=,cpp,identifier,,ISO/IEC 14882:2020,,,,,,,,,,,,,,,,,,,,,,,,,,,
CPP___,->,cpp,identifier,,ISO/IEC 14882:2020,,,,,,,,,,,,,,,,,,,,,,,,,,,
CPP____,->*,cpp,identifier,,ISO/IEC 14882:2020,,,,,,,,,,,,,,,,,,,,,,,,,,,
CPP__,.,cpp,header,,ISO/IEC 14882:2020,,,,,,,,,,,,,,,,,,,,,,,,,,,
CPP___,.*,cpp,header,,ISO/IEC 14882:2020,,,,,,,,,,,,,,,,,,,,,,,,,,,
CPP__,/,cpp,identifier,,ISO/IEC 14882:2020,,,,,,,,,,,,,,,,,,,,,,,,,,,
CPP___,/=,cpp,identifier,,ISO/IEC 14882:2020,,,,,,,,,,,,,,,,,,,,,,,,,,,
CPP___,::,cpp,identifier,,ISO/IEC 14882:2020,,,,,,,,,,,,,,,,,,,,,,,,,,,
CPP__,<,cpp,identifier,,ISO/IEC 14882:2020,,,,,,,,,,,,,,,,,,,,,,,,,,,
CPP___,<<,cpp,identifier,,ISO/IEC 14882:2020,,,,,,,,,,,,,,,,,,,,,,,,,,,
CPP____,<<=,cpp,identifier,,ISO/IEC 14882:2020,,,,,,,,,,,,,,,,,,,,,,,,,,,
CPP__,>,cpp,identifier,,ISO/IEC 14882:2020,,,,,,,,,,,,,,,,,,,,,,,,,,,
CPP___,>>,cpp,identifier,,ISO/IEC 14882:2020,,,,,,,,,,,,,,,,,,,,,,,,,,,
CPP____,>>=,cpp,identifier,,ISO/IEC 14882:2020,,,,,,,,,,,,,,,,,,,,,,,,,,,
CPP___,?:,cpp,identifier,,ISO/IEC 14882:2020,,,,,,,,,,,,,,,,,,,,,,,,,,,
CPP_ARG_MAX,ARG_MAX,cpp,identifier,,ISO/IEC 14882:2020,,,,,,,,,,,,,,,,,,,,,,,,,,,
CPP_B0,B0,cpp,identifier,,ISO/IEC 14882:2020,,,,,,,,,,,,,,,,,,,,,,,,,,,
CPP_B110,B110,cpp,identifier,,ISO/IEC 14882:2020,,,,,,,,,,,,,,,,,,,,,,,,,,,
CPP_B1200,B1200,cpp,identifier,,ISO/IEC 14882:2020,,,,,,,,,,,,,,,,,,,,,,,,,,,
CPP_B134,B134,cpp,identifier,,ISO/IEC 14882:2020,,,,,,,,,,,,,,,,,,,,,,,,,,,
CPP_B150,B150,cpp,identifier,,ISO/IEC 14882:2020,,,,,,,,,,,,,,,,,,,,,,,,,,,
CPP_B1800,B1800,cpp,identifier,,ISO/IEC 14882:2020,,,,,,,,,,,,,,,,,,,,,,,,,,,
CPP_B19200,B19200,cpp,identifier,,ISO/IEC 14882:2020,,,,,,,,,,,,,,,,,,,,,,,,,,,
CPP_B200,B200,cpp,identifier,,ISO/IEC 14882:2020,,,,,,,,,,,,,,,,,,,,,,,,,,,
CPP_B2400,B2400,cpp,identifier,,ISO/IEC 14882:2020,,,,,,,,,,,,,,,,,,,,,,,,,,,
CPP_B300,B300,cpp,identifier,,ISO/IEC 14882:2020,,,,,,,,,,,,,,,,,,,,,,,,,,,
CPP_B38400,B38400,cpp,identifier,,ISO/IEC 14882:2020,,,,,,,,,,,,,,,,,,,,,,,,,,,
CPP_B4800,B4800,cpp,identifier,,ISO/IEC 14882:2020,,,,,,,,,,,,,,,,,,,,,,,,,,,
CPP_B50,B50,cpp,identifier,,ISO/IEC 14882:2020,,,,,,,,,,,,,,,,,,,,,,,,,,,
CPP_B600,B600,cpp,identifier,,ISO/IEC 14882:2020,,,,,,,,,,,,,,,,,,,,,,,,,,,
CPP_B75,B75,cpp,identifier,,ISO/IEC 14882:2020,,,,,,,,,,,,,,,,,,,,,,,,,,,
CPP_B9600,B9600,cpp,identifier,,ISO/IEC 14882:2020,,,,,,,,,,,,,,,,,,,,,,,,,,,
CPP_BRKINT,BRKINT,cpp,identifier,,ISO/IEC 14882:2020,,,,,,,,,,,,,,,,,,,,,,,,,,,
CPP_BUFSIZ,BUFSIZ,cpp,identifier,,ISO/IEC 14882:2020,,,,,,,,बफ_मान,,,,,,,,,,,,,,,,,,,
CPP_CHAR_BIT,CHAR_BIT,cpp,identifier,,ISO/IEC 14882:2020,,,,,,,,अक्षर_बिट,,,,,,,,,,,,,,,,,,,
CPP_CHAR_MAX,CHAR_MAX,cpp,identifier,,ISO/IEC 14882:2020,,,,,,,,अक्षर_उच्च,,,,,,,,,,,,,,,,,,,
CPP_CHAR_MIN,CHAR_MIN,cpp,identifier,,ISO/IEC 14882:2020,,,,,,,,अक्षर_न्यून,,,,,,,,,,,,,,,,,,,
CPP_CHILD_MAX,CHILD_MAX,cpp,identifier,,ISO/IEC 14882:2020,,,,,,,,शिशु_उच्च,,,,,,,,,,,,,,,,,,,
CPP_CLK_TCK,CLK_TCK,cpp,identifier,,ISO/IEC 14882:2020,,,,,,,,घड़ी_टिक,,,,,,,,,,,,,,,,,,,
CPP_CLOCAL,CLOCAL,cpp,identifier,,ISO/IEC 14882:2020,,,,,,,,,,,,,,,,,,,,,,,,,,,
CPP_CLOCKS_PER_SEC,CLOCKS_PER_SEC,cpp,identifier,,ISO/IEC 14882:2020,,,,,,,,,,,,,,,,,,,,,,,,,,,
CPP_CREAD,CREAD,cpp,identifier,,ISO/IEC 14882:2020,,,,,,,,,,,,,,,,,,,,,,,,,,,
CPP_CS5,CS5,cpp,identifier,,ISO/IEC 14882:2020,,,,,,,,,,,,,,,,,,,,,,,,,,,
CPP_CS6,CS6,cpp,identifier,,ISO/IEC 14882:2020,,,,,,,,,,,,,,,,,,,,,,,,,,,
CPP_CS7,CS7,cpp,identifier,,ISO/IEC 14882:2020,,,,,,,,,,,,,,,,,,,,,,,,,,,
CPP_CS8,CS8,cpp,identifier,,ISO/IEC 14882:2020,,,,,,,,,,,,,,,,,,,,,,,,,,,
CPP_CSIZE,CSIZE,cpp,identifier,,ISO/IEC 14882:2020,,,,,,,,,,,,,,,,,,,,,,,,,,,
CPP_CSTOPB,CSTOPB,cpp,identifier,,ISO/IEC 14882:2020,,,,,,,,,,,,,,,,,,,,,,,,,,,
CPP_DBL_DIG,DBL_DIG,cpp,identifier,,ISO/IEC 14882:2020,,,,,,,,द्विग_भग्न,,,,,,,,,,,,,,,,,,,
CPP_DBL_EPSILON,DBL_EPSILON,cpp,identifier,,ISO/IEC 14882:2020,,,,,,,,द्विग_अंतर,,,,,,,,,,,,,,,,,,,
CPP_DBL_MANT_DIG,DBL_MANT_DIG,cpp,identifier,,ISO/IEC 14882:2020,,,,,,,,द्विग_पूर्ण,,,,,,,,,,,,,,,,,,,
CPP_DBL_MAX,DBL_MAX,cpp,identifier,,ISO/IEC 14882:2020,,,,,,,,द्विग_उच्च,,,,,,,,,,,,,,,,,,,
CPP_DBL_MAX_10_EXP,DBL_MAX_10_EXP,cpp,identifier,,ISO/IEC 14882:2020,,,,,,,,,,,,,,,,,,,,,,,,,,,
CPP_DBL_MAX_EXP,DBL_MAX_EXP,cpp,identifier,,ISO/IEC 14882:2020,,,,,,,,,,,,,,,,,,,,,,,,,,,
CPP_DBL_MIN,DBL_MIN,cpp,identifier,,ISO/IEC 14882:2020,,,,,,,,द्विग_न्यून,,,,,,,,,,,,,,,,,,,
CPP_DBL_MIN_10_EXP,DBL_MIN_10_EXP,cpp,identifier,,ISO/IEC 14882:2020,,,,,,,,,,,,,,,,,,,,,,,,,,,
CPP_DBL_MIN_EXP,DBL_MIN_EXP,cpp,identifier,,ISO/IEC 14882:2020,,,,,,,,,,,,,,,,,,,,,,,,,,,
CPP_DIR,DIR,cpp,identifier,,ISO/IEC 14882:2020,,,,,,,,सूची,,,,,,,,,,,,,,,,,,,
CPP_E2BIG,E2BIG,cpp,identifier,,ISO/IEC 14882:2020,,,,,,,,,,,,,,,,,,,,,,,,,,,
CPP_EACCESS,EACCESS,cpp,identifier,,ISO/IEC 14882:2020,,,,,,,,,,,,,,,,,,,,,,,,,,,
CPP_EAGAIN,EAGAIN,cpp,identifier,,ISO/IEC 14882:2020,,,,,,,,,,,,,,,,,,,,,,,,,,,
CPP_EBADF,EBADF,cpp,identifier,,ISO/IEC 14882:2020,,,,,,,,,,,,,,,,,,,,,,,,,,,
CPP_EBUSY,EBUSY,cpp,identifier,,ISO/IEC 14882:2020,,,,,,,,,,,,,,,,,,,,,,,,,,,
CPP_ECHILD,ECHILD,cpp,identifier,,ISO/IEC 14882:2020,,,,,,,,,,,,,,,,,,,,,,,,,,,
CPP_ECHO,ECHO,cpp,identifier,,ISO/IEC 14882:2020,,,,,,,,,,,,,,,,,,,,,,,,,,,
CPP_ECHOE,ECHOE,cpp,identifier,,ISO/IEC 14882:2020,,,,,,,,,,,,,,,,,,,,,,,,,,,
CPP_ECHOK,ECHOK,cpp,identifier,,ISO/IEC 14882:2020,,,,,,,,,,,,,,,,,,,,,,,,,,,
CPP_ECHONL,ECHONL,cpp,identifier,,ISO/IEC 14882:2020,,,,,,,,,,,,,,,,,,,,,,,,,,,
CPP_EDEADLK,EDEADLK,cpp,identifier,,ISO/IEC 14882:2020,,,,,,,,,,,,,,,,,,,,,,,,,,,
CPP_EDOM,EDOM,cpp,identifier,,ISO/IEC 14882:2020,,,,,,,,गलत_तर्क,,,,,,,,,,,,,,,,,,,
CPP_EEXIST,EEXIST,cpp,identifier,,ISO/IEC 14882:2020,,,,,,,,,,,,,,,,,,,,,,,,,,,
CPP_EFAULT,EFAULT,cpp,identifier,,ISO/IEC 14882:2020,,,,,,,,,,,,,,,,,,,,,,,,,,,
CPP_EFBIG,EFBIG,cpp,identifier,,ISO/IEC 14882:2020,,,,,,,,,,,,,,,,,,,,,,,,,,,
CPP_EINTR,EINTR,cpp,identifier,,ISO/IEC 14882:2020,,,,,,,,,,,,,,,,,,,,,,,,,,,
CPP_EINVAL,EINVAL,cpp,identifier,,ISO/IEC 14882:2020,,,,,,,,,,,,,,,,,,,,,,,,,,,
CPP_EIO,EIO,cpp,identifier,,ISO/IEC 14882:2020,,,,,,,,,,,,,,,,,,,,,,,,,,,
CPP_EISDIR,EISDIR,cpp,identifier,,ISO/IEC 14882:2020,,,,,,,,,,,,,,,,,,,,,,,,,,,
CPP_EMFILE,EMFILE,cpp,identifier,,ISO/IEC 14882:2020,,,,,,,,,,,,,,,,,,,,,,,,,,,
CPP_EMLINK,EMLINK,cpp,identifier,,ISO/IEC 14882:2020,,,,,,,,,,,,,,,,,,,,,,,,,,,
CPP_ENAMETOOLONG,ENAMETOOLONG,cpp,identifier,,ISO/IEC 14882:2020,,,,,,,,,,,,,,,,,,,,,,,,,,,
CPP_ENFILE,ENFILE,cpp,identifier,,ISO/IEC 14882:2020,,,,,,,,,,,,,,,,,,,,,,,,,,,
CPP_ENODEV,ENODEV,cpp,identifier,,ISO/IEC 14882:2020,,,,,,,,,,,,,,,,,,,,,,,,,,,
CPP_ENOENT,ENOENT,cpp,identifier,,ISO/IEC 14882:2020,,,,,,,,,,,,,,,,,,,,,,,,,,,
CPP_ENOEXEC,ENOEXEC,cpp,identifier,,ISO/IEC 14882:2020,,,,,,,,,,,,,,,,,,,,,,,,,,,
CPP_ENOLCK,ENOLCK,cpp,identifier,,ISO/IEC 14882:2020,,,,,,,,,,,,,,,,,,,,,,,,,,,
CPP_ENOMEM,ENOMEM,cpp,identifier,,ISO/IEC 14882:2020,,,,,,,,,,,,,,,,,,,,,,,,,,,
CPP_ENOSPC,ENOSPC,cpp,identifier,,ISO/IEC 14882:2020,,,,,,,,,,,,,,,,,,,,,,,,,,,
CPP_ENOTDIR,ENOTDIR,cpp,identifier,,ISO/IEC 14882:2020,,,,,,,,,,,,,,,,,,,,,,,,,,,
CPP_ENOTEMPTY,ENOTEMPTY,cpp,identifier,,ISO/IEC 14882:2020,,,,,,,,,,,,,,,,,,,,,,,,,,,
CPP_ENOTTY,ENOTTY,cpp,identifier,,ISO/IEC 14882:2020,,,,,,,,,,,,,,,,,,,,,,,,,,,
CPP_ENXIO,ENXIO,cpp,identifier,,ISO/IEC 14882:2020,,,,,,,,,,,,,,,,,,,,,,,,,,,
CPP_EOF,EOF,cpp,identifier,,ISO/IEC 14882:2020,,,,,,,,खातापूर्ण,,,,,,,,,,,,,,,,,,,
CPP_EPERM,EPERM,cpp,identifier,,ISO/IEC 14882:2020,,,,,,,,,,,,,,,,,,,,,,,,,,,
CPP_EPIPE,EPIPE,cpp,identifier,,ISO/IEC 14882:2020,,,,,,,,,,,,,,,,,,,,,,,,,,,
CPP_ERANGE,ERANGE,cpp,identifier,,ISO/IEC 14882:2020,,,,,,,,दुस्फल,,,,,,,,,,,,,,,,,,,
CPP_EROFS,EROFS,cpp,identifier,,ISO/IEC 14882:2020,,,,,,,,,,,,,,,,,,,,,,,,,,,
CPP_ESPIPE,ESPIPE,cpp,identifier,,ISO/IEC 14882:2020,,,,,,,,,,,,,,,,,,,,,,,,,,,
CPP_ESRCH,ESRCH,cpp,identifier,,ISO/IEC 14882:2020,,,,,,,,,,,,,,,,,,,,,,,,,,,
CPP_EXDEV,EXDEV,cpp,identifier,,ISO/IEC 14882:2020,,,,,,,,,,,,,,,,,,,,,,,,,,,
CPP_EXIT_FAILURE,EXIT_FAILURE,cpp,identifier,,ISO/IEC 14882:2020,,,,,,,,निकास_त्रुटि,,,,,,,,,,,,,,,,,,,
CPP_EXIT_SUCCESS,EXIT_SUCCESS,cpp,identifier,,ISO/IEC 14882:2020,,,,,,,,निकास_सफल,,,,,,,,,,,,,,,,,,,
CPP_FD_CLOEXEC,FD_CLOEXEC,cpp,identifier,,ISO/IEC 14882:2020,,,,,,,,,,,,,,,,,,,,,,,,,,,
CPP_FE_ALL_EXCEPT,FE_ALL_EXCEPT,cpp,identifier,,ISO/IEC 14882:2020,,,,,,,,,,,,,,,,,,,,,,,,,,,
CPP_FE_DBLPREC,FE_DBLPREC,cpp,identifier,,ISO/IEC 14882:2020,,,,,,,,,,,,,,,,,,,,,,,,,,,
CPP_FE_DIVBYZERO,FE_DIVBYZERO,cpp,identifier,,ISO/IEC 14882:2020,,,,,,,,,,,,,,,,,,,,,,,,,,,
CPP_FE_DOWNWARD,FE_DOWNWARD,cpp,identifier,,ISO/IEC 14882:2020,,,,,,,,,,,,,,,,,,,,,,,,,,,
CPP_FE_FLTPREC,FE_FLTPREC,cpp,identifier,,ISO/IEC 14882:2020,,,,,,,,,,,,,,,,,,,,,,,,,,,
CPP_FE_INEXACT,FE_INEXACT,cpp,identifier,,ISO/IEC 14882:2020,,,,,,,,,,,,,,,,,,,,,,,,,,,
CPP_FE_INVALID,FE_INVALID,cpp,identifier,,ISO/IEC 14882:2020,,,,,,,,,,,,,,,,,,,,,,,,,,,
CPP_FE_LDBLPREC,FE_LDBLPREC,cpp,identifier,,ISO/IEC 14882:2020,,,,,,,,,,,,,,,,,,,,,,,,,,,
CPP_FE_OVERFLOW,FE_OVERFLOW,cpp,identifier,,ISO/IEC 14882:2020,,,,,,,,,,,,,,,,,,,,,,,,,,,
CPP_FE_TONEAREST,FE_TONEAREST,cpp,identifier,,ISO/IEC 14882:2020,,,,,,,,,,,,,,,,,,,,,,,,,,,
CPP_FE_TOWARDZERO,FE_TOWARDZERO,cpp,identifier,,ISO/IEC 14882:2020,,,,,,,,,,,,,,,,,,,,,,,,,,,
CPP_FE_UNDERFLOW,FE_UNDERFLOW,cpp,identifier,,ISO/IEC 14882:2020,,,,,,,,,,,,,,,,,,,,,,,,,,,
CPP_FE_UPWARD,FE_UPWARD,cpp,identifier,,ISO/IEC 14882:2020,,,,,,,,,,,,,,,,,,,,,,,,,,,
CPP_FILE,FILE,cpp,identifier,,ISO/IEC 14882:2020,,,,,,,,खाता,,,,,,,,,,,,,,,,,,,
CPP_FILENAME_MAX,FILENAME_MAX,cpp,identifier,,ISO/IEC 14882:2020,,,,,,,,खातानाम_उच्च,,,,,,,,,,,,,,,,,,,
CPP_FLT_DIG,FLT_DIG,cpp,identifier,,ISO/IEC 14882:2020,,,,,,,,भग्न_भग्न,,,,,,,,,,,,,,,,,,,
CPP_FLT_EPSILON,FLT_EPSILON,cpp,identifier,,ISO/IEC 14882:2020,,,,,,,,भग्न_अंतर,,,,,,,,,,,,,,,,,,,
CPP_FLT_MANT_DIG,FLT_MANT_DIG,cpp,identifier,,ISO/IEC 14882:2020,,,,,,,,भग्न_पूर्ण,,,,,,,,,,,,,,,,,,,
CPP_FLT_MAX,FLT_MAX,cpp,identifier,,ISO/IEC 14882:2020,,,,,,,,भग्न_उच्च,,,,,,,,,,,,,,,,,,,
CPP_FLT_MAX_10_EXP,FLT_MAX_10_EXP,cpp,identifier,,ISO/IEC 14882:2020,,,,,,,,,,,,,,,,,,,,,,,,,,,
CPP_FLT_MAX_EXP,FLT_MAX_EXP,cpp,identifier,,ISO/IEC 14882:2020,,,,,,,,,,,,,,,,,,,,,,,,,,,
CPP_FLT_MIN,FLT_MIN,cpp,identifier,,ISO/IEC 14882:2020,,,,,,,,भग्न_न्यून,,,,,,,,,,,,,,,,,,,
CPP_FLT_MIN_10_EXP,FLT_MIN_10_EXP,cpp,identifier,,ISO/IEC 14882:2020,,,,,,,,,,,,,,,,,,,,,,,,,,,
CPP_FLT_MIN_EXP,FLT_MIN_EXP,cpp,identifier,,ISO/IEC 14882:2020,,,,,,,,,,,,,,,,,,,,,,,,,,,
CPP_FLT_RADIX,FLT_RADIX,cpp,identifier,,ISO/IEC 14882:2020,,,,,,,,भग्न_आधार,,,,,,,,,,,,,,,,,,,
CPP_FLT_ROUNDS,FLT_ROUNDS,cpp,identifier,,ISO/IEC 14882:2020,,,,,,,,,,,,,,,,,,,,,,,,,,,
CPP_FOPEN_MAX,FOPEN_MAX,cpp,identifier,,ISO/IEC 14882:2020,,,,,,,,ख_खोलो_उच्च,,,,,,,,,,,,,,,,,,,
CPP_FP_INFINITE,FP_INFINITE,cpp,identifier,,ISO/IEC 14882:2020,,,,,,,,,,,,,,,,,,,,,,,,,,,
CPP_FP_NANQ,FP_NANQ,cpp,identifier,,ISO/IEC 14882:2020,,,,,,,,,,,,,,,,,,,,,,,,,,,
CPP_FP_NANS,FP_NANS,cpp,identifier,,ISO/IEC 14882:2020,,,,,,,,,,,,,,,,,,,,,,,,,,,
CPP_FP_NORMAL,FP_NORMAL,cpp,identifier,,ISO/IEC 14882:2020,,,,,,,,,,,,,,,,,,,,,,,,,,,
CPP_FP_SUBNORMAL,FP_SUBNORMAL,cpp,identifier,,ISO/IEC 14882:2020,,,,,,,,,,,,,,,,,,,,,,,,,,,
CPP_FP_ZERO,FP_ZERO,cpp,identifier,,ISO/IEC 14882:2020,,,,,,,,,,,,,,,,,,,,,,,,,,,
CPP_F_DUPFD,F_DUPFD,cpp,identifier,,ISO/IEC 14882:2020,,,,,,,,,,,,,,,,,,,,,,,,,,,
CPP_F_GETFD,F_GETFD,cpp,identifier,,ISO/IEC 14882:2020,,,,,,,,,,,,,,,,,,,,,,,,,,,
CPP_F_GETFL,F_GETFL,cpp,identifier,,ISO/IEC 14882:2020,,,,,,,,,,,,,,,,,,,,,,,,,,,
CPP_F_GETLK,F_GETLK,cpp,identifier,,ISO/IEC 14882:2020,,,,,,,,,,,,,,,,,,,,,,,,,,,
CPP_F_OK,F_OK,cpp,identifier,,ISO/IEC 14882:2020,,,,,,,,,,,,,,,,,,,,,,,,,,,
CPP_F_RDLCK,F_RDLCK,cpp,identifier,,ISO/IEC 14882:2020,,,,,,,,,,,,,,,,,,,,,,,,,,,
CPP_F_SETFD,F_SETFD,cpp,identifier,,ISO/IEC 14882:2020,,,,,,,,,,,,,,,,,,,,,,,,,,,
CPP_F_SETFL,F_SETFL,cpp,identifier,,ISO/IEC 14882:2020,,,,,,,,,,,,,,,,,,,,,,,,,,,
CPP_F_SETLK,F_SETLK,cpp,identifier,,ISO/IEC 14882:2020,,,,,,,,,,,,,,,,,,,,,,,,,,,
CPP_F_SETLKW,F_SETLKW,cpp,identifier,,ISO/IEC 14882:2020,,,,,,,,,,,,,,,,,,,,,,,,,,,
CPP_F_UNLCK,F_UNLCK,cpp,identifier,,ISO/IEC 14882:2020,,,,,,,,,,,,,,,,,,,,,,,,,,,
CPP_F_WRLCK,F_WRLCK,cpp,identifier,,ISO/IEC 14882:2020,,,,,,,,,,,,,,,,,,,,,,,,,,,
CPP_HUGE_VAL,HUGE_VAL,cpp,identifier,,ISO/IEC 14882:2020,,,,,,,,विशाल_मान,,,,,,,,,,,,,,,,,,,
CPP_HUPCL,HUPCL,cpp,identifier,,ISO/IEC 14882:2020,,,,,,,,,,,,,,,,,,,,,,,,,,,
CPP_ICANON,ICANON,cpp,identifier,,ISO/IEC 14882:2020,,,,,,,,,,,,,,,,,,,,,,,,,,,
CPP_ICRNL,ICRNL,cpp,identifier,,ISO/IEC 14882:2020,,,,,,,,,,,,,,,,,,,,,,,,,,,
CPP_IEXTEN,IEXTEN,cpp,identifier,,ISO/IEC 14882:2020,,,,,,,,,,,,,,,,,,,,,,,,,,,
CPP_IGNBRK,IGNBRK,cpp,identifier,,ISO/IEC 14882:2020,,,,,,,,,,,,,,,,,,,,,,,,,,,
CPP_IGNCR,IGNCR,cpp,identifier,,ISO/IEC 14882:2020,,,,,,,,,,,,,,,,,,,,,,,,,,,
CPP_IGNLCR,IGNLCR,cpp,identifier,,ISO/IEC 14882:2020,,,,,,,,,,,,,,,,,,,,,,,,,,,
CPP_IGNPAR,IGNPAR,cpp,identifier,,ISO/IEC 14882:2020,,,,,,,,,,,,,,,,,,,,,,,,,,,
CPP_INFINITY,INFINITY,cpp,identifier,,ISO/IEC 14882:2020,,,,,,,,अनन्त,,,,,,,,,,,,,,,,,,,
CPP_INPCK,INPCK,cpp,identifier,,ISO/IEC 14882:2020,,,,,,,,,,,,,,,,,,,,,,,,,,,
CPP_INT_MAX,INT_MAX,cpp,identifier,,ISO/IEC 14882:2020,,,,,,,,पूर्णांक_उच्च,,,,,,,,,,,,,,,,,,,
CPP_INT_MIN,INT_MIN,cpp,identifier,,ISO/IEC 14882:2020,,,,,,,,पूर्णांक_न्यून,,,,,,,,,,,,,,,,,,,
CPP_ISIG,ISIG,cpp,identifier,,ISO/IEC 14882:2020,,,,,,,,,,,,,,,,,,,,,,,,,,,
CPP_ISTRIP,ISTRIP,cpp,identifier,,ISO/IEC 14882:2020,,,,,,,,,,,,,,,,,,,,,,,,,,,
CPP_IXOFF,IXOFF,cpp,identifier,,ISO/IEC 14882:2020,,,,,,,,,,,,,,,,,,,,,,,,,,,
CPP_IXON,IXON,cpp,identifier,,ISO/IEC 14882:2020,,,,,,,,,,,,,,,,,,,,,,,,,,,
CPP_LC_ALL,LC_ALL,cpp,identifier,,ISO/IEC 14882:2020,,,,,,,,,,,,,,,,,,,,,,,,,,,
CPP_LC_COLLATE,LC_COLLATE,cpp,identifier,,ISO/IEC 14882:2020,,,,,,,,,,,,,,,,,,,,,,,,,,,
CPP_LC_CTYPE,LC_CTYPE,cpp,identifier,,ISO/IEC 14882:2020,,,,,,,,,,,,,,,,,,,,,,,,,,,
CPP_LC_MONETARY,LC_MONETARY,cpp,identifier,,ISO/IEC 14882:2020,,,,,,,,,,,,,,,,,,,,,,,,,,,
CPP_LC_NUMERIC,LC_NUMERIC,cpp,identifier,,ISO/IEC 14882:2020,,,,,,,,,,,,,,,,,,,,,,,,,,,
CPP_LC_TIME,LC_TIME,cpp,identifier,,ISO/IEC 14882:2020,,,,,,,,,,,,,,,,,,,,,,,,,,,
CPP_LDBL_DIG,LDBL_DIG,cpp,identifier,,ISO/IEC 14882:2020,,,,,,,,द_द्वि_भग्न,,,,,,,,,,,,,,,,,,,
CPP_LDBL_EPSILON,LDBL_EPSILON,cpp,identifier,,ISO/IEC 14882:2020,,,,,,,,द_द्वि_अंतर,,,,,,,,,,,,,,,,,,,
CPP_LDBL_MANT_DIG,LDBL_MANT_DIG,cpp,identifier,,ISO/IEC 14882:2020,,,,,,,,द_द्वि_पूर्ण,,,,,,,,,,,,,,,,,,,
CPP_LDBL_MAX,LDBL_MAX,cpp,identifier,,ISO/IEC 14882:2020,,,,,,,,द_द्वि_उच्च,,,,,,,,,,,,,,,,,,,
CPP_LDBL_MAX_10_EXP,LDBL_MAX_10_EXP,cpp,identifier,,ISO/IEC 14882:2020,,,,,,,,,,,,,,,,,,,,,,,,,,,
CPP_LDBL_MAX_EXP,LDBL_MAX_EXP,cpp,identifier,,ISO/IEC 14882:2020,,,,,,,,,,,,,,,,,,,,,,,,,,,
CPP_LDBL_MIN,LDBL_MIN,cpp,identifier,,ISO/IEC 14882:2020,,,,,,,,द_द्वि_न्यून,,,,,,,,,,,,,,,,,,,
CPP_LDBL_MIN_10_EXP,LDBL_MIN_10_EXP,cpp,identifier,,ISO/IEC 14882:2020,,,,,,,,,,,,,,,,,,,,,,,,,,,
CPP_LDBL_MIN_EXP,LDBL_MIN_EXP,cpp,identifier,,ISO/IEC 14882:2020,,,,,,,,,,,,,,,,,,,,,,,,,,,
CPP_LONG_MAX,LONG_MAX,cpp,identifier,,ISO/IEC 14882:2020,,,,,,,,दीर्घ_उच्च,,,,,,,,,,,,,,,,,,,
CPP_LONG_MIN,LONG_MIN,cpp,identifier,,ISO/IEC 14882:2020,,,,,,,,दीर्घ_न्यून,,,,,,,,,,,,,,,,,,,
CPP_L_CTERMID,L_ctermid,cpp,identifier,,ISO/IEC 14882:2020,,,,,,,,,,,,,,,,,,,,,,,,,,,
CPP_L_TMPNAM,L_tmpnam,cpp,identifier,,ISO/IEC 14882:2020,,,,,,,,ब_क्षणिक,,,,,,,,,,,,,,,,,,,
CPP_MAX_CANON,MAX_CANON,cpp,identifier,,ISO/IEC 14882:2020,,,,,,,,,,,,,,,,,,,,,,,,,,,
CPP_MAX_INPUT,MAX_INPUT,cpp,identifier,,ISO/IEC 14882:2020,,,,,,,,,,,,,,,,,,,,,,,,,,,
CPP_MB_CUR_MAX,MB_CUR_MAX,cpp,identifier,,ISO/IEC 14882:2020,,,,,,,,,,,,,,,,,,,,,,,,,,,
CPP_MB_LEN_MAX,MB_LEN_MAX,cpp,identifier,,ISO/IEC 14882:2020,,,,,,,,,,,,,,,,,,,,,,,,,,,
CPP_NAME_MAX,NAME_MAX,cpp,identifier,,ISO/IEC 14882:2020,,,,,,,,,,,,,,,,,,,,,,,,,,,
CPP_NAN,NAN,cpp,identifier,,ISO/IEC 14882:2020,,,,,,,,न_अंक,,,,,,,,,,,,,,,,,,,
CPP_NANS,NANS,cpp,identifier,,ISO/IEC 14882:2020,,,,,,,,,,,,,,,,,,,,,,,,,,,
CPP_NCCS,NCCS,cpp,identifier,,ISO/IEC 14882:2020,,,,,,,,,,,,,,,,,,,,,,,,,,,
CPP_NDEBUG,NDEBUG,cpp,identifier,,ISO/IEC 14882:2020,,,,,,,,न_संशोधन,,,,,,,,,,,,,,,,,,,
CPP_NGROUPS_MAX,NGROUPS_MAX,cpp,identifier,,ISO/IEC 14882:2020,,,,,,,,,,,,,,,,,,,,,,,,,,,
CPP_NOFLSH,NOFLSH,cpp,identifier,,ISO/IEC 14882:2020,,,,,,,,,,,,,,,,,,,,,,,,,,,
CPP_NULL,NULL,cpp,identifier,,ISO/IEC 14882:2020,,,,,,,,शून्य,,,,,,,,,,,,,,,,,,,
CPP_OPEN_MAX,OPEN_MAX,cpp,identifier,,ISO/IEC 14882:2020,,,,,,,,,,,,,,,,,,,,,,,,,,,
CPP_OPOST,OPOST,cpp,identifier,,ISO/IEC 14882:2020,,,,,,,,,,,,,,,,,,,,,,,,,,,
CPP_O_ACCMODE,O_ACCMODE,cpp,identifier,,ISO/IEC 14882:2020,,,,,,,,,,,,,,,,,,,,,,,,,,,
CPP_O_APPEND,O_APPEND,cpp,identifier,,ISO/IEC 14882:2020,,,,,,,,,,,,,,,,,,,,,,,,,,,
CPP_O_CREAT,O_CREAT,cpp,identifier,,ISO/IEC 14882:2020,,,,,,,,,,,,,,,,,,,,,,,,,,,
CPP_O_EXCL,O_EXCL,cpp,identifier,,ISO/IEC 14882:2020,,,,,,,,,,,,,,,,,,,,,,,,,,,
CPP_O_NOCTTY,O_NOCTTY,cpp,identifier,,ISO/IEC 14882:2020,,,,,,,,,,,,,,,,,,,,,,,,,,,
CPP_O_NONBLOCK,O_NONBLOCK,cpp,identifier,,ISO/IEC 14882:2020,,,,,,,,,,,,,,,,,,,,,,,,,,,
CPP_O_RDONLY,O_RDONLY,cpp,identifier,,ISO/IEC 14882:2020,,,,,,,,,,,,,,,,,,,,,,,,,,,
CPP_O_RDWR,O_RDWR,cpp,identifier,,ISO/IEC 14882:2020,,,,,,,,,,,,,,,,,,,,,,,,,,,
CPP_O_TRUNC,O_TRUNC,cpp,identifier,,ISO/IEC 14882:2020,,,,,,,,,,,,,,,,,,,,,,,,,,,
CPP_O_WRONLY,O_WRONLY,cpp,identifier,,ISO/IEC 14882:2020,,,,,,,,,,,,,,,,,,,,,,,,,,,
CPP_PARENB,PARENB,cpp,identifier,,ISO/IEC 14882:2020,,,,,,,,,,,,,,,,,,,,,,,,,,,
CPP_PARMRK,PARMRK,cpp,identifier,,ISO/IEC 14882:2020,,,,,,,,,,,,,,,,,,,,,,,,,,,
CPP_PARODD,PARODD,cpp,identifier,,ISO/IEC 14882:2020,,,,,,,,,,,,,,,,,,,,,,,,,,,
CPP_PATH_MAX,PATH_MAX,cpp,identifier,,ISO/IEC 14882:2020,,,,,,,,,,,,,,,,,,,,,,,,,,,
CPP_PIPE_BUF,PIPE_BUF,cpp,identifier,,ISO/IEC 14882:2020,,,,,,,,,,,,,,,,,,,,,,,,,,,
CPP_RAND_MAX,RAND_MAX,cpp,identifier,,ISO/IEC 14882:2020,,,,,,,,अक्रम_उच्च,,,,,,,,,,,,,,,,,,,
CPP_R_OK,R_OK,cpp,identifier,,ISO/IEC 14882:2020,,,,,,,,,,,,,,,,,,,,,,,,,,,
CPP_SA_NOCLDSTOP,SA_NOCLDSTOP,cpp,identifier,,ISO/IEC 14882:2020,,,,,,,,,,,,,,,,,,,,,,,,,,,
CPP_SCHAR_MAX,SCHAR_MAX,cpp,identifier,,ISO/IEC 14882:2020,,,,,,,,च_अक्षर_उच्च,,,,,,,,,,,,,,,,,,,
CPP_SCHAR_MIN,SCHAR_MIN,cpp,identifier,,ISO/IEC 14882:2020,,,,,,,,च_अक्षर_न्यून,,,,,,,,,,,,,,,,,,,
CPP_SEEK_CUR,SEEK_CUR,cpp,identifier,,ISO/IEC 14882:2020,,,,,,,,प्रस्तुत_से,,,,,,,,,,,,,,,,,,,
CPP_SEEK_END,SEEK_END,cpp,identifier,,ISO/IEC 14882:2020,,,,,,,,अंत_से,,,,,,,,,,,,,,,,,,,
CPP_SEEK_SET,SEEK_SET,cpp,identifier,,ISO/IEC 14882:2020,,,,,,,,शुरू_से,,,,,,,,,,,,,,,,,,,
CPP_SHRT_MAX,SHRT_MAX,cpp,identifier,,ISO/IEC 14882:2020,,,,,,,,लघु_उच्च,,,,,,,,,,,,,,,,,,,
CPP_SHRT_MIN,SHRT_MIN,cpp,identifier,,ISO/IEC 14882:2020,,,,,,,,लघु_न्यून,,,,,,,,,,,,,,,,,,,
CPP_SIBGABRT,SIBGABRT,cpp,identifier,,ISO/IEC 14882:2020,,,,,,,,संक_पात,,,,,,,,,,,,,,,,,,,
CPP_SIGARLM,SIGARLM,cpp,identifier,,ISO/IEC 14882:2020,,,,,,,,,,,,,,,,,,,,,,,,,,,
CPP_SIGCHLD,SIGCHLD,cpp,identifier,,ISO/IEC 14882:2020,,,,,,,,,,,,,,,,,,,,,,,,,,,
CPP_SIGCONT,SIGCONT,cpp,identifier,,ISO/IEC 14882:2020,,,,,,,,,,,,,,,,,,,,,,,,,,,
CPP_SIGFPE,SIGFPE,cpp,identifier,,ISO/IEC 14882:2020,,,,,,,,संक_भ_त्रुटि,,,,,,,,,,,,,,,,,,,
CPP_SIGHUP,SIGHUP,cpp,identifier,,ISO/IEC 14882:2020,,,,,,,,,,,,,,,,,,,,,,,,,,,
CPP_SIGILL,SIGILL,cpp,identifier,,ISO/IEC 14882:2020,,,,,,,,संक_अवैध,,,,,,,,,,,,,,,,,,,
CPP_SIGINT,SIGINT,cpp,identifier,,ISO/IEC 14882:2020,,,,,,,,संक_विघ्न,,,,,,,,,,,,,,,,,,,
CPP_SIGKILL,SIGKILL,cpp,identifier,,ISO/IEC 14882:2020,,,,,,,,,,,,,,,,,,,,,,,,,,,
CPP_SIGPIPE,SIGPIPE,cpp,identifier,,ISO/IEC 14882:2020,,,,,,,,,,,,,,,,,,,,,,,,,,,
CPP_SIGQUIT,SIGQUIT,cpp,identifier,,ISO/IEC 14882:2020,,,,,,,,,,,,,,,,,,,,,,,,,,,
CPP_SIGSEGV,SIGSEGV,cpp,identifier,,ISO/IEC 14882:2020,,,,,,,,संक_अंश,,,,,,,,,,,,,,,,,,,
CPP_SIGSTOP,SIGSTOP,cpp,identifier,,ISO/IEC 14882:2020,,,,,,,,,,,,,,,,,,,,,,,,,,,
CPP_SIGTERM,SIGTERM,cpp,identifier,,ISO/IEC 14882:2020,,,,,,,,संक_इति,,,,,,,,,,,,,,,,,,,
CPP_SIGTSTP,SIGTSTP,cpp,identifier,,ISO/IEC 14882:2020,,,,,,,,,,,,,,,,,,,,,,,,,,,
CPP_SIGTTIN,SIGTTIN,cpp,identifier,,ISO/IEC 14882:2020,,,,,,,,,,,,,,,,,,,,,,,,,,,
CPP_SIGTTOU,SIGTTOU,cpp,identifier,,ISO/IEC 14882:2020,,,,,,,,,,,,,,,,,,,,,,,,,,,
CPP_SIGUSR1,SIGUSR1,cpp,identifier,,ISO/IEC 14882:2020,,,,,,,,,,,,,,,,,,,,,,,,,,,
CPP_SIGUSR2,SIGUSR2,cpp,identifier,,ISO/IEC 14882:2020,,,,,,,,,,,,,,,,,,,,,,,,,,,
CPP_SIG_BLOCK,SIG_BLOCK,cpp,identifier,,ISO/IEC 14882:2020,,,,,,,,,,,,,,,,,,,,,,,,,,,
CPP_SIG_DFL,SIG_DFL,cpp,identifier,,ISO/IEC 14882:2020,,,,,,,,संक_पूर्व,,,,,,,,,,,,,,,,,,,
CPP_SIG_ERR,SIG_ERR,cpp,identifier,,ISO/IEC 14882:2020,,,,,,,,संक_त्रुटि,,,,,,,,,,,,,,,,,,,
CPP_SIG_IGN,SIG_IGN,cpp,identifier,,ISO/IEC 14882:2020,,,,,,,,संक_छोड़ो,,,,,,,,,,,,,,,,,,,
CPP_SIG_SETMASK,SIG_SETMASK,cpp,identifier,,ISO/IEC 14882:2020,,,,,,,,,,,,,,,,,,,,,,,,,,,
CPP_SIG_UNBLOCK,SIG_UNBLOCK,cpp,identifier,,ISO/IEC 14882:2020,,,,,,,,,,,,,,,,,,,,,,,,,,,
CPP_SSIZE_MAX,SSIZE_MAX,cpp,identifier,,ISO/IEC 14882:2020,,,,,,,,,,,,,,,,,,,,,,,,,,,
CPP_STDERR_FILENO,STDERR_FILENO,cpp,identifier,,ISO/IEC 14882:2020,,,,,,,,,,,,,,,,,,,,,,,,,,,
CPP_STDIN_FILENO,STDIN_FILENO,cpp,identifier,,ISO/IEC 14882:2020,,,,,,,,,,,,,,,,,,,,,,,,,,,
CPP_STDOUT_FILENO,STDOUT_FILENO,cpp,identifier,,ISO/IEC 14882:2020,,,,,,,,,,,,,,,,,,,,,,,,,,,
CPP_STREAM_MAX,STREAM_MAX,cpp,identifier,,ISO/IEC 14882:2020,,,,,,,,,,,,,,,,,,,,,,,,,,,
CPP_S_IRGRP,S_IRGRP,cpp,identifier,,ISO/IEC 14882:2020,,,,,,,,,,,,,,,,,,,,,,,,,,,
CPP_S_IROTH,S_IROTH,cpp,identifier,,ISO/IEC 14882:2020,,,,,,,,,,,,,,,,,,,,,,,,,,,
CPP_S_IRUSR,S_IRUSR,cpp,identifier,,ISO/IEC 14882:2020,,,,,,,,,,,,,,,,,,,,,,,,,,,
CPP_S_IRWXG,S_IRWXG,cpp,identifier,,ISO/IEC 14882:2020,,,,,,,,,,,,,,,,,,,,,,,,,,,
CPP_S_IRWXO,S_IRWXO,cpp,identifier,,ISO/IEC 14882:2020,,,,,,,,,,,,,,,,,,,,,,,,,,,
CPP_S_IRWXU,S_IRWXU,cpp,identifier,,ISO/IEC 14882:2020,,,,,,,,,,,,,,,,,,,,,,,,,,,
CPP_S_ISBLK,S_ISBLK,cpp,identifier,,ISO/IEC 14882:2020,,,,,,,,,,,,,,,,,,,,,,,,,,,
CPP_S_ISCHR,S_ISCHR,cpp,identifier,,ISO/IEC 14882:2020,,,,,,,,,,,,,,,,,,,,,,,,,,,
CPP_S_ISDIR,S_ISDIR,cpp,identifier,,ISO/IEC 14882:2020,,,,,,,,,,,,,,,,,,,,,,,,,,,
CPP_S_ISFIFO,S_ISFIFO,cpp,identifier,,ISO/IEC 14882:2020,,,,,,,,,,,,,,,,,,,,,,,,,,,
CPP_S_ISGID,S_ISGID,cpp,identifier,,ISO/IEC 14882:2020,,,,,,,,,,,,,,,,,,,,,,,,,,,
CPP_S_ISREGSUID,S_ISREGSUID,cpp,identifier,,ISO/IEC 14882:2020,,,,,,,,,,,,,,,,,,,,,,,,,,,
CPP_S_IWGRP,S_IWGRP,cpp,identifier,,ISO/IEC 14882:2020,,,,,,,,,,,,,,,,,,,,,,,,,,,
CPP_S_IWOTH,S_IWOTH,cpp,identifier,,ISO/IEC 14882:2020,,,,,,,,,,,,,,,,,,,,,,,,,,,
CPP_S_IWUSR,S_IWUSR,cpp,identifier,,ISO/IEC 14882:2020,,,,,,,,,,,,,,,,,,,,,,,,,,,
CPP_S_IXGRP,S_IXGRP,cpp,identifier,,ISO/IEC 14882:2020,,,,,,,,,,,,,,,,,,,,,,,,,,,
CPP_S_IXOTH,S_IXOTH,cpp,identifier,,ISO/IEC 14882:2020,,,,,,,,,,,,,,,,,,,,,,,,,,,
CPP_S_IXUSR,S_IXUSR,cpp,identifier,,ISO/IEC 14882:2020,,,,,,,,,,,,,,,,,,,,,,,,,,,
CPP_SCREENMODE,ScreenMode,cpp,identifier,,ISO/IEC 14882:2020,,,,,,,,,,,,,,,,,,,,,,,,,,,
CPP_TCIFLUSH,TCIFLUSH,cpp,identifier,,ISO/IEC 14882:2020,,,,,,,,,,,,,,,,,,,,,,,,,,,
CPP_TCIOFF,TCIOFF,cpp,identifier,,ISO/IEC 14882:2020,,,,,,,,,,,,,,,,,,,,,,,,,,,
CPP_TCIOFLUSH,TCIOFLUSH,cpp,identifier,,ISO/IEC 14882:2020,,,,,,,,,,,,,,,,,,,,,,,,,,,
CPP_TCION,TCION,cpp,identifier,,ISO/IEC 14882:2020,,,,,,,,,,,,,,,,,,,,,,,,,,,
CPP_TCOFF,TCOFF,cpp,identifier,,ISO/IEC 14882:2020,,,,,,,,,,,,,,,,,,,,,,,,,,,
CPP_TCOFLUSH,TCOFLUSH,cpp,identifier,,ISO/IEC 14882:2020,,,,,,,,,,,,,,,,,,,,,,,,,,,
CPP_TCOON,TCOON,cpp,identifier,,ISO/IEC 14882:2020,,,,,,,,,,,,,,,,,,,,,,,,,,,
CPP_TCSADRAIN,TCSADRAIN,cpp,identifier,,ISO/IEC 14882:2020,,,,,,,,,,,,,,,,,,,,,,,,,,,
CPP_TCSAFLUSH,TCSAFLUSH,cpp,identifier,,ISO/IEC 14882:2020,,,,,,,,,,,,,,,,,,,,,,,,,,,
CPP_TCSANOW,TCSANOW,cpp,identifier,,ISO/IEC 14882:2020,,,,,,,,,,,,,,,,,,,,,,,,,,,
CPP_TMP_MAX,TMP_MAX,cpp,identifier,,ISO/IEC 14882:2020,,,,,,,,क्षणिक_उच्च,,,,,,,,,,,,,,,,,,,
CPP_TOSTOP,TOSTOP,cpp,identifier,,ISO/IEC 14882:2020,,,,,,,,,,,,,,,,,,,,,,,,,,,
CPP_TZNAME_MAX,TZNAME_MAX,cpp,identifier,,ISO/IEC 14882:2020,,,,,,,,,,,,,,,,,,,,,,,,,,,
CPP_UCHAR_MAX,UCHAR_MAX,cpp,identifier,,ISO/IEC 14882:2020,,,,,,,,अच_अक्षर_उच्च,,,,,,,,,,,,,,,,,,,
CPP_UINT_MAX,UINT_MAX,cpp,identifier,,ISO/IEC 14882:2020,,,,,,,,अच_पूर्णांक_उच्च,,,,,,,,,,,,,,,,,,,
CPP_ULONG_MAX,ULONG_MAX,cpp,identifier,,ISO/IEC 14882:2020,,,,,,,,अच_दीर्घ_उच्च,,,,,,,,,,,,,,,,,,,
CPP_USHRT_MAX,USHRT_MAX,cpp,identifier,,ISO/IEC 14882:2020,,,,,,,,अच_लघु_उच्च,,,,,,,,,,,,,,,,,,,
CPP_VEOF,VEOF,cpp,identifier,,ISO/IEC 14882:2020,,,,,,,,,,,,,,,,,,,,,,,,,,,
CPP_VEOL,VEOL,cpp,identifier,,ISO/IEC 14882:2020,,,,,,,,,,,,,,,,,,,,,,,,,,,
CPP_VERASE,VERASE,cpp,identifier,,ISO/IEC 14882:2020,,,,,,,,,,,,,,,,,,,,,,,,,,,
CPP_VINTR,VINTR,cpp,identifier,,ISO/IEC 14882:2020,,,,,,,,,,,,,,,,,,,,,,,,,,,
CPP_VKILL,VKILL,cpp,identifier,,ISO/IEC 14882:2020,,,,,,,,,,,,,,,,,,,,,,,,,,,
CPP_VMIN,VMIN,cpp,identifier,,ISO/IEC 14882:2020,,,,,,,,,,,,,,,,,,,,,,,,,,,
CPP_VQUIT,VQUIT,cpp,identifier,,ISO/IEC 14882:2020,,,,,,,,,,,,,,,,,,,,,,,,,,,
CPP_VSTART,VSTART,cpp,identifier,,ISO/IEC 14882:2020,,,,,,,,,,,,,,,,,,,,,,,,,,,
CPP_VSTOP,VSTOP,cpp,identifier,,ISO/IEC 14882:2020,,,,,,,,,,,,,,,,,,,,,,,,,,,
CPP_VSUSP,VSUSP,cpp,identifier,,ISO/IEC 14882:2020,,,,,,,,,,,,,,,,,,,,,,,,,,,
CPP_VTIME,VTIME,cpp,identifier,,ISO/IEC 14882:2020,,,,,,,,,,,,,,,,,,,,,,,,,,,
CPP_WEXITSTATUS,WEXITSTATUS,cpp,identifier,,ISO/IEC 14882:2020,,,,,,,,,,,,,,,,,,,,,,,,,,,
CPP_WIFEXITED,WIFEXITED,cpp,identifier,,ISO/IEC 14882:2020,,,,,,,,,,,,,,,,,,,,,,,,,,,
CPP_WIFSIGNALED,WIFSIGNALED,cpp,identifier,,ISO/IEC 14882:2020,,,,,,,,,,,,,,,,,,,,,,,,,,,
CPP_WIFSTOPPED,WIFSTOPPED,cpp,identifier,,ISO/IEC 14882:2020,,,,,,,,,,,,,,,,,,,,,,,,,,,
CPP_WNOHANG,WNOHANG,cpp,identifier,,ISO/IEC 14882:2020,,,,,,,,,,,,,,,,,,,,,,,,,,,
CPP_WSTOPSIG,WSTOPSIG,cpp,identifier,,ISO/IEC 14882:2020,,,,,,,,,,,,,,,,,,,,,,,,,,,
CPP_WTERMSIG,WTERMSIG,cpp,identifier,,ISO/IEC 14882:2020,,,,,,,,,,,,,,,,,,,,,,,,,,,
CPP_WUNTRACED,WUNTRACED,cpp,identifier,,ISO/IEC 14882:2020,,,,,,,,,,,,,,,,,,,,,,,,,,,
CPP_W_OK,W_OK,cpp,identifier,,ISO/IEC 14882:2020,,,,,,,,,,,,,,,,,,,,,,,,,,,
CPP_X_OK,X_OK,cpp,identifier,,ISO/IEC 14882:2020,,,,,,,,,,,,,,,,,,,,,,,,,,,
CPP__,[,cpp,identifier,,ISO/IEC 14882:2020,,,,,,,,,,,,,,,,,,,,,,,,,,,
CPP___,[],cpp,identifier,,ISO/IEC 14882:2020,,,,,,,,,,,,,,,,,,,,,,,,,,,
CPP___,\\,cpp,identifier,,ISO/IEC 14882:2020,,,,,,,,,,,,,,,,,,,,,,,,,,,
CPP_____,\\\',cpp,identifier,,ISO/IEC 14882:2020,,,,,,,,,,,,,,,,,,,,,,,,,,,
CPP_____,\\\?,cpp,identifier,,ISO/IEC 14882:2020,,,,,,,,,,,,,,,,,,,,,,,,,,,
CPP_____,\\\\,cpp,identifier,,ISO/IEC 14882:2020,,,,,,,,,,,,,,,,,,,,,,,,,,,
CPP__,],cpp,identifier,,ISO/IEC 14882:2020,,,,,,,,,,,,,,,,,,,,,,,,,,,
CPP__,^,cpp,identifier,,ISO/IEC 14882:2020,,,,,,,,,,,,,,,,,,,,,,,,,,,
CPP___,^=,cpp,identifier,,ISO/IEC 14882:2020,,,,,,,,,,,,,,,,,,,,,,,,,,,
CPP__8087,_8087,cpp,identifier,,ISO/IEC 14882:2020,,,,,,,,,,,,,,,,,,,,,,,,,,,
CPP__IOFBF,_IOFBF,cpp,identifier,,ISO/IEC 14882:2020,,,,,,,,,,,,,,,,,,,,,,,,,,,
CPP__IOLBF,_IOLBF,cpp,identifier,,ISO/IEC 14882:2020,,,,,,,,,,,,,,,,,,,,,,,,,,,
CPP__IONBF,_IONBF,cpp,identifier,,ISO/IEC 14882:2020,,,,,,,,,,,,,,,,,,,,,,,,,,,
CPP__PC_CHOWN_RESTRICTED,_PC_CHOWN_RESTRICTED,cpp,identifier,,ISO/IEC 14882:2020,,,,,,,,,,,,,,,,,,,,,,,,,,,
CPP__PC_MAX_CANON,_PC_MAX_CANON,cpp,identifier,,ISO/IEC 14882:2020,,,,,,,,,,,,,,,,,,,,,,,,,,,
CPP__PC_MAX_INPUT,_PC_MAX_INPUT,cpp,identifier,,ISO/IEC 14882:2020,,,,,,,,,,,,,,,,,,,,,,,,,,,
CPP__PC_NAME_MAX,_PC_NAME_MAX,cpp,identifier,,ISO/IEC 14882:2020,,,,,,,,,,,,,,,,,,,,,,,,,,,
CPP__PC_NO_TRUNC,_PC_NO_TRUNC,cpp,identifier,,ISO/IEC 14882:2020,,,,,,,,,,,,,,,,,,,,,,,,,,,
CPP__PC_PATH_MAX,_PC_PATH_MAX,cpp,identifier,,ISO/IEC 14882:2020,,,,,,,,,,,,,,,,,,,,,,,,,,,
CPP__PC_PIPE_BUF,_PC_PIPE_BUF,cpp,identifier,,ISO/IEC 14882:2020,,,,,,,,,,,,,,,,,,,,,,,,,,,
CPP__PC_VDISABLE,_PC_VDISABLE,cpp,identifier,,ISO/IEC 14882:2020,,,,,,,,,,,,,,,,,,,,,,,,,,,
CPP__POSIX_ARG_MAX,_POSIX_ARG_MAX,cpp,identifier,,ISO/IEC 14882:2020,,,,,,,,,,,,,,,,,,,,,,,,,,,
CPP__POSIX_CHILD_MAX,_POSIX_CHILD_MAX,cpp,identifier,,ISO/IEC 14882:2020,,,,,,,,,,,,,,,,,,,,,,,,,,,
CPP__POSIX_CHOWN_RESTRICTED,_POSIX_CHOWN_RESTRICTED,cpp,identifier,,ISO/IEC 14882:2020,,,,,,,,,,,,,,,,,,,,,,,,,,,
CPP__POSIX_JOB_CONTROL,_POSIX_JOB_CONTROL,cpp,identifier,,ISO/IEC 14882:2020,,,,,,,,,,,,,,,,,,,,,,,,,,,
CPP__POSIX_LINK_MAX,_POSIX_LINK_MAX,cpp,identifier,,ISO/IEC 14882:2020,,,,,,,,,,,,,,,,,,,,,,,,,,,
CPP__POSIX_MAX_CANON,_POSIX_MAX_CANON,cpp,identifier,,ISO/IEC 14882:2020,,,,,,,,,,,,,,,,,,,,,,,,,,,
CPP__POSIX_MAX_INPUT,_POSIX_MAX_INPUT,cpp,identifier,,ISO/IEC 14882:2020,,,,,,,,,,,,,,,,,,,,,,,,,,,
CPP__POSIX_NAME_MAX,_POSIX_NAME_MAX,cpp,identifier,,ISO/IEC 14882:2020,,,,,,,,,,,,,,,,,,,,,,,,,,,
CPP__POSIX_NGROUPS_MAX,_POSIX_NGROUPS_MAX,cpp,identifier,,ISO/IEC 14882:2020,,,,,,,,,,,,,,,,,,,,,,,,,,,
CPP__POSIX_NO_TRUNC,_POSIX_NO_TRUNC,cpp,identifier,,ISO/IEC 14882:2020,,,,,,,,,,,,,,,,,,,,,,,,,,,
CPP__POSIX_OPEN_MAX,_POSIX_OPEN_MAX,cpp,identifier,,ISO/IEC 14882:2020,,,,,,,,,,,,,,,,,,,,,,,,,,,
CPP__POSIX_PATH_MAX,_POSIX_PATH_MAX,cpp,identifier,,ISO/IEC 14882:2020,,,,,,,,,,,,,,,,,,,,,,,,,,,
CPP__POSIX_SAVED_IDS,_POSIX_SAVED_IDS,cpp,identifier,,ISO/IEC 14882:2020,,,,,,,,,,,,,,,,,,,,,,,,,,,
CPP__POSIX_SSIZE_MAX,_POSIX_SSIZE_MAX,cpp,identifier,,ISO/IEC 14882:2020,,,,,,,,,,,,,,,,,,,,,,,,,,,
CPP__POSIX_STREAM_MAX,_POSIX_STREAM_MAX,cpp,identifier,,ISO/IEC 14882:2020,,,,,,,,,,,,,,,,,,,,,,,,,,,
CPP__POSIX_TZNAME_MAX,_POSIX_TZNAME_MAX,cpp,identifier,,ISO/IEC 14882:2020,,,,,,,,,,,,,,,,,,,,,,,,,,,
CPP__POSIX_VDISABLE,_POSIX_VDISABLE,cpp,identifier,,ISO/IEC 14882:2020,,,,,,,,,,,,,,,,,,,,,,,,,,,
CPP__POSIX_VERSION,_POSIX_VERSION,cpp,identifier,,ISO/IEC 14882:2020,,,,,,,,,,,,,,,,,,,,,,,,,,,
CPP__SC_ARG_MAX,_SC_ARG_MAX,cpp,identifier,,ISO/IEC 14882:2020,,,,,,,,,,,,,,,,,,,,,,,,,,,
CPP__SC_CHILD_MAX,_SC_CHILD_MAX,cpp,identifier,,ISO/IEC 14882:2020,,,,,,,,,,,,,,,,,,,,,,,,,,,
CPP__SC_CLK_TCK,_SC_CLK_TCK,cpp,identifier,,ISO/IEC 14882:2020,,,,,,,,,,,,,,,,,,,,,,,,,,,
CPP__SC_JOB_CONTROL,_SC_JOB_CONTROL,cpp,identifier,,ISO/IEC 14882:2020,,,,,,,,,,,,,,,,,,,,,,,,,,,
CPP__SC_NGROUPS_MAX,_SC_NGROUPS_MAX,cpp,identifier,,ISO/IEC 14882:2020,,,,,,,,,,,,,,,,,,,,,,,,,,,
CPP__SC_OPEN_MAX,_SC_OPEN_MAX,cpp,identifier,,ISO/IEC 14882:2020,,,,,,,,,,,,,,,,,,,,,,,,,,,
CPP__SC_SAVED_IDS,_SC_SAVED_IDS,cpp,identifier,,ISO/IEC 14882:2020,,,,,,,,,,,,,,,,,,,,,,,,,,,
CPP__SC_STREAM_MAX,_SC_STREAM_MAX,cpp,identifier,,ISO/IEC 14882:2020,,,,,,,,,,,,,,,,,,,,,,,,,,,
CPP__SC_TZNAME_MAX,_SC_TZNAME_MAX,cpp,identifier,,ISO/IEC 14882:2020,,,,,,,,,,,,,,,,,,,,,,,,,,,
CPP__SC_VERSION,_SC_VERSION,cpp,identifier,,ISO/IEC 14882:2020,,,,,,,,,,,,,,,,,,,,,,,,,,,
CPP___DATE__,__DATE__,cpp,identifier,,ISO/IEC 14882:2020,,,,,,,,__दिन__,,,,,,,,,,,,,,,,,,,
CPP___FILE__,__FILE__,cpp,identifier,,ISO/IEC 14882:2020,,,,,,,,__खाता__,,,,,,,,,,,,,,,,,,,
CPP___FPCE_IEEE__,__FPCE_IEEE__,cpp,identifier,,ISO/IEC 14882:2020,,,,,,,,,,,,,,,,,,,,,,,,,,,
CPP___FPCE__,__FPCE__,cpp,identifier,,ISO/IEC 14882:2020,,,,,,,,,,,,,,,,,,,,,,,,,,,
CPP___LINE__,__LINE__,cpp,identifier,,ISO/IEC 14882:2020,,,,,,,,__पंक्ति__,,,,,,,,,,,,,,,,,,,
CPP___STDC__,__STDC__,cpp,identifier,,ISO/IEC 14882:2020,,,,,,,,__मानक__,,,,,,,,,,,,,,,,,,,
CPP___TIME__,__TIME__,cpp,identifier,,ISO/IEC 14882:2020,,,,,,,,__समय__,,,,,,,,,,,,,,,,,,,
CPP__ATOLD,_atold,cpp,identifier,,ISO/IEC 14882:2020,,,,,,,,,,,,,,,,,,,,,,,,,,,
CPP__EXIT,_exit,cpp,identifier,,ISO/IEC 14882:2020,,,,,,,,_निकास,,,,,,,,,,,,,,,,,,,
CPP__STKLEN,_stklen,cpp,identifier,,ISO/IEC 14882:2020,,,,,,,,,,,,,,,,,,,,,,,,,,,
CPP_ABORT,abort,cpp,identifier,,ISO/IEC 14882:2020,,,,,,,,पात,,,,,,,,,,,,,,,,,,,
CPP_ABS,abs,cpp,identifier,,ISO/IEC 14882:2020,,,,,,,,असल,,,,,,,,,,,,,,,,,,,
CPP_ACCESS,access,cpp,identifier,,ISO/IEC 14882:2020,,,,,,,,,,,,,,,,,,,,,,,,,,,
CPP_ACOS,acos,cpp,identifier,,ISO/IEC 14882:2020,,,,,,,,,,,,,,,,,,,,,,,,,,,
CPP_ALARM,alarm,cpp,identifier,,ISO/IEC 14882:2020,,,,,,,,,,,,,,,,,,,,,,,,,,,
CPP_ALLOCA,alloca,cpp,identifier,,ISO/IEC 14882:2020,,,,,,,,,,,,,,,,,,,,,,,,,,,
CPP_ASCTIME,asctime,cpp,identifier,,ISO/IEC 14882:2020,,,,,,,,समय_ठीक,,,,,,,,,,,,,,,,,,,
CPP_ASIN,asin,cpp,identifier,,ISO/IEC 14882:2020,,,,,,,,,,,,,,,,,,,,,,,,,,,
CPP_ASM,asm,cpp,identifier,,ISO/IEC 14882:2020,,,,,,,,यंत्र,,,,,,,,,,,,,,,,,,,
CPP_ASSERT,assert,cpp,identifier,,ISO/IEC 14882:2020,,,,,,,,निश्चित,,,,,,,,,,,,,,,,,,,یقین
CPP_ATAN,atan,cpp,identifier,,ISO/IEC 14882:2020,,,,,,,,,,,,,,,,,,,,,,,,,,,
CPP_ATAN2,atan2,cpp,identifier,,ISO/IEC 14882:2020,,,,,,,,,,,,,,,,,,,,,,,,,,,
CPP_ATEXIT,atexit,cpp,identifier,,ISO/IEC 14882:2020,,,,,,,,निकास_पर,,,,,,,,,,,,,,,,,,,
CPP_ATOF,atof,cpp,identifier,,ISO/IEC 14882:2020,,,,,,,,म_से_भ,,,,,,,,,,,,,,,,,,,
CPP_ATOI,atoi,cpp,identifier,,ISO/IEC 14882:2020,,,,,,,,म_से_प,,,,,,,,,,,,,,,,,,,
CPP_ATOL,atol,cpp,identifier,,ISO/IEC 14882:2020,,,,,,,,म_से_द,,,,,,,,,,,,,,,,,,,
CPP_AUTO,auto,cpp,identifier,,ISO/IEC 14882:2020,,,,,,,,स्वतः,,,,,,,,,,,,,,,,,,,خودکار
CPP_BASENAME,basename,cpp,identifier,,ISO/IEC 14882:2020,,,,,,,,,,,,,,,,,,,,,,,,,,,
CPP_BREAK,break,cpp,identifier,,ISO/IEC 14882:2020,اكسر,שבור,বিৰতি,বিরতি,اكسر,તોડો,שבור,विराम,ನಿಲ್ಲಿಸು,اكسر,നിർത്തുക,थांबा,रोक,ଭାଙ୍ଗ,भञ्ज,اكسر,بشکن,שבור,भंग,ਰੋਕੋ,भङ्ग,اكسر,اكسر,שבור,நிறுத்து,ఆపు,توڑو
CPP_BRK,brk,cpp,identifier,,ISO/IEC 14882:2020,,,,,,,,,,,,,,,,,,,,,,,,,,,
CPP_BSEARCH,bsearch,cpp,identifier,,ISO/IEC 14882:2020,,,,,,,,द्वा_खोज,,,,,,,,,,,,,,,,,,,
CPP_CALLOC,calloc,cpp,identifier,,ISO/IEC 14882:2020,,,,,,,,सुस्मृति,,,,,,,,,,,,,,,,,,,
CPP_CASE,case,cpp,identifier,,ISO/IEC 14882:2020,عندما,כאשר,যেতিয়া,যখন,عندما,જ્યારે,כאשר,जब,ಯಾವಾಗ,عندما,എപ്പോൾ,जेव्हा,जब,ଯେତେବେଳେ,यदा,عندما,هنگامیکه,כאשר,जदा,ਜਦੋਂ,यदा,عندما,عندما,כאשר,போது,ఎప్పుడు,جب
CPP_CATCH,catch,cpp,identifier,14.2,ISO/IEC 14882:2020,,,,,,,,पकड़ो,,,,,,,,,,,,,,,,,,,
CPP_CC_T,cc_t,cpp,identifier,,ISO/IEC 14882:2020,,,,,,,,,,,,,,,,,,,,,,,,,,,
CPP_CEIL,ceil,cpp,identifier,,ISO/IEC 14882:2020,,,,,,,,उच्चमान,,,,,,,,,,,,,,,,,,,
CPP_CFGETISPEED,cfgetispeed,cpp,identifier,,ISO/IEC 14882:2020,,,,,,,,,,,,,,,,,,,,,,,,,,,
CPP_CFGETOSPEED,cfgetospeed,cpp,identifier,,ISO/IEC 14882:2020,,,,,,,,,,,,,,,,,,,,,,,,,,,
CPP_CFSETISPEED,cfsetispeed,cpp,identifier,,ISO/IEC 14882:2020,,,,,,,,,,,,,,,,,,,,,,,,,,,
CPP_CFSETOSPEED,cfsetospeed,cpp,identifier,,ISO/IEC 14882:2020,,,,,,,,,,,,,,,,,,,,,,,,,,,
CPP_CHAR,char,cpp,identifier,,ISO/IEC 14882:2020,حرف,תו,আখৰ,অক্ষর,حرف,અક્ષર,תו,अक्षर,ಅಕ್ಷರ,حرف,അക്ഷരം,अक्षर,अक्षर,ଅକ୍ଷର,वण्ण,حرف,نویسه,תו,अक्खर,ਅੱਖਰ,वर्ण,حرف,حرف,תו,எழுத்து,అక్షరం,حرف
CPP_CHDIR,chdir,cpp,identifier,,ISO/IEC 14882:2020,,,,,,,,स_बदलो,,,,,,,,,,,,,,,,,,,
CPP_CHMOD,chmod,cpp,identifier,,ISO/IEC 14882:2020,,,,,,,,,,,,,,,,,,,,,,,,,,,
CPP_CHOWN,chown,cpp,identifier,,ISO/IEC 14882:2020,,,,,,,,,,,,,,,,,,,,,,,,,,,
CPP_CLASS,class,cpp,identifier,12,ISO/IEC 14882:2020,صنف,מחלקה,শ্ৰেণী,শ্রেণী,صنف,વર્ગ,מחלקה,वर्ग,ವರ್ಗ,صنف,വർഗ്ഗം,वर्ग,वर्ग,ଶ୍ରେଣୀ,वग्ग,صنف,رده,מחלקה,वग्ग,ਵਰਗ,वर्ग,صنف,صنف,מחלקה,வகுப்பு,తరగతి,جماعت
CPP_CLEARERR,clearerr,cpp,identifier,,ISO/IEC 14882:2020,,,,,,,,साफ_त्रुटि,,,,,,,,,,,,,,,,,,,
CPP_CLOCK,clock,cpp,identifier,,ISO/IEC 14882:2020,,,,,,,,घड़ी,,,,,,,,,,,,,,,,,,,
CPP_CLOCK_T,clock_t,cpp,identifier,,ISO/IEC 14882:2020,,,,,,,,घड़ी_प्रकार,,,,,,,,,,,,,,,,,,,
CPP_CLOSE,close,cpp,identifier,,ISO/IEC 14882:2020,,,,,,,,बंद,,,,,,,,,,,,,,,,,,,
CPP_CLOSEDIR,closedir,cpp,identifier,,ISO/IEC 14882:2020,,,,,,,,बंद_सूची,,,,,,,,,,,,,,,,,,,
CPP_CONST,const,cpp,identifier,,ISO/IEC 14882:2020,ثابت,קבוע,ধ্ৰুৱক,ধ্রুবক,ثابت,અચલ,קבוע,अचर,ಸ್ಥಿರಾಂಕ,ثابت,സ്ഥിരം,स्थिरांक,अचर,ଅଚଳ,ध्रुव,ثابت,ثابت,קבוע,धुव,ਅਚਲ,ध्रुव,ثابت,ثابت,קבוע,மாறிலி,స్థిరరాశి,ثابت
CPP_CONTINUE,continue,cpp,identifier,,ISO/IEC 14882:2020,استمر,המשך,অব্যাহত,চালু,استمر,ચાલુ,המשך,जारी,ಮುಂದುವರಿ,استمر,തുടരുക,सुरूठेवा,जारी,ଜାରି,अनुवत्त,استمر,ادامه,המשך,चालु,ਜਾਰੀ,अनुवर्त,استمر,استمر,המשך,தொடர்,కొనసాగు,جاری
CPP_COS,cos,cpp,identifier,,ISO/IEC 14882:2020,,,,,,,,,,,,,,,,,,,,,,,,,,,
CPP_COSH,cosh,cpp,identifier,,ISO/IEC 14882:2020,,,,,,,,,,,,,,,,,,,,,,,,,,,
CPP_CREAT,creat,cpp,identifier,,ISO/IEC 14882:2020,,,,,,,,,,,,,,,,,,,,,,,,,,,
CPP_CRLF2NL,crlf2nl,cpp,identifier,,ISO/IEC 14882:2020,,,,,,,,,,,,,,,,,,,,,,,,,,,
CPP_CTERMID,ctermid,cpp,identifier,,ISO/IEC 14882:2020,,,,,,,,,,,,,,,,,,,,,,,,,,,
CPP_CTIME,ctime,cpp,identifier,,ISO/IEC 14882:2020,,,,,,,,स_समय,,,,,,,,,,,,,,,,,,,
CPP_CUSERID,cuserid,cpp,identifier,,ISO/IEC 14882:2020,,,,,,,,,,,,,,,,,,,,,,,,,,,
CPP_DEFAULT,default,cpp,identifier,,ISO/IEC 14882:2020,افتراضي,ברירתמחדל,মূল,পূর্বনির্ধারিত,افتراضي,મૂળભૂત,ברירתמחדל,मूल,ಪೂರ್ವನಿಯೋಜಿತ,افتراضي,സ്ഥിരസ്ഥിതി,पूर्वनिर्धारित,मूल,ପୂର୍ବନିର୍ଦ୍ଧାରିତ,सभाव,افتراضي,پیشفرض,ברירתמחדל,मूल,ਮੂਲ,स्वभाव,افتراضي,افتراضي,ברירתמחדל,இயல்பு,అప్రమేయ,طےشدہ
CPP_DEFINED,defined,cpp,identifier,,ISO/IEC 14882:2020,,,,,,,,,,,,,,,,,,,,,,,,,,,
CPP_DELETE,delete,cpp,identifier,7.6.2.9,ISO/IEC 14882:2020,,,,,,,,मिटाओ,,,,,,,,,,,,,,,,,,,
CPP_DEV_T,dev_t,cpp,identifier,,ISO/IEC 14882:2020,,,,,,,,,,,,,,,,,,,,,,,,,,,
CPP_DIFFTIME,difftime,cpp,identifier,,ISO/IEC 14882:2020,,,,,,,,स_अंतर,,,,,,,,,,,,,,,,,,,
CPP_DIRNAME,dirname,cpp,identifier,,ISO/IEC 14882:2020,,,,,,,,स_नाम,,,,,,,,,,,,,,,,,,,
CPP_DIV,div,cpp,identifier,,ISO/IEC 14882:2020,,,,,,,,भाग,,,,,,,,,,,,,,,,,,,تقسیم
CPP_DIV_T,div_t,cpp,identifier,,ISO/IEC 14882:2020,,,,,,,,भाग_प्रकार,,,,,,,,,,,,,,,,,,,
CPP_DO,do,cpp,identifier,,ISO/IEC 14882:2020,افعل,𐡏𐡁𐡃,কৰা,করো,افعل,કરો,עשה,करो,ಮಾಡು,افعل,ചെയ്യുക,करा,गर,କର,करोहि,افعل,انجامبده,𐤐𐤏𐤋,करेहि,ਕਰੋ,कुरु,افعل,افعل,ܥܒܕ,செய்,చేయి,کرو
CPP_DOSMEMGET,dosmemget,cpp,identifier,,ISO/IEC 14882:2020,,,,,,,,,,,,,,,,,,,,,,,,,,,
CPP_DOSMEMPUT,dosmemput,cpp,identifier,,ISO/IEC 14882:2020,,,,,,,,,,,,,,,,,,,,,,,,,,,
CPP_DOUBLE,double,cpp,identifier,,ISO/IEC 14882:2020,مزدوج,כפול,দ্বিগুণ,দ্বিগুণ,مزدوج,દ્વિગુણ,כפול,द्विगुण,ದ್ವಿಗುಣ,مزدوج,ഇരട്ട,द्विगुण,द्विगुण,ଦ୍ୱିଗୁଣ,द्विगुण,مزدوج,دوگانه,כפול,दुगुण,ਦੁੱਗਣਾ,द्विगुण,مزدوج,مزدوج,כפול,இரட்டை,ద్విగుణ,دوہرا
CPP_DUP,dup,cpp,identifier,,ISO/IEC 14882:2020,,,,,,,,,,,,,,,,,,,,,,,,,,,
CPP_DUP2,dup2,cpp,identifier,,ISO/IEC 14882:2020,,,,,,,,,,,,,,,,,,,,,,,,,,,
CPP_ELSE,else,cpp,identifier,,ISO/IEC 14882:2020,وإلا,אחרת,অন্যথা,অন্যথা,وإلا,નહીંતર,אחרת,अन्यथा,ಇಲ್ಲದಿದ್ದರೆ,وإلا,അല്ലെങ്കിൽ,अन्यथा,अन्यथा,ଅନ୍ୟଥା,अञ्ञथा,وإلا,وگرنه,אחרת,अण्णहा,ਨਹੀਂਤਾਂ,अन्यथा,وإلا,وإلا,ܐܚܪܢܐ,இல்லையெனில்,లేకపోతే,ورنہ
CPP_ENUM,enum,cpp,identifier,,ISO/IEC 14882:2020,,,,,,,,क्रमागत,,,,,,,,,,,,,,,,,,,شمار
CPP_ERRNO,errno,cpp,identifier,,ISO/IEC 14882:2020,,,,,,,,त्रुटि_सं,,,,,,,,,,,,,,,,,,,
CPP_EXECL,execl,cpp,identifier,,ISO/IEC 14882:2020,,,,,,,,,,,,,,,,,,,,,,,,,,,
CPP_EXECLE,execle,cpp,identifier,,ISO/IEC 14882:2020,,,,,,,,,,,,,,,,,,,,,,,,,,,
CPP_EXECLP,execlp,cpp,identifier,,ISO/IEC 14882:2020,,,,,,,,,,,,,,,,,,,,,,,,,,,
CPP_EXECV,execv,cpp,identifier,,ISO/IEC 14882:2020,,,,,,,,,,,,,,,,,,,,,,,,,,,
CPP_EXECVE,execve,cpp,identifier,,ISO/IEC 14882:2020,,,,,,,,,,,,,,,,,,,,,,,,,,,
CPP_EXECVP,execvp,cpp,identifier,,ISO/IEC 14882:2020,,,,,,,,,,,,,,,,,,,,,,,,,,,
CPP_EXIT,exit,cpp,identifier,,ISO/IEC 14882:2020,,,,,,,,निकास,,,,,,,,,,,,,,,,,,,
CPP_EXP,exp,cpp,identifier,,ISO/IEC 14882:2020,,,,,,,,,,,,,,,,,,,,,,,,,,,
CPP_EXTERN,extern,cpp,identifier,,ISO/IEC 14882:2020,,,,,,,,बाह्य,,,,,,,,,,,,,,,,,,,بیرونی
CPP_FABS,fabs,cpp,identifier,,ISO/IEC 14882:2020,,,,,,,,भ_असल,,,,,,,,,,,,,,,,,,,
CPP_FCBT,fcbt,cpp,identifier,,ISO/IEC 14882:2020,,,,,,,,,,,,,,,,,,,,,,,,,,,
CPP_FCLOSE,fclose,cpp,identifier,,ISO/IEC 14882:2020,,,,,,,,ख_बंद,,,,,,,,,,,,,,,,,,,
CPP_FCNTL,fcntl,cpp,identifier,,ISO/IEC 14882:2020,,,,,,,,,,,,,,,,,,,,,,,,,,,
CPP_FDOPEN,fdopen,cpp,identifier,,ISO/IEC 14882:2020,,,,,,,,,,,,,,,,,,,,,,,,,,,
CPP_FECLEAREXCEPTS,feclearexcepts,cpp,identifier,,ISO/IEC 14882:2020,,,,,,,,,,,,,,,,,,,,,,,,,,,
CPP_FEGETENV,fegetenv,cpp,identifier,,ISO/IEC 14882:2020,,,,,,,,,,,,,,,,,,,,,,,,,,,
CPP_FEGETEXCEPT,fegetexcept,cpp,identifier,,ISO/IEC 14882:2020,,,,,,,,,,,,,,,,,,,,,,,,,,,
CPP_FEGETPREC,fegetprec,cpp,identifier,,ISO/IEC 14882:2020,,,,,,,,,,,,,,,,,,,,,,,,,,,
CPP_FEGETROUND,fegetround,cpp,identifier,,ISO/IEC 14882:2020,,,,,,,,,,,,,,,,,,,,,,,,,,,
CPP_FENV_T,fenv_t,cpp,identifier,,ISO/IEC 14882:2020,,,,,,,,,,,,,,,,,,,,,,,,,,,
CPP_FEOF,feof,cpp,identifier,,ISO/IEC 14882:2020,,,,,,,,ख_पूर्ण,,,,,,,,,,,,,,,,,,,
CPP_FEPROCENTRY,feprocentry,cpp,identifier,,ISO/IEC 14882:2020,,,,,,,,,,,,,,,,,,,,,,,,,,,
CPP_FEPROCEXIT,feprocexit,cpp,identifier,,ISO/IEC 14882:2020,,,,,,,,,,,,,,,,,,,,,,,,,,,
CPP_FERAISEEXCEPT,feraiseexcept,cpp,identifier,,ISO/IEC 14882:2020,,,,,,,,,,,,,,,,,,,,,,,,,,,
CPP_FERROR,ferror,cpp,identifier,,ISO/IEC 14882:2020,,,,,,,,ख_त्रुटि,,,,,,,,,,,,,,,,,,,
CPP_FESETENV,fesetenv,cpp,identifier,,ISO/IEC 14882:2020,,,,,,,,,,,,,,,,,,,,,,,,,,,
CPP_FESETEXCEPT,fesetexcept,cpp,identifier,,ISO/IEC 14882:2020,,,,,,,,,,,,,,,,,,,,,,,,,,,
CPP_FESETPREC,fesetprec,cpp,identifier,,ISO/IEC 14882:2020,,,,,,,,,,,,,,,,,,,,,,,,,,,
CPP_FESETROUND,fesetround,cpp,identifier,,ISO/IEC 14882:2020,,,,,,,,,,,,,,,,,,,,,,,,,,,
CPP_FETESTEXCEPT,fetestexcept,cpp,identifier,,ISO/IEC 14882:2020,,,,,,,,,,,,,,,,,,,,,,,,,,,
CPP_FEXCEPT_T,fexcept_t,cpp,identifier,,ISO/IEC 14882:2020,,,,,,,,,,,,,,,,,,,,,,,,,,,
CPP_FFLUSH,fflush,cpp,identifier,,ISO/IEC 14882:2020,,,,,,,,ख_साफ,,,,,,,,,,,,,,,,,,,
CPP_FGETC,fgetc,cpp,identifier,,ISO/IEC 14882:2020,,,,,,,,ख_अक्षर_लो,,,,,,,,,,,,,,,,,,,
CPP_FGETPOS,fgetpos,cpp,identifier,,ISO/IEC 14882:2020,,,,,,,,ख_स्थान_लो,,,,,,,,,,,,,,,,,,,
CPP_FGETS,fgets,cpp,identifier,,ISO/IEC 14882:2020,,,,,,,,ख_माला_लो,,,,,,,,,,,,,,,,,,,
CPP_FILENO,fileno,cpp,identifier,,ISO/IEC 14882:2020,,,,,,,,,,,,,,,,,,,,,,,,,,,
CPP_FLOAT,float,cpp,identifier,,ISO/IEC 14882:2020,عائم,צף,দশমিক,দশমিক,عائم,દશાંશ,צף,दशमलव,ದಶಮಾಂಶ,عائم,ദശാംശം,दशांश,दशमलव,ଦଶମିକ,भिन्न,عائم,اعشاری,צף,भिण्ण,ਦਸ਼ਮਲਵ,भिन्न,عائم,عائم,צף,தசம,దశాంశం,اعشاری
CPP_FLOOR,floor,cpp,identifier,,ISO/IEC 14882:2020,,,,,,,,न्यूनमान,,,,,,,,,,,,,,,,,,,
CPP_FMOD,fmod,cpp,identifier,,ISO/IEC 14882:2020,,,,,,,,भ_शेष,,,,,,,,,,,,,,,,,,,
CPP_FOPEN,fopen,cpp,identifier,,ISO/IEC 14882:2020,,,,,,,,ख_खोलो,,,,,,,,,,,,,,,,,,,
CPP_FOR,for,cpp,identifier,,ISO/IEC 14882:2020,لكل,עבור,বাবে,জন্য,لكل,માટે,עבור,हेतु,ಗಾಗಿ,لكل,വേണ്ടി,साठी,लागि,ପାଇଁ,अत्थाय,لكل,برای,עבור,अत्थे,ਲਈ,प्रति,لكل,لكل,עבור,க்கு,కొరకు,برائے
CPP_FORK,fork,cpp,identifier,,ISO/IEC 14882:2020,,,,,,,,विभाजन,,,,,,,,,,,,,,,,,,,
CPP_FPATHCONF,fpathconf,cpp,identifier,,ISO/IEC 14882:2020,,,,,,,,,,,,,,,,,,,,,,,,,,,
CPP_FPCLASSIFY,fpclassify,cpp,identifier,,ISO/IEC 14882:2020,,,,,,,,,,,,,,,,,,,,,,,,,,,
CPP_FPOS_T,fpos_t,cpp,identifier,,ISO/IEC 14882:2020,,,,,,,,ख_स्थान_प्रकार,,,,,,,,,,,,,,,,,,,
CPP_FPRINTF,fprintf,cpp,identifier,,ISO/IEC 14882:2020,,,,,,,,ख_लिखो,,,,,,,,,,,,,,,,,,,
CPP_FPUTC,fputc,cpp,identifier,,ISO/IEC 14882:2020,,,,,,,,ख_अक्षर_दो,,,,,,,,,,,,,,,,,,,
CPP_FPUTS,fputs,cpp,identifier,,ISO/IEC 14882:2020,,,,,,,,ख_माला_दो,,,,,,,,,,,,,,,,,,,
CPP_FREAD,fread,cpp,identifier,,ISO/IEC 14882:2020,,,,,,,,ख_पढ़ो,,,,,,,,,,,,,,,,,,,
CPP_FREE,free,cpp,identifier,,ISO/IEC 14882:2020,,,,,,,,मुक्त,,,,,,,,,,,,,,,,,,,
CPP_FREOPEN,freopen,cpp,identifier,,ISO/IEC 14882:2020,,,,,,,,ख_व_खोलो,,,,,,,,,,,,,,,,,,,
CPP_FREXP,frexp,cpp,identifier,,ISO/IEC 14882:2020,,,,,,,,,,,,,,,,,,,,,,,,,,,
CPP_FRIEND,friend,cpp,identifier,11.8,ISO/IEC 14882:2020,,,,,,,,मित्र,,,,,,,,,,,,,,,,,,,
CPP_FSCANF,fscanf,cpp,identifier,,ISO/IEC 14882:2020,,,,,,,,ख_पूछो,,,,,,,,,,,,,,,,,,,
CPP_FSEEK,fseek,cpp,identifier,,ISO/IEC 14882:2020,,,,,,,,ख_जाओ,,,,,,,,,,,,,,,,,,,
CPP_FSETPOS,fsetpos,cpp,identifier,,ISO/IEC 14882:2020,,,,,,,,ख_स्थान_दो,,,,,,,,,,,,,,,,,,,
CPP_FSTAT,fstat,cpp,identifier,,ISO/IEC 14882:2020,,,,,,,,ख_स्थिति,,,,,,,,,,,,,,,,,,,
CPP_FSYNC,fsync,cpp,identifier,,ISO/IEC 14882:2020,,,,,,,,,,,,,,,,,,,,,,,,,,,
CPP_FTELL,ftell,cpp,identifier,,ISO/IEC 14882:2020,,,,,,,,ख_बताओ,,,,,,,,,,,,,,,,,,,
CPP_FWRITE,fwrite,cpp,identifier,,ISO/IEC 14882:2020,,,,,,,,ख_डालो,,,,,,,,,,,,,,,,,,,
CPP_GETC,getc,cpp,identifier,,ISO/IEC 14882:2020,,,,,,,,अ_लो,,,,,,,,,,,,,,,,,,,
CPP_GETCBRK,getcbrk,cpp,identifier,,ISO/IEC 14882:2020,,,,,,,,,,,,,,,,,,,,,,,,,,,
CPP_GETCHAR,getchar,cpp,identifier,,ISO/IEC 14882:2020,,,,,,,,अक्षर_लो,,,,,,,,,,,,,,,,,,,
CPP_GETCWD,getcwd,cpp,identifier,,ISO/IEC 14882:2020,,,,,,,,,,,,,,,,,,,,,,,,,,,
CPP_GETEGID,getegid,cpp,identifier,,ISO/IEC 14882:2020,,,,,,,,,,,,,,,,,,,,,,,,,,,
CPP_GETENV,getenv,cpp,identifier,,ISO/IEC 14882:2020,,,,,,,,दो_पर्या,,,,,,,,,,,,,,,,,,,
CPP_GETEUID,geteuid,cpp,identifier,,ISO/IEC 14882:2020,,,,,,,,,,,,,,,,,,,,,,,,,,,
CPP_GETGID,getgid,cpp,identifier,,ISO/IEC 14882:2020,,,,,,,,,,,,,,,,,,,,,,,,,,,
CPP_GETGRGID,getgrgid,cpp,identifier,,ISO/IEC 14882:2020,,,,,,,,,,,,,,,,,,,,,,,,,,,
CPP_GETGRNAM,getgrnam,cpp,identifier,,ISO/IEC 14882:2020,,,,,,,,,,,,,,,,,,,,,,,,,,,
CPP_GETGROUPS,getgroups,cpp,identifier,,ISO/IEC 14882:2020,,,,,,,,,,,,,,,,,,,,,,,,,,,
CPP_GETHOSTNAME,gethostname,cpp,identifier,,ISO/IEC 14882:2020,,,,,,,,,,,,,,,,,,,,,,,,,,,
CPP_GETKEY,getkey,cpp,identifier,,ISO/IEC 14882:2020,,,,,,,,,,,,,,,,,,,,,,,,,,,
CPP_GETLOGIN,getlogin,cpp,identifier,,ISO/IEC 14882:2020,,,,,,,,,,,,,,,,,,,,,,,,,,,
CPP_GETPGRP,getpgrp,cpp,identifier,,ISO/IEC 14882:2020,,,,,,,,,,,,,,,,,,,,,,,,,,,
CPP_GETPID,getpid,cpp,identifier,,ISO/IEC 14882:2020,,,,,,,,,,,,,,,,,,,,,,,,,,,
CPP_GETPPID,getppid,cpp,identifier,,ISO/IEC 14882:2020,,,,,,,,,,,,,,,,,,,,,,,,,,,
CPP_GETPWNAM,getpwnam,cpp,identifier,,ISO/IEC 14882:2020,,,,,,,,,,,,,,,,,,,,,,,,,,,
CPP_GETPWUID,getpwuid,cpp,identifier,,ISO/IEC 14882:2020,,,,,,,,,,,,,,,,,,,,,,,,,,,
CPP_GETS,gets,cpp,identifier,,ISO/IEC 14882:2020,,,,,,,,माला_लो,,,,,,,,,,,,,,,,,,,
CPP_GETUID,getuid,cpp,identifier,,ISO/IEC 14882:2020,,,,,,,,,,,,,,,,,,,,,,,,,,,
CPP_GID_T,gid_t,cpp,identifier,,ISO/IEC 14882:2020,,,,,,,,,,,,,,,,,,,,,,,,,,,
CPP_GMTIME,gmtime,cpp,identifier,,ISO/IEC 14882:2020,,,,,,,,स_जमट,,,,,,,,,,,,,,,,,,,
CPP_GOTO,goto,cpp,identifier,,ISO/IEC 14882:2020,,,,,,,,जाओ,,,,,,,,,,,,,,,,,,,جاؤ
CPP_IF,if,cpp,identifier,,ISO/IEC 14882:2020,إذا,𐡄𐡍,যদি,যদি,إذا,જો,אם,यदि,ಆದರೆ,إذا,എങ്കിൽ,जर,यदि,ଯଦି,सचे,إذا,اگر,𐤀𐤌,जइ,ਜੇ,यदि,إذا,إذا,ܐܢ,எனில்,ఒకవేళ,اگر
CPP_INLINE,inline,cpp,identifier,,ISO/IEC 14882:2020,,,,,,,,अंतरभूत,,,,,,,,,,,,,,,,,,,
CPP_INO_T,ino_t,cpp,identifier,,ISO/IEC 14882:2020,,,,,,,,,,,,,,,,,,,,,,,,,,,
CPP_INT,int,cpp,identifier,,ISO/IEC 14882:2020,صحيح,שלם,পূৰ্ণসংখ্যা,পূর্ণসংখ্যা,صحيح,પૂર્ણાંક,שלם,पूर्णांक,ಪೂರ್ಣಾಂಕ,صحيح,പൂർണ്ണസംഖ്യ,पूर्णांक,पूर्णाङ्क,ପୂର୍ଣ୍ଣସଂଖ୍ୟା,पूर्णङ्क,صحيح,صحیح,שלם,पुण्णंक,ਪੂਰਨਅੰਕ,पूर्णाङ्क,صحيح,صحيح,שלם,முழு,పూర్ణాంకం,صحیح
CPP_ISALNUM,isalnum,cpp,identifier,,ISO/IEC 14882:2020,,,,,,,,है_अक्षर_अंक,,,,,,,,,,,,,,,,,,,
CPP_ISALPHA,isalpha,cpp,identifier,,ISO/IEC 14882:2020,,,,,,,,है_अक्षर,,,,,,,,,,,,,,,,,,,
CPP_ISATTY,isatty,cpp,identifier,,ISO/IEC 14882:2020,,,,,,,,,,,,,,,,,,,,,,,,,,,
CPP_ISCNTRL,iscntrl,cpp,identifier,,ISO/IEC 14882:2020,,,,,,,,है_नियंत्रण,,,,,,,,,,,,,,,,,,,
CPP_ISDIGIT,isdigit,cpp,identifier,,ISO/IEC 14882:2020,,,,,,,,है_अंक,,,,,,,,,,,,,,,,,,,
CPP_ISFINITE,isfinite,cpp,identifier,,ISO/IEC 14882:2020,,,,,,,,है_सीमित,,,,,,,,,,,,,,,,,,,
CPP_ISGRAPH,isgraph,cpp,identifier,,ISO/IEC 14882:2020,,,,,,,,है_चित्र,,,,,,,,,,,,,,,,,,,
CPP_ISLOWER,islower,cpp,identifier,,ISO/IEC 14882:2020,,,,,,,,है_छोटा,,,,,,,,,,,,,,,,,,,
CPP_ISNAN,isnan,cpp,identifier,,ISO/IEC 14882:2020,,,,,,,,,,,,,,,,,,,,,,,,,,,
CPP_ISNORMAL,isnormal,cpp,identifier,,ISO/IEC 14882:2020,,,,,,,,,,,,,,,,,,,,,,,,,,,
CPP_ISODIGIT,isodigit,cpp,identifier,,ISO/IEC 14882:2020,,,,,,,,है_अष्टक,,,,,,,,,,,,,,,,,,,
CPP_ISPRINT,isprint,cpp,identifier,,ISO/IEC 14882:2020,,,,,,,,है_छाप,,,,,,,,,,,,,,,,,,,
CPP_ISPUNCT,ispunct,cpp,identifier,,ISO/IEC 14882:2020,,,,,,,,है_विराम,,,,,,,,,,,,,,,,,,,
CPP_ISSPACE,isspace,cpp,identifier,,ISO/IEC 14882:2020,,,,,,,,है_खाली,,,,,,,,,,,,,,,,,,,
CPP_ISUPPER,isupper,cpp,identifier,,ISO/IEC 14882:2020,,,,,,,,है_बड़ा,,,,,,,,,,,,,,,,,,,
CPP_ISXDIGIT,isxdigit,cpp,identifier,,ISO/IEC 14882:2020,,,,,,,,है_षष्ठादशक,,,,,,,,,,,,,,,,,,,
CPP_ITOA,itoa,cpp,identifier,,ISO/IEC 14882:2020,,,,,,,,,,,,,,,,,,,,,,,,,,,
CPP_JMP_BUF,jmp_buf,cpp,identifier,,ISO/IEC 14882:2020,,,,,,,,लाँघ_बफ,,,,,,,,,,,,,,,,,,,
CPP_KILL,kill,cpp,identifier,,ISO/IEC 14882:2020,,,,,,,,समाप्त,,,,,,,,,,,,,,,,,,,
CPP_LABS,labs,cpp,identifier,,ISO/IEC 14882:2020,,,,,,,,द_असल,,,,,,,,,,,,,,,,,,,
CPP_LCONV,lconv,cpp,identifier,,ISO/IEC 14882:2020,,,,,,,,स्था_बदल,,,,,,,,,,,,,,,,,,,
CPP_LDEXP,ldexp,cpp,identifier,,ISO/IEC 14882:2020,,,,,,,,,,,,,,,,,,,,,,,,,,,
CPP_LDIV,ldiv,cpp,identifier,,ISO/IEC 14882:2020,,,,,,,,द_भाग,,,,,,,,,,,,,,,,,,,
CPP_LDIV_T,ldiv_t,cpp,identifier,,ISO/IEC 14882:2020,,,,,,,,द_भाग_प्रकार,,,,,,,,,,,,,,,,,,,
CPP_LINK,link,cpp,identifier,,ISO/IEC 14882:2020,,,,,,,,,,,,,,,,,,,,,,,,,,,
CPP_LOCALECONV,localeconv,cpp,identifier,,ISO/IEC 14882:2020,,,,,,,,क्षेत्र_बदलो,,,,,,,,,,,,,,,,,,,
CPP_LOCALTIME,localtime,cpp,identifier,,ISO/IEC 14882:2020,,,,,,,,स_स्थानीय,,,,,,,,,,,,,,,,,,,
CPP_LOG,log,cpp,identifier,,ISO/IEC 14882:2020,,,,,,,,,,,,,,,,,,,,,,,,,,,
CPP_LOG10,log10,cpp,identifier,,ISO/IEC 14882:2020,,,,,,,,,,,,,,,,,,,,,,,,,,,
CPP_LOG2,log2,cpp,identifier,,ISO/IEC 14882:2020,,,,,,,,,,,,,,,,,,,,,,,,,,,
CPP_LONG,long,cpp,identifier,,ISO/IEC 14882:2020,,,,,,,,दीर्घ,,,,,,,,,,,,,,,,,,,طویل
CPP_LONGJMP,longjmp,cpp,identifier,,ISO/IEC 14882:2020,,,,,,,,दीर्घ_लाँघ,,,,,,,,,,,,,,,,,,,
CPP_LSEEK,lseek,cpp,identifier,,ISO/IEC 14882:2020,,,,,,,,,,,,,,,,,,,,,,,,,,,
CPP_MALLOC,malloc,cpp,identifier,,ISO/IEC 14882:2020,,,,,,,,दो_स्मृति,,,,,,,,,,,,,,,,,,,
CPP_MBLEN,mblen,cpp,identifier,,ISO/IEC 14882:2020,,,,,,,,,,,,,,,,,,,,,,,,,,,
CPP_MBSTOWCS,mbstowcs,cpp,identifier,,ISO/IEC 14882:2020,,,,,,,,,,,,,,,,,,,,,,,,,,,
CPP_MBTOWC,mbtowc,cpp,identifier,,ISO/IEC 14882:2020,,,,,,,,,,,,,,,,,,,,,,,,,,,
CPP_MEMCHR,memchr,cpp,identifier,,ISO/IEC 14882:2020,,,,,,,,स_प्रथम,,,,,,,,,,,,,,,,,,,
CPP_MEMCMP,memcmp,cpp,identifier,,ISO/IEC 14882:2020,,,,,,,,स_भेद,,,,,,,,,,,,,,,,,,,
CPP_MEMCPY,memcpy,cpp,identifier,,ISO/IEC 14882:2020,,,,,,,,स_नकल,,,,,,,,,,,,,,,,,,,
CPP_MEMMOVE,memmove,cpp,identifier,,ISO/IEC 14882:2020,,,,,,,,स_हटाओ,,,,,,,,,,,,,,,,,,,
CPP_MEMSET,memset,cpp,identifier,,ISO/IEC 14882:2020,,,,,,,,स_रखो,,,,,,,,,,,,,,,,,,,
CPP_MKDIR,mkdir,cpp,identifier,,ISO/IEC 14882:2020,,,,,,,,सूची_गढ़ो,,,,,,,,,,,,,,,,,,,
CPP_MKFIFO,mkfifo,cpp,identifier,,ISO/IEC 14882:2020,,,,,,,,,,,,,,,,,,,,,,,,,,,
CPP_MKTIME,mktime,cpp,identifier,,ISO/IEC 14882:2020,,,,,,,,स_गढ़ो,,,,,,,,,,,,,,,,,,,
CPP_MODE_T,mode_t,cpp,identifier,,ISO/IEC 14882:2020,,,,,,,,,,,,,,,,,,,,,,,,,,,
CPP_MODF,modf,cpp,identifier,,ISO/IEC 14882:2020,,,,,,,,,,,,,,,,,,,,,,,,,,,
CPP_NEW,new,cpp,identifier,7.6.2.8,ISO/IEC 14882:2020,جديد,חדש,নতুন,নতুন,جديد,નવું,חדש,नवीन,ಹೊಸ,جديد,പുതിയ,नवीन,नयाँ,ନୂତନ,नव,جديد,جدید,חדש,णव,ਨਵਾਂ,नूतन,جديد,جديد,חדש,புதிய,కొత్త,نیا
CPP_NLINK_T,nlink_t,cpp,identifier,,ISO/IEC 14882:2020,,,,,,,,,,,,,,,,,,,,,,,,,,,
CPP_NTOHL,ntohl,cpp,identifier,,ISO/IEC 14882:2020,,,,,,,,,,,,,,,,,,,,,,,,,,,
CPP_NTOHS,ntohs,cpp,identifier,,ISO/IEC 14882:2020,,,,,,,,,,,,,,,,,,,,,,,,,,,
CPP_OFF_T,off_t,cpp,identifier,,ISO/IEC 14882:2020,,,,,,,,,,,,,,,,,,,,,,,,,,,
CPP_OFFSETOF,offsetof,cpp,identifier,,ISO/IEC 14882:2020,,,,,,,,दुरत्व,,,,,,,,,,,,,,,,,,,
CPP_OPEN,open,cpp,identifier,,ISO/IEC 14882:2020,,,,,,,,खोलो,,,,,,,,,,,,,,,,,,,
CPP_OPENDIR,opendir,cpp,identifier,,ISO/IEC 14882:2020,,,,,,,,सूची_खोलो,,,,,,,,,,,,,,,,,,,
CPP_OPERATOR,operator,cpp,identifier,12.4,ISO/IEC 14882:2020,,,,,,,,चालक,,,,,,,,,,,,,,,,,,,
CPP_PASSWD,passwd,cpp,identifier,,ISO/IEC 14882:2020,,,,,,,,,,,,,,,,,,,,,,,,,,,
CPP_PAUSE,pause,cpp,identifier,,ISO/IEC 14882:2020,,,,,,,,छोड़ो,,,,,,,,,,,,,,,,,,,
CPP_PCLOSE,pclose,cpp,identifier,,ISO/IEC 14882:2020,,,,,,,,,,,,,,,,,,,,,,,,,,,
CPP_PERROR,perror,cpp,identifier,,ISO/IEC 14882:2020,,,,,,,,लिखो_त्रुटि,,,,,,,,,,,,,,,,,,,
CPP_PID_T,pid_t,cpp,identifier,,ISO/IEC 14882:2020,,,,,,,,,,,,,,,,,,,,,,,,,,,
CPP_PIPE,pipe,cpp,identifier,,ISO/IEC 14882:2020,,,,,,,,,,,,,,,,,,,,,,,,,,,
CPP_POPEN,popen,cpp,identifier,,ISO/IEC 14882:2020,,,,,,,,,,,,,,,,,,,,,,,,,,,
CPP_POW,pow,cpp,identifier,,ISO/IEC 14882:2020,,,,,,,,घात,,,,,,,,,,,,,,,,,,,
CPP_POW2,pow2,cpp,identifier,,ISO/IEC 14882:2020,,,,,,,,,,,,,,,,,,,,,,,,,,,
CPP_PRINTF,printf,cpp,identifier,,ISO/IEC 14882:2020,اكتب,כתוב,লিখক,লেখো,اكتب,લખો,כתוב,लिखो,ಬರೆ,اكتب,എഴുതുക,लिहा,लेख,ଲେଖନ୍ତୁ,लिख,اكتب,بنویس,כתוב,लिह,ਲਿਖੋ,लिख,اكتب,اكتب,כתוב,எழுது,వ్రాయి,لکھو
CPP_PRIVATE,private,cpp,identifier,11,ISO/IEC 14882:2020,خاص,פרטי,ব্যক্তিগত,ব্যক্তিগত,خاص,ખાનગી,פרטי,निजी,ಖಾಸಗಿ,خاص,സ്വകാര്യ,खाजगी,निजी,ବ୍ୟକ୍ତିଗତ,गुत्त,خاص,خصوصی,פרטי,गुत्त,ਨਿਜੀ,गुप्त,خاص,خاص,פרטי,தனிப்பட்ட,అంతరంగ,نجی
CPP_PROTECTED,protected,cpp,identifier,11,ISO/IEC 14882:2020,,,,,,,,रक्षित,,,,,,,,,,,,,,,,,,,
CPP_PSIGNAL,psignal,cpp,identifier,,ISO/IEC 14882:2020,,,,,,,,,,,,,,,,,,,,,,,,,,,
CPP_PTRDIFF_T,ptrdiff_t,cpp,identifier,,ISO/IEC 14882:2020,,,,,,,,सूचक_भेद_प्रकार,,,,,,,,,,,,,,,,,,,
CPP_PUBLIC,public,cpp,identifier,11,ISO/IEC 14882:2020,عام,ציבורי,ৰাজহুৱা,সর্বজনীন,عام,જાહેર,ציבורי,सार्वजनिक,ಸಾರ್ವಜನಿಕ,عام,പൊതു,सार्वजनिक,सार्वजनिक,ସର୍ବସାଧାରଣ,साधारण,عام,عمومی,ציבורי,साहत्त,ਜਨਤਕ,सार्वजनिक,عام,عام,ציבורי,பொது,బహిరంగ,عوامی
CPP_PUTC,putc,cpp,identifier,,ISO/IEC 14882:2020,,,,,,,,अ_दो,,,,,,,,,,,,,,,,,,,
CPP_PUTCHAR,putchar,cpp,identifier,,ISO/IEC 14882:2020,,,,,,,,अक्षर_दो,,,,,,,,,,,,,,,,,,,
CPP_PUTS,puts,cpp,identifier,,ISO/IEC 14882:2020,,,,,,,,माला_दो,,,,,,,,,,,,,,,,,,,
CPP_QSORT,qsort,cpp,identifier,,ISO/IEC 14882:2020,,,,,,,,क्विक,,,,,,,,,,,,,,,,,,,
CPP_RAISE,raise,cpp,identifier,,ISO/IEC 14882:2020,,,,,,,,उठाओ,,,,,,,,,,,,,,,,,,,اٹھاؤ
CPP_RAND,rand,cpp,identifier,,ISO/IEC 14882:2020,,,,,,,,अक्रम,,,,,,,,,,,,,,,,,,,
CPP_RAND48,rand48,cpp,identifier,,ISO/IEC 14882:2020,,,,,,,,,,,,,,,,,,,,,,,,,,,
CPP_READ,read,cpp,identifier,,ISO/IEC 14882:2020,,,,,,,,पढ़ो,,,,,,,,,,,,,,,,,,,
CPP_READDIR,readdir,cpp,identifier,,ISO/IEC 14882:2020,,,,,,,,सूची_पढ़ो,,,,,,,,,,,,,,,,,,,
CPP_REALLOC,realloc,cpp,identifier,,ISO/IEC 14882:2020,,,,,,,,पुनः_स्मृति,,,,,,,,,,,,,,,,,,,
CPP_REGISTER,register,cpp,identifier,,ISO/IEC 14882:2020,,,,,,,,रेजिस्टर,,,,,,,,,,,,,,,,,,,رجسٹر
CPP_REMOVE,remove,cpp,identifier,,ISO/IEC 14882:2020,,,,,,,,हटाओ,,,,,,,,,,,,,,,,,,,
CPP_RENAME,rename,cpp,identifier,,ISO/IEC 14882:2020,,,,,,,,नाम,,,,,,,,,,,,,,,,,,,
CPP_RETURN,return,cpp,identifier,,ISO/IEC 14882:2020,أرجع,החזר,ঘূৰাই,ফেরত,أرجع,પાછા,החזר,लौटाओ,ಹಿಂತಿರುಗಿಸು,أرجع,മടക്കുക,परत,फर्काऊ,ଫେରାଅ,पटिनिवत्त,أرجع,بازگرد,החזר,निअत्त,ਵਾਪਸ,प्रत्यागम,أرجع,أرجع,ܦܢܐ,திரும்பு,తిరిగి,واپس
CPP_REWIND,rewind,cpp,identifier,,ISO/IEC 14882:2020,,,,,,,,शुरुआत,,,,,,,,,,,,,,,,,,,
CPP_REWINDDIR,rewinddir,cpp,identifier,,ISO/IEC 14882:2020,,,,,,,,सूची_शुरु,,,,,,,,,,,,,,,,,,,
CPP_RMDIR,rmdir,cpp,identifier,,ISO/IEC 14882:2020,,,,,,,,सूची_हटाओ,,,,,,,,,,,,,,,,,,,
CPP_RUN_CHILD,run_child,cpp,identifier,,ISO/IEC 14882:2020,,,,,,,,,,,,,,,,,,,,,,,,,,,
CPP_SCANF,scanf,cpp,identifier,,ISO/IEC 14882:2020,اقرأ,קרא,পঢ়ক,পড়ো,اقرأ,વાંચો,קרא,पढ़ो,ಓದು,اقرأ,വായിക്കുക,वाचा,पढ,ପଢନ୍ତୁ,पठ,اقرأ,بخوان,קרא,पढ,ਪੜ੍ਹੋ,पठ,اقرأ,اقرأ,קרא,படி,చదువు,پڑھو
CPP_SETBUF,setbuf,cpp,identifier,,ISO/IEC 14882:2020,,,,,,,,रखो_बफ,,,,,,,,,,,,,,,,,,,
CPP_SETENV,setenv,cpp,identifier,,ISO/IEC 14882:2020,,,,,,,,,,,,,,,,,,,,,,,,,,,
CPP_SETGID,setgid,cpp,identifier,,ISO/IEC 14882:2020,,,,,,,,,,,,,,,,,,,,,,,,,,,
CPP_SETJMP,setjmp,cpp,identifier,,ISO/IEC 14882:2020,,,,,,,,बनाओ_लाँघ,,,,,,,,,,,,,,,,,,,
CPP_SETLOCALE,setlocale,cpp,identifier,,ISO/IEC 14882:2020,,,,,,,,रखो_क्षेत्र,,,,,,,,,,,,,,,,,,,
CPP_SETPGID,setpgid,cpp,identifier,,ISO/IEC 14882:2020,,,,,,,,,,,,,,,,,,,,,,,,,,,
CPP_SETSID,setsid,cpp,identifier,,ISO/IEC 14882:2020,,,,,,,,,,,,,,,,,,,,,,,,,,,
CPP_SETUID,setuid,cpp,identifier,,ISO/IEC 14882:2020,,,,,,,,,,,,,,,,,,,,,,,,,,,
CPP_SETVBUF,setvbuf,cpp,identifier,,ISO/IEC 14882:2020,,,,,,,,रखो_भबफ,,,,,,,,,,,,,,,,,,,
CPP_SHORT,short,cpp,identifier,,ISO/IEC 14882:2020,,,,,,,,लघु,,,,,,,,,,,,,,,,,,,مختصر
CPP_SIG_ATOMIC_T,sig_atomic_t,cpp,identifier,,ISO/IEC 14882:2020,,,,,,,,संक_पूर्ण_प्रकार,,,,,,,,,,,,,,,,,,,
CPP_SIGACTION,sigaction,cpp,identifier,,ISO/IEC 14882:2020,,,,,,,,,,,,,,,,,,,,,,,,,,,
CPP_SIGADDSET,sigaddset,cpp,identifier,,ISO/IEC 14882:2020,,,,,,,,,,,,,,,,,,,,,,,,,,,
CPP_SIGEMPTYSET,sigemptyset,cpp,identifier,,ISO/IEC 14882:2020,,,,,,,,,,,,,,,,,,,,,,,,,,,
CPP_SIGFILLSET,sigfillset,cpp,identifier,,ISO/IEC 14882:2020,,,,,,,,,,,,,,,,,,,,,,,,,,,
CPP_SIGISMEMBER,sigismember,cpp,identifier,,ISO/IEC 14882:2020,,,,,,,,,,,,,,,,,,,,,,,,,,,
CPP_SIGJMP_BUF,sigjmp_buf,cpp,identifier,,ISO/IEC 14882:2020,,,,,,,,,,,,,,,,,,,,,,,,,,,
CPP_SIGLONGJMP,siglongjmp,cpp,identifier,,ISO/IEC 14882:2020,,,,,,,,,,,,,,,,,,,,,,,,,,,
CPP_SIGNAL,signal,cpp,identifier,,ISO/IEC 14882:2020,,,,,,,,संकेत,,,,,,,,,,,,,,,,,,,
CPP_SIGNED,signed,cpp,identifier,,ISO/IEC 14882:2020,,,,,,,,चिन्हित,,,,,,,,,,,,,,,,,,,علامتی
CPP_SIGPENDING,sigpending,cpp,identifier,,ISO/IEC 14882:2020,,,,,,,,संक_बाकी,,,,,,,,,,,,,,,,,,,
CPP_SIGPROCMASK,sigprocmask,cpp,identifier,,ISO/IEC 14882:2020,,,,,,,,,,,,,,,,,,,,,,,,,,,
CPP_SIGSET_T,sigset_t,cpp,identifier,,ISO/IEC 14882:2020,,,,,,,,,,,,,,,,,,,,,,,,,,,
CPP_SIGSETJMP,sigsetjmp,cpp,identifier,,ISO/IEC 14882:2020,,,,,,,,,,,,,,,,,,,,,,,,,,,
CPP_SIGSUSPEND,sigsuspend,cpp,identifier,,ISO/IEC 14882:2020,,,,,,,,संक_रोको,,,,,,,,,,,,,,,,,,,
CPP_SIN,sin,cpp,identifier,,ISO/IEC 14882:2020,,,,,,,,,,,,,,,,,,,,,,,,,,,
CPP_SINH,sinh,cpp,identifier,,ISO/IEC 14882:2020,,,,,,,,,,,,,,,,,,,,,,,,,,,
CPP_SIZE_T,size_t,cpp,identifier,,ISO/IEC 14882:2020,,,,,,,,माप_प्रकार,,,,,,,,,,,,,,,,,,,
CPP_SIZEOF,sizeof,cpp,identifier,,ISO/IEC 14882:2020,,,,,,,,माप,,,,,,,,,,,,,,,,,,,حجم
CPP_SLEEP,sleep,cpp,identifier,,ISO/IEC 14882:2020,,,,,,,,,,,,,,,,,,,,,,,,,,,
CPP_SPEED_T,speed_t,cpp,identifier,,ISO/IEC 14882:2020,,,,,,,,,,,,,,,,,,,,,,,,,,,
CPP_SPRINTF,sprintf,cpp,identifier,,ISO/IEC 14882:2020,,,,,,,,प्र_लिखो,,,,,,,,,,,,,,,,,,,
CPP_SQRT,sqrt,cpp,identifier,,ISO/IEC 14882:2020,,,,,,,,वर्ग_मूल,,,,,,,,,,,,,,,,,,,
CPP_SRAND,srand,cpp,identifier,,ISO/IEC 14882:2020,,,,,,,,बेक्रम,,,,,,,,,,,,,,,,,,,
CPP_SSCANF,sscanf,cpp,identifier,,ISO/IEC 14882:2020,,,,,,,,माला_पूछो,,,,,,,,,,,,,,,,,,,
CPP_SSIZE_T,ssize_t,cpp,identifier,,ISO/IEC 14882:2020,,,,,,,,,,,,,,,,,,,,,,,,,,,
CPP_STACKAVAIL,stackavail,cpp,identifier,,ISO/IEC 14882:2020,,,,,,,,,,,,,,,,,,,,,,,,,,,
CPP_STAT,stat,cpp,identifier,,ISO/IEC 14882:2020,,,,,,,,,,,,,,,,,,,,,,,,,,,
CPP_STATFS,statfs,cpp,identifier,,ISO/IEC 14882:2020,,,,,,,,,,,,,,,,,,,,,,,,,,,
CPP_STATIC,static,cpp,identifier,,ISO/IEC 14882:2020,ساكن,סטטי,স্থিৰ,স্থির,ساكن,સ્થિર,סטטי,स्थिर,ಸ್ಥಿರ,ساكن,സ്ഥിതം,स्थिर,स्थिर,ସ୍ଥିର,ठित,ساكن,ایستا,סטטי,ठिअ,ਸਥਿਰ,स्थिर,ساكن,ساكن,סטטי,நிலையான,స్థిర,ساکن
CPP_STDERR,stderr,cpp,identifier,,ISO/IEC 14882:2020,,,,,,,,मानक_त्रुटि,,,,,,,,,,,,,,,,,,,
CPP_STDIN,stdin,cpp,identifier,,ISO/IEC 14882:2020,,,,,,,,मानक_निवेश,,,,,,,,,,,,,,,,,,,
CPP_STDOUT,stdout,cpp,identifier,,ISO/IEC 14882:2020,,,,,,,,मानक_निकास,,,,,,,,,,,,,,,,,,,
CPP_STKCOLL,stkcoll,cpp,identifier,,ISO/IEC 14882:2020,,,,,,,,,,,,,,,,,,,,,,,,,,,
CPP_STRCAT,strcat,cpp,identifier,,ISO/IEC 14882:2020,,,,,,,,म_जोड़ो,,,,,,,,,,,,,,,,,,,
CPP_STRCHR,strchr,cpp,identifier,,ISO/IEC 14882:2020,,,,,,,,म_अक्षर,,,,,,,,,,,,,,,,,,,
CPP_STRCMP,strcmp,cpp,identifier,,ISO/IEC 14882:2020,,,,,,,,म_भेद,,,,,,,,,,,,,,,,,,,
CPP_STRCOLL,strcoll,cpp,identifier,,ISO/IEC 14882:2020,,,,,,,,,,,,,,,,,,,,,,,,,,,
CPP_STRCPY,strcpy,cpp,identifier,,ISO/IEC 14882:2020,,,,,,,,म_नकल,,,,,,,,,,,,,,,,,,,
CPP_STRCSPN,strcspn,cpp,identifier,,ISO/IEC 14882:2020,,,,,,,,म_खोज,,,,,,,,,,,,,,,,,,,
CPP_STRERROR,strerror,cpp,identifier,,ISO/IEC 14882:2020,,,,,,,,म_त्रुटि,,,,,,,,,,,,,,,,,,,
CPP_STRFTIME,strftime,cpp,identifier,,ISO/IEC 14882:2020,,,,,,,,स_माला,,,,,,,,,,,,,,,,,,,
CPP_STRLEN,strlen,cpp,identifier,,ISO/IEC 14882:2020,,,,,,,,म_माप,,,,,,,,,,,,,,,,,,,
CPP_STRNCAT,strncat,cpp,identifier,,ISO/IEC 14882:2020,,,,,,,,म_जोड़न,,,,,,,,,,,,,,,,,,,
CPP_STRNCMP,strncmp,cpp,identifier,,ISO/IEC 14882:2020,,,,,,,,म_भेदन,,,,,,,,,,,,,,,,,,,
CPP_STRNCPY,strncpy,cpp,identifier,,ISO/IEC 14882:2020,,,,,,,,म_नकलन,,,,,,,,,,,,,,,,,,,
CPP_STRPBRK,strpbrk,cpp,identifier,,ISO/IEC 14882:2020,,,,,,,,,,,,,,,,,,,,,,,,,,,
CPP_STRRCHR,strrchr,cpp,identifier,,ISO/IEC 14882:2020,,,,,,,,म_खोजप,,,,,,,,,,,,,,,,,,,
CPP_STRSEP,strsep,cpp,identifier,,ISO/IEC 14882:2020,,,,,,,,,,,,,,,,,,,,,,,,,,,
CPP_STRSPN,strspn,cpp,identifier,,ISO/IEC 14882:2020,,,,,,,,म_अखोज,,,,,,,,,,,,,,,,,,,
CPP_STRSTR,strstr,cpp,identifier,,ISO/IEC 14882:2020,,,,,,,,म_माला,,,,,,,,,,,,,,,,,,,
CPP_STRTOD,strtod,cpp,identifier,,ISO/IEC 14882:2020,,,,,,,,म_से_भग्न,,,,,,,,,,,,,,,,,,,
CPP_STRTOK,strtok,cpp,identifier,,ISO/IEC 14882:2020,,,,,,,,म_मोहर,,,,,,,,,,,,,,,,,,,
CPP_STRTOL,strtol,cpp,identifier,,ISO/IEC 14882:2020,,,,,,,,म_से_दीर्घ,,,,,,,,,,,,,,,,,,,
CPP_STRTOUL,strtoul,cpp,identifier,,ISO/IEC 14882:2020,,,,,,,,म_से_अदीर्घ,,,,,,,,,,,,,,,,,,,
CPP_STRUCT,struct,cpp,identifier,,ISO/IEC 14882:2020,بنية,מבנה,গঠন,কাঠামো,بنية,સંરચના,מבנה,संरचना,ರಚನೆ,بنية,ഘടന,संरचना,संरचना,ସଂରଚନା,सङ्घट,بنية,ساختار,מבנה,संघड,ਬਣਤਰ,संरचना,بنية,بنية,מבנה,கட்டமைப்பு,నిర్మాణం,ساخت
CPP_STRXFRM,strxfrm,cpp,identifier,,ISO/IEC 14882:2020,,,,,,,,,,,,,,,,,,,,,,,,,,,
CPP_SWITCH,switch,cpp,identifier,,ISO/IEC 14882:2020,بدل,בחר,নিৰ্বাচন,নির্বাচন,بدل,પસંદગી,בחר,चयन,ಆಯ್ಕೆ,بدل,തിരഞ്ഞെടുപ്പ്,निवड,चयन,ବାଛ,विकप्प,بدل,انتخاب,בחר,विअप्प,ਚੋਣ,विकल्प,بدل,بدل,בחר,தேர்வு,ఎంపిక,انتخاب
CPP_SYNC,sync,cpp,identifier,,ISO/IEC 14882:2020,,,,,,,,,,,,,,,,,,,,,,,,,,,
CPP_SYS_ERRLIST,sys_errlist,cpp,identifier,,ISO/IEC 14882:2020,,,,,,,,,,,,,,,,,,,,,,,,,,,
CPP_SYS_NERR,sys_nerr,cpp,identifier,,ISO/IEC 14882:2020,,,,,,,,,,,,,,,,,,,,,,,,,,,
CPP_SYSCONF,sysconf,cpp,identifier,,ISO/IEC 14882:2020,,,,,,,,,,,,,,,,,,,,,,,,,,,
CPP_SYSTEM,system,cpp,identifier,,ISO/IEC 14882:2020,,,,,,,,प्रणाली,,,,,,,,,,,,,,,,,,,
CPP_TAN,tan,cpp,identifier,,ISO/IEC 14882:2020,,,,,,,,,,,,,,,,,,,,,,,,,,,
CPP_TANH,tanh,cpp,identifier,,ISO/IEC 14882:2020,,,,,,,,,,,,,,,,,,,,,,,,,,,
CPP_TCDRAIN,tcdrain,cpp,identifier,,ISO/IEC 14882:2020,,,,,,,,,,,,,,,,,,,,,,,,,,,
CPP_TCFLAG_T,tcflag_t,cpp,identifier,,ISO/IEC 14882:2020,,,,,,,,,,,,,,,,,,,,,,,,,,,
CPP_TCFLOW,tcflow,cpp,identifier,,ISO/IEC 14882:2020,,,,,,,,,,,,,,,,,,,,,,,,,,,
CPP_TCFLUSH,tcflush,cpp,identifier,,ISO/IEC 14882:2020,,,,,,,,,,,,,,,,,,,,,,,,,,,
CPP_TCGETATTR,tcgetattr,cpp,identifier,,ISO/IEC 14882:2020,,,,,,,,,,,,,,,,,,,,,,,,,,,
CPP_TCGETPGRP,tcgetpgrp,cpp,identifier,,ISO/IEC 14882:2020,,,,,,,,,,,,,,,,,,,,,,,,,,,
CPP_TCSENDBREAK,tcsendbreak,cpp,identifier,,ISO/IEC 14882:2020,,,,,,,,,,,,,,,,,,,,,,,,,,,
CPP_TCSETATTR,tcsetattr,cpp,identifier,,ISO/IEC 14882:2020,,,,,,,,,,,,,,,,,,,,,,,,,,,
CPP_TCSETPGRP,tcsetpgrp,cpp,identifier,,ISO/IEC 14882:2020,,,,,,,,,,,,,,,,,,,,,,,,,,,
CPP_TEMPLATE,template,cpp,identifier,13,ISO/IEC 14882:2020,,,,,,,,ढाँचा,,,,,,,,,,,,,,,,,,,
CPP_TEMPNAM,tempnam,cpp,identifier,,ISO/IEC 14882:2020,,,,,,,,,,,,,,,,,,,,,,,,,,,
CPP_TERMINATE,terminate,cpp,identifier,,ISO/IEC 14882:2020,,,,,,,,,,,,,,,,,,,,,,,,,,,
CPP_TERMIOS,termios,cpp,identifier,,ISO/IEC 14882:2020,,,,,,,,,,,,,,,,,,,,,,,,,,,
CPP_THIS,this,cpp,identifier,7.5.2,ISO/IEC 14882:2020,,,,,,,,यह,,,,,,,,,,,,,,,,,,,
CPP_THROW,throw,cpp,identifier,14.2,ISO/IEC 14882:2020,,,,,,,,फेंको,,,,,,,,,,,,,,,,,,,
CPP_TIME,time,cpp,identifier,,ISO/IEC 14882:2020,,,,,,,,समय,,,,,,,,,,,,,,,,,,,
CPP_TIME_T,time_t,cpp,identifier,,ISO/IEC 14882:2020,,,,,,,,समय_प्रकार,,,,,,,,,,,,,,,,,,,
CPP_TIMES,times,cpp,identifier,,ISO/IEC 14882:2020,,,,,,,,बार,,,,,,,,,,,,,,,,,,,
CPP_TM,tm,cpp,identifier,,ISO/IEC 14882:2020,,,,,,,,पंचांग,,,,,,,,,,,,,,,,,,,
CPP_TMPFILE,tmpfile,cpp,identifier,,ISO/IEC 14882:2020,,,,,,,,क्षणिक_ख,,,,,,,,,,,,,,,,,,,
CPP_TMPNAM,tmpnam,cpp,identifier,,ISO/IEC 14882:2020,,,,,,,,क्षणिक,,,,,,,,,,,,,,,,,,,
CPP_TOLOWER,tolower,cpp,identifier,,ISO/IEC 14882:2020,,,,,,,,छोटे,,,,,,,,,,,,,,,,,,,
CPP_TOUPPER,toupper,cpp,identifier,,ISO/IEC 14882:2020,,,,,,,,बड़े,,,,,,,,,,,,,,,,,,,
CPP_TRY,try,cpp,identifier,14.2,ISO/IEC 14882:2020,,,,,,,,प्रयास,,,,,,,,,,,,,,,,,,,کوشش
CPP_TTYNAME,ttyname,cpp,identifier,,ISO/IEC 14882:2020,,,,,,,,,,,,,,,,,,,,,,,,,,,
CPP_TYPEDEF,typedef,cpp,identifier,,ISO/IEC 14882:2020,,,,,,,,प्रकार,,,,,,,,,,,,,,,,,,,قسم
CPP_TZSET,tzset,cpp,identifier,,ISO/IEC 14882:2020,,,,,,,,,,,,,,,,,,,,,,,,,,,
CPP_UID_T,uid_t,cpp,identifier,,ISO/IEC 14882:2020,,,,,,,,,,,,,,,,,,,,,,,,,,,
CPP_UMASK,umask,cpp,identifier,,ISO/IEC 14882:2020,,,,,,,,,,,,,,,,,,,,,,,,,,,
CPP_UNAME,uname,cpp,identifier,,ISO/IEC 14882:2020,,,,,,,,,,,,,,,,,,,,,,,,,,,
CPP_UNEXPECTED,unexpected,cpp,identifier,,ISO/IEC 14882:2020,,,,,,,,,,,,,,,,,,,,,,,,,,,
CPP_UNGETC,ungetc,cpp,identifier,,ISO/IEC 14882:2020,,,,,,,,अक्षर_वापस,,,,,,,,,,,,,,,,,,,
CPP_UNION,union,cpp,identifier,,ISO/IEC 14882:2020,,,,,,,,जोड़,,,,,,,,,,,,,,,,,,,اتحاد
CPP_UNLINK,unlink,cpp,identifier,,ISO/IEC 14882:2020,,,,,,,,,,,,,,,,,,,,,,,,,,,
CPP_UNSIGNED,unsigned,cpp,identifier,,ISO/IEC 14882:2020,,,,,,,,अचिन्हित,,,,,,,,,,,,,,,,,,,غیرعلامتی
CPP_UTIME,utime,cpp,identifier,,ISO/IEC 14882:2020,,,,,,,,,,,,,,,,,,,,,,,,,,,
CPP_UTSNAME,utsname,cpp,identifier,,ISO/IEC 14882:2020,,,,,,,,,,,,,,,,,,,,,,,,,,,
CPP_VA_ARG,va_arg,cpp,identifier,,ISO/IEC 14882:2020,,,,,,,,बहु_तर्क,,,,,,,,,,,,,,,,,,,
CPP_VA_END,va_end,cpp,identifier,,ISO/IEC 14882:2020,,,,,,,,बहु_पूर्ण,,,,,,,,,,,,,,,,,,,
CPP_VA_START,va_start,cpp,identifier,,ISO/IEC 14882:2020,,,,,,,,बहु_शुरू,,,,,,,,,,,,,,,,,,,
CPP_VFPRINTF,vfprintf,cpp,identifier,,ISO/IEC 14882:2020,,,,,,,,भख_लिखो,,,,,,,,,,,,,,,,,,,
CPP_VIRTUAL,virtual,cpp,identifier,13.3,ISO/IEC 14882:2020,افتراضي,מדומה,আভাসী,আভাসী,افتراضي,આભાસી,מדומה,आभासी,ವಾಸ್ತವಿಕ,افتراضي,മായാ,आभासी,आभासी,ଆଭାସୀ,आभास,افتراضي,مجازی,מדומה,आभास,ਆਭਾਸੀ,आभास,افتراضي,افتراضي,מדומה,மெய்நிகர்,మాయా,مجازی
CPP_VOID,void,cpp,identifier,,ISO/IEC 14882:2020,دالة,ריק,শূন্য,কাজ,دالة,વિધેય,ריק,कृत्य,ಕಾರ್ಯ,دالة,ധർമ്മം,कार्य,शून्य,କାର୍ଯ୍ୟ,सुञ्ञ,دالة,تابع,ריק,किरिया,ਕਾਰਜ,क्रिया,دالة,دالة,ריק,செயல்,ప్రమేయం,تابع
CPP_VOLATILE,volatile,cpp,identifier,,ISO/IEC 14882:2020,,,,,,,,अस्थिर,,,,,,,,,,,,,,,,,,,متغیر
CPP_VPRINTF,vprintf,cpp,identifier,,ISO/IEC 14882:2020,,,,,,,,भ_लिखो,,,,,,,,,,,,,,,,,,,
CPP_VSPRINTF,vsprintf,cpp,identifier,,ISO/IEC 14882:2020,,,,,,,,भम_लिखो,,,,,,,,,,,,,,,,,,,
CPP_WAIT,wait,cpp,identifier,,ISO/IEC 14882:2020,,,,,,,,रुको,,,,,,,,,,,,,,,,,,,
CPP_WAITPID,waitpid,cpp,identifier,,ISO/IEC 14882:2020,,,,,,,,,,,,,,,,,,,,,,,,,,,
CPP_WCHAR_T,wchar_t,cpp,identifier,,ISO/IEC 14882:2020,,,,,,,,ब_अक्षर_प्रकार,,,,,,,,,,,,,,,,,,,
CPP_WCSTOMBS,wcstombs,cpp,identifier,,ISO/IEC 14882:2020,,,,,,,,,,,,,,,,,,,,,,,,,,,
CPP_WCTOMB,wctomb,cpp,identifier,,ISO/IEC 14882:2020,,,,,,,,,,,,,,,,,,,,,,,,,,,
CPP_WHILE,while,cpp,identifier,,ISO/IEC 14882:2020,طالما,כלעוד,যেতিয়ালৈ,যতক্ষণ,طالما,જ્યાંસુધી,כלעוד,जबतक,ತನಕ,طالما,വരെ,पर्यंत,जबसम्म,ଯେପର୍ଯ୍ୟନ୍ତ,याव,طالما,تازمانیکه,כלעוד,जाव,ਜਦਤੱਕ,यावत्,طالما,طالما,ܟܡܐ,வரை,వరకు,جبتک
CPP_WILD,wild,cpp,identifier,,ISO/IEC 14882:2020,,,,,,,,,,,,,,,,,,,,,,,,,,,
CPP_WRITE,write,cpp,identifier,,ISO/IEC 14882:2020,,,,,,,,ग_लिखो,,,,,,,,,,,,,,,,,,,
CPP_IOSTREAM_H,iostream.h,cpp,header,,ISO/IEC 14882:2020,,,,,,,,पनप्रवाह\.स,,,,,,,,,,,,,,,,,,,
CPP_IOSTREAM,iostream,cpp,identifier,,ISO/IEC 14882:2020,,,,,,,,पनप्रवाह_स,,,,,,,,,,,,,,,,,,,
CPP_COUT,cout,cpp,identifier,,ISO/IEC 14882:2020,,,,,,,,अ_बाहर,,,,,,,,,,,,,,,,,,,
CPP_CIN,cin,cpp,identifier,,ISO/IEC 14882:2020,,,,,,,,अ_अंदर,,,,,,,,,,,,,,,,,,,
CPP_DEC,dec,cpp,identifier,,ISO/IEC 14882:2020,,,,,,,,डेसी,,,,,,,,,,,,,,,,,,,گھٹاؤ
CPP_HEX,hex,cpp,identifier,,ISO/IEC 14882:2020,,,,,,,,षष्ठ,,,,,,,,,,,,,,,,,,,
CPP_OCT,oct,cpp,identifier,,ISO/IEC 14882:2020,,,,,,,,अष्ट,,,,,,,,,,,,,,,,,,,
CPP_WS,ws,cpp,identifier,,ISO/IEC 14882:2020,,,,,,,,खाली,,,,,,,,,,,,,,,,,,,
CPP_ENDL,endl,cpp,identifier,,ISO/IEC 14882:2020,,,,,,,,प_पूर्ण,,,,,,,,,,,,,,,,,,,
CPP_ENDS,ends,cpp,identifier,,ISO/IEC 14882:2020,,,,,,,,म_पूर्ण,,,,,,,,,,,,,,,,,,,
CPP_FLUSH,flush,cpp,identifier,,ISO/IEC 14882:2020,,,,,,,,सफाई,,,,,,,,,,,,,,,,,,,
CPP_RESETIOSFLAGS,resetiosflags,cpp,identifier,,ISO/IEC 14882:2020,,,,,,,,पुनः_पन_झंडे,,,,,,,,,,,,,,,,,,,
CPP_SETBASE,setbase,cpp,identifier,,ISO/IEC 14882:2020,,,,,,,,रखो_आधार,,,,,,,,,,,,,,,,,,,
CPP_SETFILL,setfill,cpp,identifier,,ISO/IEC 14882:2020,,,,,,,,रखो_भरो,,,,,,,,,,,,,,,,,,,
CPP_SETIOSFLAGS,setiosflags,cpp,identifier,,ISO/IEC 14882:2020,,,,,,,,रखो_पन_झंडे,,,,,,,,,,,,,,,,,,,
CPP_SETPRECISION,setprecision,cpp,identifier,,ISO/IEC 14882:2020,,,,,,,,रखो_सटीक,,,,,,,,,,,,,,,,,,,
CPP_SETW,setw,cpp,identifier,,ISO/IEC 14882:2020,,,,,,,,रखो_चौड़ाई,,,,,,,,,,,,,,,,,,,
CPP_IOS,ios,cpp,identifier,,ISO/IEC 14882:2020,,,,,,,,पनप,,,,,,,,,,,,,,,,,,,
CPP_SKIPWS,skipws,cpp,identifier,,ISO/IEC 14882:2020,,,,,,,,छोड़ो_खाली,,,,,,,,,,,,,,,,,,,
CPP_LEFT,left,cpp,identifier,,ISO/IEC 14882:2020,,,,,,,,बाँए,,,,,,,,,,,,,,,,,,,بائیں
CPP_RIGHT,right,cpp,identifier,,ISO/IEC 14882:2020,,,,,,,,दाँए,,,,,,,,,,,,,,,,,,,دائیں
CPP_SCIENTIFIC,scientific,cpp,identifier,,ISO/IEC 14882:2020,,,,,,,,वैज्ञानिक,,,,,,,,,,,,,,,,,,,
CPP_FIXED,fixed,cpp,identifier,,ISO/IEC 14882:2020,,,,,,,,जड़,,,,,,,,,,,,,,,,,,,
CPP_UPPERCASE,uppercase,cpp,identifier,,ISO/IEC 14882:2020,,,,,,,,बड़ा,,,,,,,,,,,,,,,,,,,
CPP_SHOWBASE,showbase,cpp,identifier,,ISO/IEC 14882:2020,,,,,,,,लिखो_आधार,,,,,,,,,,,,,,,,,,,
CPP_SHOWPOINT,showpoint,cpp,identifier,,ISO/IEC 14882:2020,,,,,,,,लिखो_बिंदु,,,,,,,,,,,,,,,,,,,
CPP_SHOWPOS,showpos,cpp,identifier,,ISO/IEC 14882:2020,,,,,,,,लिखो_चिन्ह,,,,,,,,,,,,,,,,,,,
CPP_OSTREAM,ostream,cpp,identifier,,ISO/IEC 14882:2020,,,,,,,,ब_प्रवाह,,,,,,,,,,,,,,,,,,,
CPP_ISTREAM,istream,cpp,identifier,,ISO/IEC 14882:2020,,,,,,,,अ_प्रवाह,,,,,,,,,,,,,,,,,,,
CPP_FSTREAM_H,fstream.h,cpp,header,,ISO/IEC 14882:2020,,,,,,,,खप्रवाह\.स,,,,,,,,,,,,,,,,,,,
CPP_FSTREAM,fstream,cpp,identifier,,ISO/IEC 14882:2020,,,,,,,,ख_प्रवाह,,,,,,,,,,,,,,,,,,,
CPP_IFSTREAM,ifstream,cpp,identifier,,ISO/IEC 14882:2020,,,,,,,,अख_प्रवाह,,,,,,,,,,,,,,,,,,,
CPP_INS,ins,cpp,identifier,,ISO/IEC 14882:2020,,,,,,,,म_लो,,,,,,,,,,,,,,,,,,,
CPP_APP,app,cpp,identifier,,ISO/IEC 14882:2020,,,,,,,,नत्थी,,,,,,,,,,,,,,,,,,,
CPP_ATE,ate,cpp,identifier,,ISO/IEC 14882:2020,,,,,,,,अंत_पर,,,,,,,,,,,,,,,,,,,
CPP_NOCREATE,nocreate,cpp,identifier,,ISO/IEC 14882:2020,,,,,,,,न_नया,,,,,,,,,,,,,,,,,,,
CPP_NOREPLACE,noreplace,cpp,identifier,,ISO/IEC 14882:2020,,,,,,,,न_प्रति,,,,,,,,,,,,,,,,,,,
CPP_TRUNC,trunc,cpp,identifier,,ISO/IEC 14882:2020,,,,,,,,छाँटो,,,,,,,,,,,,,,,,,,,
CPP_OFSTREAM,ofstream,cpp,identifier,,ISO/IEC 14882:2020,,,,,,,,बख_प्रवाह,,,,,,,,,,,,,,,,,,,
CPP_OUTS,outs,cpp,identifier,,ISO/IEC 14882:2020,,,,,,,,म_दो,,,,,,,,,,,,,,,,,,,
CPP_CERR,cerr,cpp,identifier,,ISO/IEC 14882:2020,,,,,,,,अ_त्रुटि,,,,,,,,,,,,,,,,,,,
CPP_GET,get,cpp,identifier,,ISO/IEC 14882:2020,,,,,,,,लो,,,,,,,,,,,,,,,,,,,
CPP_PUT,put,cpp,identifier,,ISO/IEC 14882:2020,,,,,,,,दो,,,,,,,,,,,,,,,,,,,
CPP_SEEKG,seekg,cpp,identifier,,ISO/IEC 14882:2020,,,,,,,,ग_स्थान,,,,,,,,,,,,,,,,,,,
CPP_FAIL,fail,cpp,identifier,,ISO/IEC 14882:2020,,,,,,,,हार,,,,,,,,,,,,,,,,,,,
CPP_EOF,eof,cpp,identifier,,ISO/IEC 14882:2020,,,,,,,,खप,,,,,,,,,,,,,,,,,,,
CPP_CLEAR,clear,cpp,identifier,,ISO/IEC 14882:2020,,,,,,,,सफा,,,,,,,,,,,,,,,,,,,
CPP_BAD,bad,cpp,identifier,,ISO/IEC 14882:2020,,,,,,,,बुरा,,,,,,,,,,,,,,,,,,,
CPP_GOOD,good,cpp,identifier,,ISO/IEC 14882:2020,,,,,,,,अच्छा,,,,,,,,,,,,,,,,,,,
CPP_STRSTREAM_H,strstream.h,cpp,header,,ISO/IEC 14882:2020,,,,,,,,मप्रवाह\.स,,,,,,,,,,,,,,,,,,,
CPP_SSTREAM,sstream,cpp,identifier,,ISO/IEC 14882:2020,,,,,,,,मप्रवाह_स,,,,,,,,,,,,,,,,,,,
CPP_STRSTREAM,strstream,cpp,identifier,,ISO/IEC 14882:2020,,,,,,,,म_प्रवाह,,,,,,,,,,,,,,,,,,,
CPP_OSTRSTREAM,ostrstream,cpp,identifier,,ISO/IEC 14882:2020,,,,,,,,बम_प्रवाह,,,,,,,,,,,,,,,,,,,
CPP_ISTRSTREAM,istrstream,cpp,identifier,,ISO/IEC 14882:2020,,,,,,,,अम_प्रवाह,,,,,,,,,,,,,,,,,,,
CPP_GETLINE,getline,cpp,identifier,,ISO/IEC 14882:2020,,,,,,,,लो_पंक्ति,,,,,,,,,,,,,,,,,,,
CPP_BINARY,binary,cpp,identifier,,ISO/IEC 14882:2020,,,,,,,,द्विग,,,,,,,,,,,,,,,,,,,
CPP_SEEKP,seekp,cpp,identifier,,ISO/IEC 14882:2020,,,,,,,,प_स्थान,,,,,,,,,,,,,,,,,,,
CPP_STDIO,stdio,cpp,identifier,,ISO/IEC 14882:2020,,,,,,,,मानकपन,,,,,,,,,,,,,,,,,,,
CPP_GETTIME,gettime,cpp,identifier,,ISO/IEC 14882:2020,,,,,,,,समय_लो,,,,,,,,,,,,,,,,,,,
CPP_SETTIME,settime,cpp,identifier,,ISO/IEC 14882:2020,,,,,,,,समय_रखो,,,,,,,,,,,,,,,,,,,
BASIC_REM,REM,basic,identifier,,ECMA-116 / QB64,,,,,,,,टिप,,,,,,,,,,,,,,,,,,,تبصرہ
BASIC_CLS,CLS,basic,identifier,,ECMA-116 / QB64,,,,,,,,साफ,,,,,,,,,,,,,,,,,,,صاف
BASIC_LOCATE,LOCATE,basic,identifier,,ECMA-116 / QB64,,,,,,,,स्थान,,,,,,,,,,,,,,,,,,,مقام
BASIC_PRINT,PRINT,basic,identifier,,ECMA-116 / QB64,,,,,,,,लिखो,,,,,,,,,,,,,,,,,,,لکھو
BASIC_INPUT,INPUT,basic,identifier,,ECMA-116 / QB64,,,,,,,,पूछो,,,,,,,,,,,,,,,,,,,پڑھو
BASIC_COLOR,COLOR,basic,identifier,,ECMA-116 / QB64,,,,,,,,रंग,,,,,,,,,,,,,,,,,,,رنگ
BASIC_PALETTE,PALETTE,basic,identifier,,ECMA-116 / QB64,,,,,,,,रंगकोष,,,,,,,,,,,,,,,,,,,
BASIC_XTEXT,XTEXT,basic,identifier,,ECMA-116 / QB64,,,,,,,,चित्र_लिखो,,,,,,,,,,,,,,,,,,,
BASIC_DATE,DATE,basic,identifier,,ECMA-116 / QB64,,,,,,,,दिनांक,,,,,,,,,,,,,,,,,,,
BASIC_TIME,TIME,basic,identifier,,ECMA-116 / QB64,,,,,,,,समय,,,,,,,,,,,,,,,,,,,
BASIC_SPACE,SPACE,basic,identifier,,ECMA-116 / QB64,,,,,,,,खाली,,,,,,,,,,,,,,,,,,,
BASIC_MID,MID,basic,identifier,,ECMA-116 / QB64,,,,,,,,बीच,,,,,,,,,,,,,,,,,,,
BASIC_LEFT,LEFT,basic,identifier,,ECMA-116 / QB64,,,,,,,,पूर्व,,,,,,,,,,,,,,,,,,,
BASIC_RIGHT,RIGHT,basic,identifier,,ECMA-116 / QB64,,,,,,,,अंत,,,,,,,,,,,,,,,,,,,
BASIC_STRING,STRING,basic,identifier,,ECMA-116 / QB64,,,,,,,,माला,,,,,,,,,,,,,,,,,,,
BASIC_STR,STR,basic,identifier,,ECMA-116 / QB64,,,,,,,,अंक_माला,,,,,,,,,,,,,,,,,,,
BASIC_CHR,CHR,basic,identifier,,ECMA-116 / QB64,,,,,,,,लिपी,,,,,,,,,,,,,,,,,,,
BASIC_UCASE,UCASE,basic,identifier,,ECMA-116 / QB64,,,,,,,,बड़े,,,,,,,,,,,,,,,,,,,
BASIC_LCASE,LCASE,basic,identifier,,ECMA-116 / QB64,,,,,,,,छोटे,,,,,,,,,,,,,,,,,,,
BASIC_LTRIM,LTRIM,basic,identifier,,ECMA-116 / QB64,,,,,,,,पूर्वक्षय,,,,,,,,,,,,,,,,,,,
BASIC_RTRIM,RTRIM,basic,identifier,,ECMA-116 / QB64,,,,,,,,अंतक्षय,,,,,,,,,,,,,,,,,,,
BASIC_INSTR,INSTR,basic,identifier,,ECMA-116 / QB64,,,,,,,,अंश,,,,,,,,,,,,,,,,,,,
BASIC_ASC,ASC,basic,identifier,,ECMA-116 / QB64,,,,,,,,इस,,,,,,,,,,,,,,,,,,,
BASIC_VAL,VAL,basic,identifier,,ECMA-116 / QB64,,,,,,,,मान,,,,,,,,,,,,,,,,,,,
BASIC_LEN,LEN,basic,identifier,,ECMA-116 / QB64,,,,,,,,माप,,,,,,,,,,,,,,,,,,,
BASIC_HEX,HEX,basic,identifier,,ECMA-116 / QB64,,,,,,,,षष्ठादशक,,,,,,,,,,,,,,,,,,,
BASIC_OCT,OCT,basic,identifier,,ECMA-116 / QB64,,,,,,,,आष्टक,,,,,,,,,,,,,,,,,,,
BASIC_INKEY,INKEY,basic,identifier,,ECMA-116 / QB64,,,,,,,,च_दबाया,,,,,,,,,,,,,,,,,,,
BASIC_TIMER,TIMER,basic,identifier,,ECMA-116 / QB64,,,,,,,,समयक,,,,,,,,,,,,,,,,,,,
BASIC_RANDOMIZE,RANDOMIZE,basic,identifier,,ECMA-116 / QB64,,,,,,,,अक्रम_क्रिया,,,,,,,,,,,,,,,,,,,بےترتیب
BASIC_LET,LET,basic,identifier,,ECMA-116 / QB64,,,,,,,,मानो,,,,,,,,,,,,,,,,,,,مانو
BASIC_DIM,DIM,basic,identifier,,ECMA-116 / QB64,,,,,,,,आयाम,,,,,,,,,,,,,,,,,,,ابعاد
BASIC_SHARED,SHARED,basic,identifier,,ECMA-116 / QB64,,,,,,,,सार्व,,,,,,,,,,,,,,,,,,,
BASIC_CONST,CONST,basic,identifier,,ECMA-116 / QB64,,,,,,,,स्थिर,,,,,,,,,,,,,,,,,,,
BASIC_IF,IF,basic,identifier,,ECMA-116 / QB64,,,,,,,,अगर,,,,,,,,,,,,,,,,,,,اگر
BASIC_THEN,THEN,basic,identifier,,ECMA-116 / QB64,,,,,,,,है,,,,,,,,,,,,,,,,,,,تو
BASIC_ELSE,ELSE,basic,identifier,,ECMA-116 / QB64,,,,,,,,अन्यथा,,,,,,,,,,,,,,,,,,,ورنہ
BASIC_FOR,FOR,basic,identifier,,ECMA-116 / QB64,,,,,,,,क्रम,,,,,,,,,,,,,,,,,,,برائے
BASIC_TO,TO,basic,identifier,,ECMA-116 / QB64,,,,,,,,से,,,,,,,,,,,,,,,,,,,تا
BASIC_STEP,STEP,basic,identifier,,ECMA-116 / QB64,,,,,,,,गति,,,,,,,,,,,,,,,,,,,قدم
BASIC_NEXT,NEXT,basic,identifier,,ECMA-116 / QB64,,,,,,,,क्रमान्त,,,,,,,,,,,,,,,,,,,اگلا
BASIC_DO,DO,basic,identifier,,ECMA-116 / QB64,,,,,,,,करो,,,,,,,,,,,,,,,,,,,کرو
BASIC_LOOP,LOOP,basic,identifier,,ECMA-116 / QB64,,,,,,,,फिर,,,,,,,,,,,,,,,,,,,دہراؤ
BASIC_WHILE,WHILE,basic,identifier,,ECMA-116 / QB64,,,,,,,,जब,,,,,,,,,,,,,,,,,,,جبتک
BASIC_WEND,WEND,basic,identifier,,ECMA-116 / QB64,,,,,,,,तब,,,,,,,,,,,,,,,,,,,ختمجبتک
BASIC_OPEN,OPEN,basic,identifier,,ECMA-116 / QB64,,,,,,,,खोलो,,,,,,,,,,,,,,,,,,,کھولو
BASIC_OUTPUT,OUTPUT,basic,identifier,,ECMA-116 / QB64,,,,,,,,लेखन,,,,,,,,,,,,,,,,,,,
BASIC_APPEND,APPEND,basic,identifier,,ECMA-116 / QB64,,,,,,,,नत्थी,,,,,,,,,,,,,,,,,,,
BASIC_AS,AS,basic,identifier,,ECMA-116 / QB64,,,,,,,,पंथ,,,,,,,,,,,,,,,,,,,
BASIC_CLOSE,CLOSE,basic,identifier,,ECMA-116 / QB64,,,,,,,,बंद,,,,,,,,,,,,,,,,,,,بندکرو
BASIC_EOF,EOF,basic,identifier,,ECMA-116 / QB64,,,,,,,,ख_प,,,,,,,,,,,,,,,,,,,
BASIC_EXISTS,EXISTS,basic,identifier,,ECMA-116 / QB64,,,,,,,,पूर्वासित,,,,,,,,,,,,,,,,,,,
BASIC_END,END,basic,identifier,,ECMA-116 / QB64,,,,,,,,समाप्त,,,,,,,,,,,,,,,,,,,ختم
BASIC_SHELL,SHELL,basic,identifier,,ECMA-116 / QB64,,,,,,,,अवकाश,,,,,,,,,,,,,,,,,,,
BASIC_GOTO,GOTO,basic,identifier,,ECMA-116 / QB64,,,,,,,,अगला,,,,,,,,,,,,,,,,,,,جاؤ
BASIC_GOSUB,GOSUB,basic,identifier,,ECMA-116 / QB64,,,,,,,,जाओ,,,,,,,,,,,,,,,,,,,ذیلی
BASIC_RETURN,RETURN,basic,identifier,,ECMA-116 / QB64,,,,,,,,वापस,,,,,,,,,,,,,,,,,,,واپس
BASIC_FUNCTION,FUNCTION,basic,identifier,,ECMA-116 / QB64,,,,,,,,क्रिया,,,,,,,,,,,,,,,,,,,عمل
BASIC_SUB,SUB,basic,identifier,,ECMA-116 / QB64,,,,,,,,अणु,,,,,,,,,,,,,,,,,,,ذیلیعمل
BASIC_EXIT_SUB,EXIT SUB,basic,identifier,,ECMA-116 / QB64,,,,,,,,निकास,,,,,,,,,,,,,,,,,,,
BASIC__NC_BREAK__N,\nC break;\n,basic,identifier,,ECMA-116 / QB64,,,,,,,,अवरोध,,,,,,,,,,,,,,,,,,,
BASIC__NC_CONTINUE__N,\nC continue;\n,basic,identifier,,ECMA-116 / QB64,,,,,,,,जारी,,,,,,,,,,,,,,,,,,,
BASIC_STATIC,STATIC,basic,identifier,,ECMA-116 / QB64,,,,,,,,जड़,,,,,,,,,,,,,,,,,,,
BASIC_DECLARE,DECLARE,basic,identifier,,ECMA-116 / QB64,,,,,,,,घोष,,,,,,,,,,,,,,,,,,,
BASIC_CALL,CALL,basic,identifier,,ECMA-116 / QB64,,,,,,,,अनुक्रम,,,,,,,,,,,,,,,,,,,بلاؤ
BASIC_LOG,LOG,basic,identifier,,ECMA-116 / QB64,,,,,,,,लॉग,,,,,,,,,,,,,,,,,,,
BASIC_SIN,SIN,basic,identifier,,ECMA-116 / QB64,,,,,,,,साइन,,,,,,,,,,,,,,,,,,,
BASIC_COS,COS,basic,identifier,,ECMA-116 / QB64,,,,,,,,कॉस,,,,,,,,,,,,,,,,,,,
BASIC_TAN,TAN,basic,identifier,,ECMA-116 / QB64,,,,,,,,टैन,,,,,,,,,,,,,,,,,,,
BASIC_ATN,ATN,basic,identifier,,ECMA-116 / QB64,,,,,,,,अटैन,,,,,,,,,,,,,,,,,,,
BASIC_SQR,SQR,basic,identifier,,ECMA-116 / QB64,,,,,,,,वर्गमूल,,,,,,,,,,,,,,,,,,,
BASIC_ABS,ABS,basic,identifier,,ECMA-116 / QB64,,,,,,,,समपूर्ण,,,,,,,,,,,,,,,,,,,
BASIC_EXP,EXP,basic,identifier,,ECMA-116 / QB64,,,,,,,,प्रतिपादक,,,,,,,,,,,,,,,,,,,
BASIC_SGN,SGN,basic,identifier,,ECMA-116 / QB64,,,,,,,,चिंह,,,,,,,,,,,,,,,,,,,
BASIC_RND,RND,basic,identifier,,ECMA-116 / QB64,,,,,,,,अक्रमान्क,,,,,,,,,,,,,,,,,,,
BASIC_INT,INT,basic,identifier,,ECMA-116 / QB64,,,,,,,,अंक,,,,,,,,,,,,,,,,,,,
BASIC_CINT,CINT,basic,identifier,,ECMA-116 / QB64,,,,,,,,पूर्णांक,,,,,,,,,,,,,,,,,,,
BASIC_MOD,MOD,basic,identifier,,ECMA-116 / QB64,,,,,,,,शेष,,,,,,,,,,,,,,,,,,,
BASIC_SCREEN,SCREEN,basic,identifier,,ECMA-116 / QB64,,,,,,,,पर्दा,,,,,,,,,,,,,,,,,,,پردہ
BASIC_CIRCLE,CIRCLE,basic,identifier,,ECMA-116 / QB64,,,,,,,,वृत,,,,,,,,,,,,,,,,,,,دائرہ
BASIC_LINE,LINE,basic,identifier,,ECMA-116 / QB64,,,,,,,,रेखा,,,,,,,,,,,,,,,,,,,لکیر
BASIC_PSET,PSET,basic,identifier,,ECMA-116 / QB64,,,,,,,,बिन्दु,,,,,,,,,,,,,,,,,,,نقطہ
BASIC_AND,AND,basic,identifier,,ECMA-116 / QB64,,,,,,,,और,,,,,,,,,,,,,,,,,,,
BASIC__,&,basic,identifier,,ECMA-116 / QB64,,,,,,,,और_ब,,,,,,,,,,,,,,,,,,,
BASIC_OR,OR,basic,identifier,,ECMA-116 / QB64,,,,,,,,या,,,,,,,,,,,,,,,,,,,
BASIC__,|,basic,identifier,,ECMA-116 / QB64,,,,,,,,या_ब,,,,,,,,,,,,,,,,,,,
BASIC_NOT,NOT,basic,identifier,,ECMA-116 / QB64,,,,,,,,नहीं,,,,,,,,,,,,,,,,,,,
BASIC_XOR,XOR,basic,identifier,,ECMA-116 / QB64,,,,,,,,केवल,,,,,,,,,,,,,,,,,,,
BASIC_COMMAND,COMMAND,basic,identifier,,ECMA-116 / QB64,,,,,,,,पूर्वादेश,,,,,,,,,,,,,,,,,,,
JAVA__,{,java,identifier,,JLS SE 17,,,,,,,,अणु,,,,,,,,,,,,,,,,,,,
JAVA__,},java,identifier,,JLS SE 17,,,,,,,,पूर्ण,,,,,,,,,,,,,,,,,,,
JAVA___,//,java,identifier,,JLS SE 17,,,,,,,,टिप,,,,,,,,,,,,,,,,,,,
JAVA_MAIN,main,java,identifier,,JLS SE 17,,,,,,,,मुख्य,,,,,,,,,,,,,,,,,,,مرکزی
JAVA_ABSTRACT,abstract,java,identifier,,JLS SE 17,,,,,,,,सार,,,,,,,,,,,,,,,,,,,
JAVA_BOOLEAN,boolean,java,identifier,,JLS SE 17,,,,,,,,द्वाफल,,,,,,,,,,,,,,,,,,,
JAVA_BREAK,break,java,identifier,,JLS SE 17,اكسر,שבור,বিৰতি,বিরতি,اكسر,તોડો,שבור,विराम,ನಿಲ್ಲಿಸು,اكسر,നിർത്തുക,थांबा,रोक,ଭାଙ୍ଗ,भञ्ज,اكسر,بشکن,שבור,भंग,ਰੋਕੋ,भङ्ग,اكسر,اكسر,שבור,நிறுத்து,ఆపు,توڑو
JAVA_BYTE,byte,java,identifier,,JLS SE 17,,,,,,,,बाईट,,,,,,,,,,,,,,,,,,,
JAVA_CASE,case,java,identifier,,JLS SE 17,عندما,כאשר,যেতিয়া,যখন,عندما,જ્યારે,כאשר,जब,ಯಾವಾಗ,عندما,എപ്പോൾ,जेव्हा,जब,ଯେତେବେଳେ,यदा,عندما,هنگامیکه,כאשר,जदा,ਜਦੋਂ,यदा,عندما,عندما,כאשר,போது,ఎప్పుడు,جب
JAVA_CATCH,catch,java,identifier,,JLS SE 17,,,,,,,,पकड़ो,,,,,,,,,,,,,,,,,,,
JAVA_CHAR,char,java,identifier,,JLS SE 17,حرف,תו,আখৰ,অক্ষর,حرف,અક્ષર,תו,अक्षर,ಅಕ್ಷರ,حرف,അക്ഷരം,अक्षर,अक्षर,ଅକ୍ଷର,वण्ण,حرف,نویسه,תו,अक्खर,ਅੱਖਰ,वर्ण,حرف,حرف,תו,எழுத்து,అక్షరం,حرف
JAVA_CLASS,class,java,identifier,,JLS SE 17,صنف,מחלקה,শ্ৰেণী,শ্রেণী,صنف,વર્ગ,מחלקה,वर्ग,ವರ್ಗ,صنف,വർഗ്ഗം,वर्ग,वर्ग,ଶ୍ରେଣୀ,वग्ग,صنف,رده,מחלקה,वग्ग,ਵਰਗ,वर्ग,صنف,صنف,מחלקה,வகுப்பு,తరగతి,جماعت
JAVA_CONST,const,java,identifier,,JLS SE 17,ثابت,קבוע,ধ্ৰুৱক,ধ্রুবক,ثابت,અચલ,קבוע,अचर,ಸ್ಥಿರಾಂಕ,ثابت,സ്ഥിരം,स्थिरांक,अचर,ଅଚଳ,ध्रुव,ثابت,ثابت,קבוע,धुव,ਅਚਲ,ध्रुव,ثابت,ثابت,קבוע,மாறிலி,స్థిరరాశి,ثابت
JAVA_CONTINUE,continue,java,identifier,,JLS SE 17,استمر,המשך,অব্যাহত,চালু,استمر,ચાલુ,המשך,जारी,ಮುಂದುವರಿ,استمر,തുടരുക,सुरूठेवा,जारी,ଜାରି,अनुवत्त,استمر,ادامه,המשך,चालु,ਜਾਰੀ,अनुवर्त,استمر,استمر,המשך,தொடர்,కొనసాగు,جاری
JAVA_DEFAULT,default,java,identifier,,JLS SE 17,افتراضي,ברירתמחדל,মূল,পূর্বনির্ধারিত,افتراضي,મૂળભૂત,ברירתמחדל,मूल,ಪೂರ್ವನಿಯೋಜಿತ,افتراضي,സ്ഥിരസ്ഥിതി,पूर्वनिर्धारित,मूल,ପୂର୍ବନିର୍ଦ୍ଧାରିତ,सभाव,افتراضي,پیشفرض,ברירתמחדל,मूल,ਮੂਲ,स्वभाव,افتراضي,افتراضي,ברירתמחדל,இயல்பு,అప్రమేయ,طےشدہ
JAVA_DO,do,java,identifier,,JLS SE 17,افعل,𐡏𐡁𐡃,কৰা,করো,افعل,કરો,עשה,करो,ಮಾಡು,افعل,ചെയ്യുക,करा,गर,କର,करोहि,افعل,انجامبده,𐤐𐤏𐤋,करेहि,ਕਰੋ,कुरु,افعل,افعل,ܥܒܕ,செய்,చేయి,کرو
JAVA_DOUBLE,double,java,identifier,,JLS SE 17,مزدوج,כפול,দ্বিগুণ,দ্বিগুণ,مزدوج,દ્વિગુણ,כפול,द्विगुण,ದ್ವಿಗುಣ,مزدوج,ഇരട്ട,द्विगुण,द्विगुण,ଦ୍ୱିଗୁଣ,द्विगुण,مزدوج,دوگانه,כפול,दुगुण,ਦੁੱਗਣਾ,द्विगुण,مزدوج,مزدوج,כפול,இரட்டை,ద్విగుణ,دوہرا
JAVA_ELSE,else,java,identifier,,JLS SE 17,وإلا,אחרת,অন্যথা,অন্যথা,وإلا,નહીંતર,אחרת,अन्यथा,ಇಲ್ಲದಿದ್ದರೆ,وإلا,അല്ലെങ്കിൽ,अन्यथा,अन्यथा,ଅନ୍ୟଥା,अञ्ञथा,وإلا,وگرنه,אחרת,अण्णहा,ਨਹੀਂਤਾਂ,अन्यथा,وإلا,وإلا,ܐܚܪܢܐ,இல்லையெனில்,లేకపోతే,ورنہ
JAVA_EXTENDS,extends,java,identifier,,JLS SE 17,,,,,,,,पूर्वज,,,,,,,,,,,,,,,,,,,
JAVA_FINAL,final,java,identifier,,JLS SE 17,,,,,,,,अन्तिम,,,,,,,,,,,,,,,,,,,
JAVA_FINALLY,finally,java,identifier,,JLS SE 17,,,,,,,,अन्तिमतः,,,,,,,,,,,,,,,,,,,آخرکار
JAVA_FLOAT,float,java,identifier,,JLS SE 17,عائم,צף,দশমিক,দশমিক,عائم,દશાંશ,צף,दशमलव,ದಶಮಾಂಶ,عائم,ദശാംശം,दशांश,दशमलव,ଦଶମିକ,भिन्न,عائم,اعشاری,צף,भिण्ण,ਦਸ਼ਮਲਵ,भिन्न,عائم,عائم,צף,தசம,దశాంశం,اعشاری
JAVA_FOR,for,java,identifier,,JLS SE 17,لكل,עבור,বাবে,জন্য,لكل,માટે,עבור,हेतु,ಗಾಗಿ,لكل,വേണ്ടി,साठी,लागि,ପାଇଁ,अत्थाय,لكل,برای,עבור,अत्थे,ਲਈ,प्रति,لكل,لكل,עבור,க்கு,కొరకు,برائے
JAVA_GOTO,goto,java,identifier,,JLS SE 17,,,,,,,,जाओ,,,,,,,,,,,,,,,,,,,جاؤ
JAVA_IF,if,java,identifier,,JLS SE 17,إذا,𐡄𐡍,যদি,যদি,إذا,જો,אם,यदि,ಆದರೆ,إذا,എങ്കിൽ,जर,यदि,ଯଦି,सचे,إذا,اگر,𐤀𐤌,जइ,ਜੇ,यदि,إذا,إذا,ܐܢ,எனில்,ఒకవేళ,اگر
JAVA_IMPLEMENTS,implements,java,identifier,,JLS SE 17,,,,,,,,लागु,,,,,,,,,,,,,,,,,,,
JAVA_IMPORT,import,java,identifier,,JLS SE 17,,,,,,,,आयात,,,,,,,,,,,,,,,,,,,درآمد
JAVA_INSTANCEOF,instanceof,java,identifier,,JLS SE 17,,,,,,,,अवतार,,,,,,,,,,,,,,,,,,,
JAVA_INT,int,java,identifier,,JLS SE 17,صحيح,שלם,পূৰ্ণসংখ্যা,পূর্ণসংখ্যা,صحيح,પૂર્ણાંક,שלם,पूर्णांक,ಪೂರ್ಣಾಂಕ,صحيح,പൂർണ്ണസംഖ്യ,पूर्णांक,पूर्णाङ्क,ପୂର୍ଣ୍ଣସଂଖ୍ୟା,पूर्णङ्क,صحيح,صحیح,שלם,पुण्णंक,ਪੂਰਨਅੰਕ,पूर्णाङ्क,صحيح,صحيح,שלם,முழு,పూర్ణాంకం,صحیح
JAVA_INTERFACE,interface,java,identifier,,JLS SE 17,,,,,,,,स्वरूप,,,,,,,,,,,,,,,,,,,
JAVA_LONG,long,java,identifier,,JLS SE 17,,,,,,,,दीर्घ,,,,,,,,,,,,,,,,,,,طویل
JAVA_NATIVE,native,java,identifier,,JLS SE 17,,,,,,,,यांत्रिक,,,,,,,,,,,,,,,,,,,
JAVA_NEW,new,java,identifier,,JLS SE 17,جديد,חדש,নতুন,নতুন,جديد,નવું,חדש,नवीन,ಹೊಸ,جديد,പുതിയ,नवीन,नयाँ,ନୂତନ,नव,جديد,جدید,חדש,णव,ਨਵਾਂ,नूतन,جديد,جديد,חדש,புதிய,కొత్త,نیا
JAVA_PACKAGE,package,java,identifier,,JLS SE 17,,,,,,,,कोष,,,,,,,,,,,,,,,,,,,
JAVA_PRIVATE,private,java,identifier,,JLS SE 17,خاص,פרטי,ব্যক্তিগত,ব্যক্তিগত,خاص,ખાનગી,פרטי,निजी,ಖಾಸಗಿ,خاص,സ്വകാര്യ,खाजगी,निजी,ବ୍ୟକ୍ତିଗତ,गुत्त,خاص,خصوصی,פרטי,गुत्त,ਨਿਜੀ,गुप्त,خاص,خاص,פרטי,தனிப்பட்ட,అంతరంగ,نجی
JAVA_PROTECTED,protected,java,identifier,,JLS SE 17,,,,,,,,रक्षित,,,,,,,,,,,,,,,,,,,
JAVA_PUBLIC,public,java,identifier,,JLS SE 17,عام,ציבורי,ৰাজহুৱা,সর্বজনীন,عام,જાહેર,ציבורי,सार्वजनिक,ಸಾರ್ವಜನಿಕ,عام,പൊതു,सार्वजनिक,सार्वजनिक,ସର୍ବସାଧାରଣ,साधारण,عام,عمومی,ציבורי,साहत्त,ਜਨਤਕ,सार्वजनिक,عام,عام,ציבורי,பொது,బహిరంగ,عوامی
JAVA_RETURN,return,java,identifier,,JLS SE 17,أرجع,החזר,ঘূৰাই,ফেরত,أرجع,પાછા,החזר,लौटाओ,ಹಿಂತಿರುಗಿಸು,أرجع,മടക്കുക,परत,फर्काऊ,ଫେରାଅ,पटिनिवत्त,أرجع,بازگرد,החזר,निअत्त,ਵਾਪਸ,प्रत्यागम,أرجع,أرجع,ܦܢܐ,திரும்பு,తిరిగి,واپس
JAVA_SHORT,short,java,identifier,,JLS SE 17,,,,,,,,लघु,,,,,,,,,,,,,,,,,,,مختصر
JAVA_STATIC,static,java,identifier,,JLS SE 17,ساكن,סטטי,স্থিৰ,স্থির,ساكن,સ્થિર,סטטי,स्थिर,ಸ್ಥಿರ,ساكن,സ്ഥിതം,स्थिर,स्थिर,ସ୍ଥିର,ठित,ساكن,ایستا,סטטי,ठिअ,ਸਥਿਰ,स्थिर,ساكن,ساكن,סטטי,நிலையான,స్థిర,ساکن
JAVA_STRICTFP,strictfp,java,identifier,,JLS SE 17,,,,,,,,दृढ़भग्न,,,,,,,,,,,,,,,,,,,
JAVA_SUPER,super,java,identifier,,JLS SE 17,,,,,,,,मह,,,,,,,,,,,,,,,,,,,
JAVA_SWITCH,switch,java,identifier,,JLS SE 17,بدل,בחר,নিৰ্বাচন,নির্বাচন,بدل,પસંદગી,בחר,चयन,ಆಯ್ಕೆ,بدل,തിരഞ്ഞെടുപ്പ്,निवड,चयन,ବାଛ,विकप्प,بدل,انتخاب,בחר,विअप्प,ਚੋਣ,विकल्प,بدل,بدل,בחר,தேர்வு,ఎంపిక,انتخاب
JAVA_SYNCHRONISED,synchronised,java,identifier,,JLS SE 17,,,,,,,,समप्रवाह,,,,,,,,,,,,,,,,,,,
JAVA_THIS,this,java,identifier,,JLS SE 17,,,,,,,,यह,,,,,,,,,,,,,,,,,,,
JAVA_THROW,throw,java,identifier,,JLS SE 17,,,,,,,,फेंको,,,,,,,,,,,,,,,,,,,
JAVA_THROWS,throws,java,identifier,,JLS SE 17,,,,,,,,फेंकता_है,,,,,,,,,,,,,,,,,,,
JAVA_TRANSIENT,transient,java,identifier,,JLS SE 17,,,,,,,,अस्थायी,,,,,,,,,,,,,,,,,,,
JAVA_TRY,try,java,identifier,,JLS SE 17,,,,,,,,प्रयास,,,,,,,,,,,,,,,,,,,کوشش
JAVA_VOID,void,java,identifier,,JLS SE 17,دالة,ריק,শূন্য,কাজ,دالة,વિધેય,ריק,कृत्य,ಕಾರ್ಯ,دالة,ധർമ്മം,कार्य,शून्य,କାର୍ଯ୍ୟ,सुञ्ञ,دالة,تابع,ריק,किरिया,ਕਾਰਜ,क्रिया,دالة,دالة,ריק,செயல்,ప్రమేయం,تابع
JAVA_VOLATILE,volatile,java,identifier,,JLS SE 17,,,,,,,,अस्थिर,,,,,,,,,,,,,,,,,,,متغیر
JAVA_WHILE,while,java,identifier,,JLS SE 17,طالما,כלעוד,যেতিয়ালৈ,যতক্ষণ,طالما,જ્યાંસુધી,כלעוד,जबतक,ತನಕ,طالما,വരെ,पर्यंत,जबसम्म,ଯେପର୍ଯ୍ୟନ୍ତ,याव,طالما,تازمانیکه,כלעוד,जाव,ਜਦਤੱਕ,यावत्,طالما,طالما,ܟܡܐ,வரை,వరకు,جبتک
JAVA_APPLET,Applet,java,identifier,,JLS SE 17,,,,,,,,प्रयोग_श्रेणी,,,,,,,,,,,,,,,,,,,
JAVA_APPLET,applet,java,identifier,,JLS SE 17,,,,,,,,प्रयोग,,,,,,,,,,,,,,,,,,,
JAVA_ARGS,args,java,identifier,,JLS SE 17,,,,,,,,तर्क,,,,,,,,,,,,,,,,,,,
JAVA_ARITHMETICEXCEPTION,ArithmeticException,java,identifier,,JLS SE 17,,,,,,,,गणित_त्रुटि,,,,,,,,,,,,,,,,,,,
JAVA_ARRAYINDEXOUTOFBOUNDSEXCEPTION,ArrayIndexOutOfBoundsException,java,identifier,,JLS SE 17,,,,,,,,व्यूह_सूचकांक_खेद_त्रुटि,,,,,,,,,,,,,,,,,,,
JAVA_ARRAYSTATEEXCEPTION,ArrayStateException,java,identifier,,JLS SE 17,,,,,,,,व्यूह_स्थिति_त्रुटि,,,,,,,,,,,,,,,,,,,
JAVA_AUDIOCLIP,AudioClip,java,identifier,,JLS SE 17,,,,,,,,ध्वनि_अंश,,,,,,,,,,,,,,,,,,,
JAVA_BUFFEREDREADER,BufferedReader,java,identifier,,JLS SE 17,,,,,,,,बफर_पाठक,,,,,,,,,,,,,,,,,,,
JAVA_CHARAT,charAt,java,identifier,,JLS SE 17,,,,,,,,अक्षर_स्थान,,,,,,,,,,,,,,,,,,,
JAVA_CLASSCASTEXCEPTION,ClassCastException,java,identifier,,JLS SE 17,,,,,,,,श्रेणी_साँचा_त्रुटि,,,,,,,,,,,,,,,,,,,
JAVA_CLASSNOTFOUNDEXCEPTION,ClassNotFoundException,java,identifier,,JLS SE 17,,,,,,,,श्रेणी_उपलब्ध_नहीं_त्रुटि,,,,,,,,,,,,,,,,,,,
JAVA_CLASSNOTSUPPORTEDEXCEPTION,ClassNotSupportedException,java,identifier,,JLS SE 17,,,,,,,,श्रेणी_निराधार_त्रुटि,,,,,,,,,,,,,,,,,,,
JAVA_CLONE,clone,java,identifier,,JLS SE 17,,,,,,,,नकल,,,,,,,,,,,,,,,,,,,
JAVA_CLOSE,close,java,identifier,,JLS SE 17,,,,,,,,बंद,,,,,,,,,,,,,,,,,,,
JAVA_COMPARETO,compareTo,java,identifier,,JLS SE 17,,,,,,,,भेद,,,,,,,,,,,,,,,,,,,
JAVA_CONCAT,concat,java,identifier,,JLS SE 17,,,,,,,,संयोग,,,,,,,,,,,,,,,,,,,
JAVA_CURRENTTHREAD,currentThread,java,identifier,,JLS SE 17,,,,,,,,यह_कड़ी,,,,,,,,,,,,,,,,,,,
JAVA_DATE,Date,java,identifier,,JLS SE 17,,,,,,,,दिन,,,,,,,,,,,,,,,,,,,
JAVA_DESTROY,destroy,java,identifier,,JLS SE 17,,,,,,,,मिटाओ,,,,,,,,,,,,,,,,,,,
JAVA_DRAWSTRING,drawString,java,identifier,,JLS SE 17,,,,,,,,माला_लिखो,,,,,,,,,,,,,,,,,,,
JAVA_ENDSWITH,endsWith,java,identifier,,JLS SE 17,,,,,,,,अंत_में,,,,,,,,,,,,,,,,,,,
JAVA_EQUALS,equals,java,identifier,,JLS SE 17,,,,,,,,बराबर,,,,,,,,,,,,,,,,,,,
JAVA_EQUALSIGNORECASE,equalsIgnoreCase,java,identifier,,JLS SE 17,,,,,,,,बराबर_न,,,,,,,,,,,,,,,,,,,
JAVA_FILEINPUTSTREAM,FileInputStream,java,identifier,,JLS SE 17,,,,,,,,खाता_प्रवेश_प्रवाह,,,,,,,,,,,,,,,,,,,
JAVA_FILEOUTPUTSTREAM,FileOutputStream,java,identifier,,JLS SE 17,,,,,,,,खाता_निकास_प्रवाह,,,,,,,,,,,,,,,,,,,
JAVA_FILLINSTACKTRACE,fillInStackTrace,java,identifier,,JLS SE 17,,,,,,,,भरो_ढेर,,,,,,,,,,,,,,,,,,,
JAVA_FINALIZE,finalize,java,identifier,,JLS SE 17,,,,,,,,अंतिम,,,,,,,,,,,,,,,,,,,
JAVA_GETAUDIOCLIP,getAudioClip,java,identifier,,JLS SE 17,,,,,,,,लो_ध्वनि_अंश,,,,,,,,,,,,,,,,,,,
JAVA_GETBYTES,getBytes,java,identifier,,JLS SE 17,,,,,,,,लो_बाइट,,,,,,,,,,,,,,,,,,,
JAVA_GETCHARS,getChars,java,identifier,,JLS SE 17,,,,,,,,लो_अक्षर,,,,,,,,,,,,,,,,,,,
JAVA_GETCLASS,getClass,java,identifier,,JLS SE 17,,,,,,,,लो_श्रेणी,,,,,,,,,,,,,,,,,,,
JAVA_GETCONTENTLENGTH,getContentLength,java,identifier,,JLS SE 17,,,,,,,,लो_अंश_माप,,,,,,,,,,,,,,,,,,,
JAVA_GETCONTENTTYPE,getContentType,java,identifier,,JLS SE 17,,,,,,,,लो_अंश_प्रकार,,,,,,,,,,,,,,,,,,,
JAVA_GETDATE,getDate,java,identifier,,JLS SE 17,,,,,,,,लो_दिन,,,,,,,,,,,,,,,,,,,
JAVA_GETEXPIRATION,getExpiration,java,identifier,,JLS SE 17,,,,,,,,लो_अन्त,,,,,,,,,,,,,,,,,,,
JAVA_GETFIELDID,GetFieldID,java,identifier,,JLS SE 17,,,,,,,,लो_क्षेत्र_सूचकांक,,,,,,,,,,,,,,,,,,,
JAVA_GETIMAGE,getImage,java,identifier,,JLS SE 17,,,,,,,,लो_छवि,,,,,,,,,,,,,,,,,,,
JAVA_GETINPUTSTREAM,getInputStream,java,identifier,,JLS SE 17,,,,,,,,लो_प्रवेश_प्रवाह,,,,,,,,,,,,,,,,,,,
JAVA_GETINTFIELD,GetIntField,java,identifier,,JLS SE 17,,,,,,,,लो_पूर्ण_क्षेत्र,,,,,,,,,,,,,,,,,,,
JAVA_GETLASTMODIFIED,getLastModified,java,identifier,,JLS SE 17,,,,,,,,लो_पूर्व_बदली,,,,,,,,,,,,,,,,,,,
JAVA_GETLOCALIZEDMESSAGE,getLocalizedMessage,java,identifier,,JLS SE 17,,,,,,,,लो_स्थानीय_संदेश,,,,,,,,,,,,,,,,,,,
JAVA_GETMESSAGE,getMessage,java,identifier,,JLS SE 17,,,,,,,,लो_संकेत,,,,,,,,,,,,,,,,,,,
JAVA_GETNAME,getName,java,identifier,,JLS SE 17,,,,,,,,लो_नाम,,,,,,,,,,,,,,,,,,,
JAVA_GETOBJECTCLASS,GetObjectClass,java,identifier,,JLS SE 17,,,,,,,,लो_वस्तु_श्रेणी,,,,,,,,,,,,,,,,,,,
JAVA_GETPARAMETER,getParameter,java,identifier,,JLS SE 17,,,,,,,,लो_तर्क,,,,,,,,,,,,,,,,,,,
JAVA_GETPRIORITY,getPriority,java,identifier,,JLS SE 17,,,,,,,,लो_प्राथमिक,,,,,,,,,,,,,,,,,,,
JAVA_GRAPHICS,Graphics,java,identifier,,JLS SE 17,,,,,,,,चित्रांकन,,,,,,,,,,,,,,,,,,,
JAVA_HASHCODE,hashCode,java,identifier,,JLS SE 17,,,,,,,,हैश_कूट,,,,,,,,,,,,,,,,,,,
JAVA_ILLEGALACCESSEXCEPTION,IllegalAccessException,java,identifier,,JLS SE 17,,,,,,,,अवैध_प्रवेश_त्रुटि,,,,,,,,,,,,,,,,,,,
JAVA_ILLEGALARGUMENTEXCEPTION,IllegalArgumentException,java,identifier,,JLS SE 17,,,,,,,,अवैध_तर्क_त्रुटि,,,,,,,,,,,,,,,,,,,
JAVA_ILLEGALMONITORSTATEEXCEPTION,IllegalMonitorStateException,java,identifier,,JLS SE 17,,,,,,,,अवैध_योजक_त्रुटि,,,,,,,,,,,,,,,,,,,
JAVA_ILLEGALSTATEEXCEPTION,IllegalStateException,java,identifier,,JLS SE 17,,,,,,,,अवैध_स्थिति_त्रुटि,,,,,,,,,,,,,,,,,,,
JAVA_ILLEGALTHREADSTATEEXCEPTION,IllegalThreadStateException,java,identifier,,JLS SE 17,,,,,,,,अवैध_कड़ी_स्थिति_त्रुटि,,,,,,,,,,,,,,,,,,,
JAVA_IMAGE,Image,java,identifier,,JLS SE 17,,,,,,,,छवि,,,,,,,,,,,,,,,,,,,
JAVA_INDEXOF,indexOf,java,identifier,,JLS SE 17,,,,,,,,सूचकांक,,,,,,,,,,,,,,,,,,,
JAVA_INDEXOUTOFBOUNDSEXCEPTION,IndexOutOfBoundsException,java,identifier,,JLS SE 17,,,,,,,,सूचकांक_भेद_त्रुटि,,,,,,,,,,,,,,,,,,,
JAVA_INIT,init,java,identifier,,JLS SE 17,,,,,,,,उपसर्ग,,,,,,,,,,,,,,,,,,,
JAVA_INPUTSTREAM,InputStream,java,identifier,,JLS SE 17,,,,,,,,प्रवेश_प्रवाह,,,,,,,,,,,,,,,,,,,
JAVA_INPUTSTREAMREADER,InputStreamReader,java,identifier,,JLS SE 17,,,,,,,,प्रवेश_प्रवाह_पाठक,,,,,,,,,,,,,,,,,,,
JAVA_INSTANTIATIONEXCEPTION,InstantiationException,java,identifier,,JLS SE 17,,,,,,,,अवतारण_त्रुटि,,,,,,,,,,,,,,,,,,,
JAVA_INTERRUPTEDEXCEPTION,InterruptedException,java,identifier,,JLS SE 17,,,,,,,,विघ्न_त्रुटि,,,,,,,,,,,,,,,,,,,
JAVA_IO,io,java,identifier,,JLS SE 17,,,,,,,,पन,,,,,,,,,,,,,,,,,,,
JAVA_ISALIVE,isAlive,java,identifier,,JLS SE 17,,,,,,,,जीवित_है,,,,,,,,,,,,,,,,,,,
JAVA_JAVA,java,java,identifier,,JLS SE 17,,,,,,,,कृत्रिम,,,,,,,,,,,,,,,,,,,
JAVA_JOIN,join,java,identifier,,JLS SE 17,,,,,,,,मेल,,,,,,,,,,,,,,,,,,,
JAVA_LASTINDEXOF,lastIndexOf,java,identifier,,JLS SE 17,,,,,,,,पूर्व_सूचकांक,,,,,,,,,,,,,,,,,,,
JAVA_LENGTH,length,java,identifier,,JLS SE 17,,,,,,,,माप,,,,,,,,,,,,,,,,,,,
JAVA_LOADLIBRARY,loadLibrary,java,identifier,,JLS SE 17,,,,,,,,लो_कोष,,,,,,,,,,,,,,,,,,,
JAVA_LOOP,loop,java,identifier,,JLS SE 17,,,,,,,,दोहराओ,,,,,,,,,,,,,,,,,,,دہراؤ
JAVA_MATH,Math,java,identifier,,JLS SE 17,,,,,,,,गणित,,,,,,,,,,,,,,,,,,,
JAVA_MAX_PRIORITY,MAX_PRIORITY,java,identifier,,JLS SE 17,,,,,,,,उच्च_प्राथमिकता,,,,,,,,,,,,,,,,,,,
JAVA_MIN_PRIORITY,MIN_PRIORITY,java,identifier,,JLS SE 17,,,,,,,,न्यून_प्राथमिकता,,,,,,,,,,,,,,,,,,,
JAVA_NEGATIVEARRAYSIZEEXCEPTION,NegativeArraySizeException,java,identifier,,JLS SE 17,,,,,,,,ऋण_व्यूह_माप_त्रुटि,,,,,,,,,,,,,,,,,,,
JAVA_NET,net,java,identifier,,JLS SE 17,,,,,,,,नेट,,,,,,,,,,,,,,,,,,,
JAVA_NEXTDOUBLE,nextdouble,java,identifier,,JLS SE 17,,,,,,,,अगला_द्वि,,,,,,,,,,,,,,,,,,,
JAVA_NORM_PRIORITY,NORM_PRIORITY,java,identifier,,JLS SE 17,,,,,,,,सामान्य_प्राथमिकता,,,,,,,,,,,,,,,,,,,
JAVA_NOSUCHFIELDEXCEPTION,NoSuchFieldException,java,identifier,,JLS SE 17,,,,,,,,कोई_ऐसा_क्षेत्र_नहीं_त्रुटि,,,,,,,,,,,,,,,,,,,
JAVA_NOSUCHMETHODEXCEPTION,NoSuchMethodException,java,identifier,,JLS SE 17,,,,,,,,कोई_ऐसी_क्रिया_नहीं_त्रुटि,,,,,,,,,,,,,,,,,,,
JAVA_NOTIFY,notify,java,identifier,,JLS SE 17,,,,,,,,संकेत,,,,,,,,,,,,,,,,,,,
JAVA_NOTIFYALL,notifyAll,java,identifier,,JLS SE 17,,,,,,,,संकेत_सब,,,,,,,,,,,,,,,,,,,
JAVA_NULLPOINTEREXCEPTION,NullPointerException,java,identifier,,JLS SE 17,,,,,,,,शून्य_सूचक_त्रुटि,,,,,,,,,,,,,,,,,,,
JAVA_OBJECT,Object,java,identifier,,JLS SE 17,,,,,,,,वस्तु,,,,,,,,,,,,,,,,,,,
JAVA_OPENCONNECTION,openConnection,java,identifier,,JLS SE 17,,,,,,,,खोलो_सम्बन्ध,,,,,,,,,,,,,,,,,,,
JAVA_OUT,out,java,identifier,,JLS SE 17,,,,,,,,बाहर,,,,,,,,,,,,,,,,,,,
JAVA_OUTPUTSTREAM,OutputStream,java,identifier,,JLS SE 17,,,,,,,,निकास_प्रवाह,,,,,,,,,,,,,,,,,,,
JAVA_PAINT,paint,java,identifier,,JLS SE 17,,,,,,,,बनाओ,,,,,,,,,,,,,,,,,,,
JAVA_PLAY,play,java,identifier,,JLS SE 17,,,,,,,,बजाओ,,,,,,,,,,,,,,,,,,,
JAVA_PRINTLN,println,java,identifier,,JLS SE 17,,,,,,,,म_लिखो_न,,,,,,,,,,,,,,,,,,,
JAVA_PRINTSTACKTRACE,printStackTrace,java,identifier,,JLS SE 17,,,,,,,,दिखाओ_ढेर,,,,,,,,,,,,,,,,,,,
JAVA_PRINTWRITER,PrintWriter,java,identifier,,JLS SE 17,,,,,,,,छापाकार,,,,,,,,,,,,,,,,,,,
JAVA_RAND,rand,java,identifier,,JLS SE 17,,,,,,,,अक्रम,,,,,,,,,,,,,,,,,,,
JAVA_READ,read,java,identifier,,JLS SE 17,,,,,,,,म_पढ़ो,,,,,,,,,,,,,,,,,,,
JAVA_READER,Reader,java,identifier,,JLS SE 17,,,,,,,,पाठक,,,,,,,,,,,,,,,,,,,
JAVA_READLINE,readLine,java,identifier,,JLS SE 17,,,,,,,,पंक्ति_पढ़ो,,,,,,,,,,,,,,,,,,,
JAVA_REGIONMATCHES,regionMatches,java,identifier,,JLS SE 17,,,,,,,,क्षेत्र_मेल,,,,,,,,,,,,,,,,,,,
JAVA_REPLACE,replace,java,identifier,,JLS SE 17,,,,,,,,प्रतिस्थापन,,,,,,,,,,,,,,,,,,,
JAVA_RESUME,resume,java,identifier,,JLS SE 17,,,,,,,,पुनः_आरम्भ,,,,,,,,,,,,,,,,,,,
JAVA_RUN,run,java,identifier,,JLS SE 17,,,,,,,,आरम्भ,,,,,,,,,,,,,,,,,,,
JAVA_RUNNABLE,Runnable,java,identifier,,JLS SE 17,,,,,,,,आरम्भ_लायक,,,,,,,,,,,,,,,,,,,
JAVA_SECURITYEXCEPTION,SecurityException,java,identifier,,JLS SE 17,,,,,,,,सुरक्षा_त्रुटि,,,,,,,,,,,,,,,,,,,
JAVA_SETINTFIELD,SetIntField,java,identifier,,JLS SE 17,,,,,,,,रखो_पूर्ण_क्षेत्र,,,,,,,,,,,,,,,,,,,
JAVA_SETNAME,setName,java,identifier,,JLS SE 17,,,,,,,,रखो_नाम,,,,,,,,,,,,,,,,,,,
JAVA_SETPRIORITY,setPriority,java,identifier,,JLS SE 17,,,,,,,,रखो_प्राथमिकता,,,,,,,,,,,,,,,,,,,
JAVA_SLEEP,sleep,java,identifier,,JLS SE 17,,,,,,,,सो_जाओ,,,,,,,,,,,,,,,,,,,
JAVA_SQRT,sqrt,java,identifier,,JLS SE 17,,,,,,,,वर्ग_मूल,,,,,,,,,,,,,,,,,,,
JAVA_START,start,java,identifier,,JLS SE 17,,,,,,,,शुरू,,,,,,,,,,,,,,,,,,,آغاز
JAVA_STARTSWITH,startsWith,java,identifier,,JLS SE 17,,,,,,,,शुरू_में,,,,,,,,,,,,,,,,,,,
JAVA_STOP,stop,java,identifier,,JLS SE 17,,,,,,,,विराम,,,,,,,,,,,,,,,,,,,
JAVA_STRING,String,java,identifier,,JLS SE 17,,,,,,,,माला_श्रेणी,,,,,,,,,,,,,,,,,,,
JAVA_STRINGBUFFER,StringBuffer,java,identifier,,JLS SE 17,,,,,,,,माला_बफर,,,,,,,,,,,,,,,,,,,
JAVA_STRINGINDEXOUTOFBOUNDS,StringIndexOutOfBounds,java,identifier,,JLS SE 17,,,,,,,,माला_सूचकांक_सीमा_खेद,,,,,,,,,,,,,,,,,,,
JAVA_SUBSTRING,substring,java,identifier,,JLS SE 17,,,,,,,,उपमाला,,,,,,,,,,,,,,,,,,,
JAVA_SUSPEND,suspend,java,identifier,,JLS SE 17,,,,,,,,स्थगित,,,,,,,,,,,,,,,,,,,
JAVA_SYSTEM,System,java,identifier,,JLS SE 17,,,,,,,,प्रणाली,,,,,,,,,,,,,,,,,,,
JAVA_THREAD,Thread,java,identifier,,JLS SE 17,,,,,,,,कड़ी,,,,,,,,,,,,,,,,,,,
JAVA_THROWABLE,Throwable,java,identifier,,JLS SE 17,,,,,,,,फेंकने_लायक,,,,,,,,,,,,,,,,,,,
JAVA_TOCHARARRAY,toCharArray,java,identifier,,JLS SE 17,,,,,,,,करो_अक्षर_व्यूह,,,,,,,,,,,,,,,,,,,
JAVA_TOLOWERCASE,toLowerCase,java,identifier,,JLS SE 17,,,,,,,,करो_छोटे,,,,,,,,,,,,,,,,,,,
JAVA_TOSTRING,toString,java,identifier,function toString() { [native code] },JLS SE 17,,,,,,,,करो_माला,,,,,,,,,,,,,,,,,,,
JAVA_TOUPPERCASE,toUpperCase,java,identifier,,JLS SE 17,,,,,,,,करो_बड़े,,,,,,,,,,,,,,,,,,,
JAVA_TRIM,trim,java,identifier,,JLS SE 17,,,,,,,,छाँटो,,,,,,,,,,,,,,,,,,,
JAVA_UNSUPPORTEDOPERATIONEXCEPTION,UnsupportedOperationException,java,identifier,,JLS SE 17,,,,,,,,क्रिया_उपलब्ध_नहीं_त्रुटि,,,,,,,,,,,,,,,,,,,
JAVA_UPDATE,update,java,identifier,,JLS SE 17,,,,,,,,नया_हाल,,,,,,,,,,,,,,,,,,,
JAVA_URLCONNECTION,URLConnection,java,identifier,,JLS SE 17,,,,,,,,वसंज्ञ_सम्बन्ध,,,,,,,,,,,,,,,,,,,
JAVA_UTIL,util,java,identifier,,JLS SE 17,,,,,,,,उपयोग,,,,,,,,,,,,,,,,,,,
JAVA_VALUEOF,valueof,java,identifier,,JLS SE 17,,,,,,,,मान,,,,,,,,,,,,,,,,,,,
JAVA_WAIT,wait,java,identifier,,JLS SE 17,,,,,,,,रुको,,,,,,,,,,,,,,,,,,,
JAVA_WRITE,write,java,identifier,,JLS SE 17,,,,,,,,म_लिखो,,,,,,,,,,,,,,,,,,,
JAVA_WRITER,Writer,java,identifier,,JLS SE 17,,,,,,,,लेखक,,,,,,,,,,,,,,,,,,,
LEX_YYLEX,yylex,lex,identifier,,POSIX.1-2017 lex,,,,,,,,श_शब्द,,,,,,,,,,,,,,,,,,,شبد_پڑھو
LEX_YYLVAL,yylval,lex,identifier,,POSIX.1-2017 lex,,,,,,,,श_ब_मान,,,,,,,,,,,,,,,,,,,شبد_قدر
LEX_YYTEXT,yytext,lex,identifier,,POSIX.1-2017 lex,,,,,,,,श_माला,,,,,,,,,,,,,,,,,,,شبد_متن
LEX_YYLINENO,yylineno,lex,identifier,,POSIX.1-2017 lex,,,,,,,,श_पंक्ति,,,,,,,,,,,,,,,,,,,شبد_سطر
YACC_YYLEX,yylex,yacc,identifier,,POSIX.1-2017 yacc,,,,,,,,श_शब्द,,,,,,,,,,,,,,,,,,,شبد_پڑھو
YACC_YYLVAL,yylval,yacc,identifier,,POSIX.1-2017 yacc,,,,,,,,श_ब_मान,,,,,,,,,,,,,,,,,,,شبد_قدر
YACC_YYTEXT,yytext,yacc,identifier,,POSIX.1-2017 yacc,,,,,,,,श_माला,,,,,,,,,,,,,,,,,,,شبد_متن
YACC_YYLINENO,yylineno,yacc,identifier,,POSIX.1-2017 yacc,,,,,,,,श_पंक्ति,,,,,,,,,,,,,,,,,,,شبد_سطر
YACC_YYPARSE,yyparse,yacc,identifier,,POSIX.1-2017 yacc,,,,,,,,व्याक,,,,,,,,,,,,,,,,,,,قواعد_پڑھو
YACC_YYERROR,yyerror,yacc,identifier,,POSIX.1-2017 yacc,,,,,,,,व्याक_त्रुटि,,,,,,,,,,,,,,,,,,,قواعد_خطا
ASM_AH,AH,asm,identifier,,x86 / gas,,,,,,,,कउ,,,,,,,,,,,,,,,,,,,
ASM_AL,AL,asm,identifier,,x86 / gas,,,,,,,,कन,,,,,,,,,,,,,,,,,,,
ASM_AX,AX,asm,identifier,,x86 / gas,,,,,,,,कक्ष,,,,,,,,,,,,,,,,,,,
ASM_BH,BH,asm,identifier,,x86 / gas,,,,,,,,खउ,,,,,,,,,,,,,,,,,,,
ASM_BL,BL,asm,identifier,,x86 / gas,,,,,,,,खन,,,,,,,,,,,,,,,,,,,
ASM_BX,BX,asm,identifier,,x86 / gas,,,,,,,,खक्ष,,,,,,,,,,,,,,,,,,,
ASM_CH,CH,asm,identifier,,x86 / gas,,,,,,,,गउ,,,,,,,,,,,,,,,,,,,
ASM_CL,CL,asm,identifier,,x86 / gas,,,,,,,,गन,,,,,,,,,,,,,,,,,,,
ASM_CX,CX,asm,identifier,,x86 / gas,,,,,,,,गक्ष,,,,,,,,,,,,,,,,,,,
ASM_DH,DH,asm,identifier,,x86 / gas,,,,,,,,घउ,,,,,,,,,,,,,,,,,,,
ASM_DL,DL,asm,identifier,,x86 / gas,,,,,,,,घन,,,,,,,,,,,,,,,,,,,
ASM_DX,DX,asm,identifier,,x86 / gas,,,,,,,,घक्ष,,,,,,,,,,,,,,,,,,,
ASM_EAX,EAX,asm,identifier,,x86 / gas,,,,,,,,बकक्ष,,,,,,,,,,,,,,,,,,,
ASM_EBX,EBX,asm,identifier,,x86 / gas,,,,,,,,बखक्ष,,,,,,,,,,,,,,,,,,,
ASM_ECX,ECX,asm,identifier,,x86 / gas,,,,,,,,बगक्ष,,,,,,,,,,,,,,,,,,,
ASM_EDX,EDX,asm,identifier,,x86 / gas,,,,,,,,बघक्ष,,,,,,,,,,,,,,,,,,,
ASM_EBP,EBP,asm,identifier,,x86 / gas,,,,,,,,बआस,,,,,,,,,,,,,,,,,,,
ASM_EIP,EIP,asm,identifier,,x86 / gas,,,,,,,,बनस,,,,,,,,,,,,,,,,,,,
ASM_EDI,EDI,asm,identifier,,x86 / gas,,,,,,,,बतक,,,,,,,,,,,,,,,,,,,
ASM_ESI,ESI,asm,identifier,,x86 / gas,,,,,,,,बढक,,,,,,,,,,,,,,,,,,,
ASM_BP,BP,asm,identifier,,x86 / gas,,,,,,,,आस,,,,,,,,,,,,,,,,,,,
ASM_IP,IP,asm,identifier,,x86 / gas,,,,,,,,नस,,,,,,,,,,,,,,,,,,,
ASM_SP,SP,asm,identifier,,x86 / gas,,,,,,,,ढस,,,,,,,,,,,,,,,,,,,
ASM_CS,CS,asm,identifier,,x86 / gas,,,,,,,,कख,,,,,,,,,,,,,,,,,,,
ASM_DS,DS,asm,identifier,,x86 / gas,,,,,,,,तख,,,,,,,,,,,,,,,,,,,
ASM_ES,ES,asm,identifier,,x86 / gas,,,,,,,,बख,,,,,,,,,,,,,,,,,,,
ASM_FS,FS,asm,identifier,,x86 / gas,,,,,,,,दख,,,,,,,,,,,,,,,,,,,
ASM_GS,GS,asm,identifier,,x86 / gas,,,,,,,,गख,,,,,,,,,,,,,,,,,,,
ASM_SS,SS,asm,identifier,,x86 / gas,,,,,,,,ढख,,,,,,,,,,,,,,,,,,,
ASM_DI,DI,asm,identifier,,x86 / gas,,,,,,,,तक,,,,,,,,,,,,,,,,,,,
ASM_SI,SI,asm,identifier,,x86 / gas,,,,,,,,ढक,,,,,,,,,,,,,,,,,,,
ASM_AND,AND,asm,identifier,,x86 / gas,,,,,,,,और,,,,,,,,,,,,,,,,,,,
ASM_BYTE,BYTE,asm,identifier,,x86 / gas,,,,,,,,बाइट,,,,,,,,,,,,,,,,,,,
ASM_COMMENT,COMMENT,asm,identifier,,x86 / gas,,,,,,,,टिप्पणी,,,,,,,,,,,,,,,,,,,
ASM_CON,CON,asm,identifier,,x86 / gas,,,,,,,,,,,,,,,,,,,,,,,,,,,
ASM_DUP,DUP,asm,identifier,,x86 / gas,,,,,,,,,,,,,,,,,,,,,,,,,,,
ASM_EQ,EQ,asm,identifier,,x86 / gas,,,,,,,,बर,,,,,,,,,,,,,,,,,,,
ASM_FAR,FAR,asm,identifier,,x86 / gas,,,,,,,,दूर,,,,,,,,,,,,,,,,,,,
ASM_GE,GE,asm,identifier,,x86 / gas,,,,,,,,जब,,,,,,,,,,,,,,,,,,,
ASM_GT,GT,asm,identifier,,x86 / gas,,,,,,,,जय,,,,,,,,,,,,,,,,,,,
ASM_HIGH,HIGH,asm,identifier,,x86 / gas,,,,,,,,उच्च,,,,,,,,,,,,,,,,,,,
ASM_LE,LE,asm,identifier,,x86 / gas,,,,,,,,कब,,,,,,,,,,,,,,,,,,,
ASM_LENGTH,LENGTH,asm,identifier,,x86 / gas,,,,,,,,नाप,,,,,,,,,,,,,,,,,,,
ASM_LINE,LINE,asm,identifier,,x86 / gas,,,,,,,,पंक्ति,,,,,,,,,,,,,,,,,,,لکیر
ASM_LOW,LOW,asm,identifier,,x86 / gas,,,,,,,,न्यून,,,,,,,,,,,,,,,,,,,
ASM_LT,LT,asm,identifier,,x86 / gas,,,,,,,,कम,,,,,,,,,,,,,,,,,,,
ASM_MASK,MASK,asm,identifier,,x86 / gas,,,,,,,,नकाब,,,,,,,,,,,,,,,,,,,
ASM_MOD,MOD,asm,identifier,,x86 / gas,,,,,,,,शेष,,,,,,,,,,,,,,,,,,,
ASM_NE,NE,asm,identifier,,x86 / gas,,,,,,,,नब,,,,,,,,,,,,,,,,,,,
ASM_NEAR,NEAR,asm,identifier,,x86 / gas,,,,,,,,निकट,,,,,,,,,,,,,,,,,,,
ASM_NOT,NOT,asm,identifier,,x86 / gas,,,,,,,,नहीं,,,,,,,,,,,,,,,,,,,
ASM_NOTHING,NOTHING,asm,identifier,,x86 / gas,,,,,,,,कुछ_नहीं,,,,,,,,,,,,,,,,,,,
ASM_OFFSET,OFFSET,asm,identifier,,x86 / gas,,,,,,,,दुरत्व,,,,,,,,,,,,,,,,,,,
ASM_OR,OR,asm,identifier,,x86 / gas,,,,,,,,या,,,,,,,,,,,,,,,,,,,
ASM_PTR,PTR,asm,identifier,,x86 / gas,,,,,,,,सूचक,,,,,,,,,,,,,,,,,,,
ASM_SEG,SEG,asm,identifier,,x86 / gas,,,,,,,,खंड,,,,,,,,,,,,,,,,,,,
ASM_SHORT,SHORT,asm,identifier,,x86 / gas,,,,,,,,लघु,,,,,,,,,,,,,,,,,,,
ASM_SIZE,SIZE,asm,identifier,,x86 / gas,,,,,,,,माप,,,,,,,,,,,,,,,,,,,
ASM_STACK,STACK,asm,identifier,,x86 / gas,,,,,,,,ढेर,,,,,,,,,,,,,,,,,,,
ASM_THIS,THIS,asm,identifier,,x86 / gas,,,,,,,,यह,,,,,,,,,,,,,,,,,,,
ASM_TYPE,TYPE,asm,identifier,,x86 / gas,,,,,,,,प्रकार,,,,,,,,,,,,,,,,,,,
ASM_WHILE,WHILE,asm,identifier,,x86 / gas,,,,,,,,जबतक,,,,,,,,,,,,,,,,,,,جبتک
ASM_WIDTH,WIDTH,asm,identifier,,x86 / gas,,,,,,,,चौड़ाई,,,,,,,,,,,,,,,,,,,
ASM_WORD,WORD,asm,identifier,,x86 / gas,,,,,,,,शब्द,,,,,,,,,,,,,,,,,,,
ASM_XOR,XOR,asm,identifier,,x86 / gas,,,,,,,,अथवा,,,,,,,,,,,,,,,,,,,
ASM_ALIGN,ALIGN,asm,identifier,,x86 / gas,,,,,,,,मिलाओ,,,,,,,,,,,,,,,,,,,
ASM__ALPHA,.ALPHA,asm,header,,x86 / gas,,,,,,,,\.सजाओ,,,,,,,,,,,,,,,,,,,
ASM_ASSUME,ASSUME,asm,identifier,,x86 / gas,,,,,,,,मानो,,,,,,,,,,,,,,,,,,,
ASM__CODE,.CODE,asm,header,,x86 / gas,,,,,,,,\.कूट,,,,,,,,,,,,,,,,,,,
ASM_COMM,COMM,asm,identifier,,x86 / gas,,,,,,,,साधारण,,,,,,,,,,,,,,,,,,,
ASM__CONST,.CONST,asm,header,,x86 / gas,,,,,,,,\.स्थिर,,,,,,,,,,,,,,,,,,,
ASM__CREF,.CREF,asm,header,,x86 / gas,,,,,,,,\.संदर्भ,,,,,,,,,,,,,,,,,,,
ASM__DATA,.DATA,asm,header,,x86 / gas,,,,,,,,\.तथ्य,,,,,,,,,,,,,,,,,,,
ASM_DB,DB,asm,identifier,,x86 / gas,,,,,,,,तब,,,,,,,,,,,,,,,,,,,
ASM_DWORD,DWORD,asm,identifier,,x86 / gas,,,,,,,,तथ्य_द्विगुन,,,,,,,,,,,,,,,,,,,
ASM_DD,DD,asm,identifier,,x86 / gas,,,,,,,,तद,,,,,,,,,,,,,,,,,,,
ASM_DF,DF,asm,identifier,,x86 / gas,,,,,,,,तदूर,,,,,,,,,,,,,,,,,,,
ASM_FWORD,FWORD,asm,identifier,,x86 / gas,,,,,,,,तथ्य_दूर,,,,,,,,,,,,,,,,,,,
ASM_DOSSEG,DOSSEG,asm,identifier,,x86 / gas,,,,,,,,डॉसखंड,,,,,,,,,,,,,,,,,,,
ASM_QWORD,QWORD,asm,identifier,,x86 / gas,,,,,,,,तथ्य_चौथ,,,,,,,,,,,,,,,,,,,
ASM_DQ,DQ,asm,identifier,,x86 / gas,,,,,,,,तच,,,,,,,,,,,,,,,,,,,
ASM_DT,DT,asm,identifier,,x86 / gas,,,,,,,,दब,,,,,,,,,,,,,,,,,,,
ASM_TWORD,TWORD,asm,identifier,,x86 / gas,,,,,,,,दस_बाइट,,,,,,,,,,,,,,,,,,,
ASM_DW,DW,asm,identifier,,x86 / gas,,,,,,,,तश,,,,,,,,,,,,,,,,,,,
ASM_ELSE,ELSE,asm,identifier,,x86 / gas,,,,,,,,अन्था,,,,,,,,,,,,,,,,,,,ورنہ
ASM_END,END,asm,identifier,,x86 / gas,,,,,,,,पूर्ण,,,,,,,,,,,,,,,,,,,ختم
ASM_ENDIF,ENDIF,asm,identifier,,x86 / gas,,,,,,,,पूर्ण_अगर,,,,,,,,,,,,,,,,,,,
ASM_ENDM,ENDM,asm,identifier,,x86 / gas,,,,,,,,पूर्ण_सक्रिया,,,,,,,,,,,,,,,,,,,
ASM_ENDP,ENDP,asm,identifier,,x86 / gas,,,,,,,,पूर्ण_क्रिया,,,,,,,,,,,,,,,,,,,
ASM_ENDS,ENDS,asm,identifier,,x86 / gas,,,,,,,,पूर्ण_खंड,,,,,,,,,,,,,,,,,,,
ASM_EQU,EQU,asm,identifier,,x86 / gas,,,,,,,,सम,,,,,,,,,,,,,,,,,,,
ASM__ERR,.ERR,asm,header,,x86 / gas,,,,,,,,\.त्रुटि,,,,,,,,,,,,,,,,,,,
ASM__ERR1,.ERR1,asm,header,,x86 / gas,,,,,,,,\.त्रुटि1,,,,,,,,,,,,,,,,,,,
ASM__ERR2,.ERR2,asm,header,,x86 / gas,,,,,,,,\.त्रुटि2,,,,,,,,,,,,,,,,,,,
ASM__ERRE,.ERRE,asm,header,,x86 / gas,,,,,,,,\.त्रुटि_सत,,,,,,,,,,,,,,,,,,,
ASM__ERRNZ,.ERRNZ,asm,header,,x86 / gas,,,,,,,,\.त्रुटि_असत,,,,,,,,,,,,,,,,,,,
ASM__ERRDEF,.ERRDEF,asm,header,,x86 / gas,,,,,,,,\.त्रुटि_घोषित,,,,,,,,,,,,,,,,,,,
ASM__ERRNDEF,.ERRNDEF,asm,header,,x86 / gas,,,,,,,,\.त्रुटि_अघोषित,,,,,,,,,,,,,,,,,,,
ASM__ERRB,.ERRB,asm,header,,x86 / gas,,,,,,,,\.त्रुटि_खाली,,,,,,,,,,,,,,,,,,,
ASM__ERRNB,.ERRNB,asm,header,,x86 / gas,,,,,,,,\.त्रुटि_न_खाली,,,,,,,,,,,,,,,,,,,
ASM__ERRIDN_I_,.ERRIDN[I],asm,header,,x86 / gas,,,,,,,,\.त्रुटि_सम_माला,,,,,,,,,,,,,,,,,,,
ASM__ERRDIF_I_,.ERRDIF[I],asm,header,,x86 / gas,,,,,,,,\.त्रुटि_असम_माला,,,,,,,,,,,,,,,,,,,
ASM_EVEN,EVEN,asm,identifier,,x86 / gas,,,,,,,,जोड़_मिल,,,,,,,,,,,,,,,,,,,
ASM__EXIT,.EXIT,asm,header,,x86 / gas,,,,,,,,\.निकास,,,,,,,,,,,,,,,,,,,
ASM_EXITM,EXITM,asm,identifier,,x86 / gas,,,,,,,,निकासक,,,,,,,,,,,,,,,,,,,
ASM_EXTERN,EXTERN,asm,identifier,,x86 / gas,,,,,,,,,,,,,,,,,,,,,,,,,,,
ASM_EXTRN,EXTRN,asm,identifier,,x86 / gas,,,,,,,,बाह्य,,,,,,,,,,,,,,,,,,,
ASM__FARDATA,.FARDATA,asm,header,,x86 / gas,,,,,,,,\.दूरतथ्य,,,,,,,,,,,,,,,,,,,
ASM_GROUP,GROUP,asm,identifier,,x86 / gas,,,,,,,,समूह,,,,,,,,,,,,,,,,,,,
ASM_IF,IF,asm,identifier,,x86 / gas,,,,,,,,अगर,,,,,,,,,,,,,,,,,,,اگر
ASM_IF1,IF1,asm,identifier,,x86 / gas,,,,,,,,अगर1,,,,,,,,,,,,,,,,,,,
ASM_IF2,IF2,asm,identifier,,x86 / gas,,,,,,,,अगर2,,,,,,,,,,,,,,,,,,,
ASM_IFB,IFB,asm,identifier,,x86 / gas,,,,,,,,अगर_खाली,,,,,,,,,,,,,,,,,,,
ASM_IFDEF,IFDEF,asm,identifier,,x86 / gas,,,,,,,,अगर_घोषित,,,,,,,,,,,,,,,,,,,
ASM_IFDIF,IFDIF,asm,identifier,,x86 / gas,,,,,,,,अगर_असम,,,,,,,,,,,,,,,,,,,
ASM_IFE,IFE,asm,identifier,,x86 / gas,,,,,,,,अगर_असत,,,,,,,,,,,,,,,,,,,
ASM_IFIDN,IFIDN,asm,identifier,,x86 / gas,,,,,,,,अगर_सम,,,,,,,,,,,,,,,,,,,
ASM_IFNB,IFNB,asm,identifier,,x86 / gas,,,,,,,,अगर_भरा,,,,,,,,,,,,,,,,,,,
ASM_IFNDEF,IFNDEF,asm,identifier,,x86 / gas,,,,,,,,अगर_अघोषित,,,,,,,,,,,,,,,,,,,
ASM_INCLUDE,INCLUDE,asm,identifier,,x86 / gas,,,,,,,,समावेश,,,,,,,,,,,,,,,,,,,
ASM_INCLUDELIB,INCLUDELIB,asm,identifier,,x86 / gas,,,,,,,,समाकोष,,,,,,,,,,,,,,,,,,,
ASM_IRP,IRP,asm,identifier,,x86 / gas,,,,,,,,क्रम,,,,,,,,,,,,,,,,,,,
ASM_IRPC,IRPC,asm,identifier,,x86 / gas,,,,,,,,क्रमअ,,,,,,,,,,,,,,,,,,,
ASM_LABEL,LABEL,asm,identifier,,x86 / gas,,,,,,,,मोहर,,,,,,,,,,,,,,,,,,,
ASM__LALL,.LALL,asm,header,,x86 / gas,,,,,,,,,,,,,,,,,,,,,,,,,,,
ASM__LFCOND,.LFCOND,asm,header,,x86 / gas,,,,,,,,,,,,,,,,,,,,,,,,,,,
ASM__LIST,.LIST,asm,header,,x86 / gas,,,,,,,,\.दिखाओ,,,,,,,,,,,,,,,,,,,
ASM_LOCAL,LOCAL,asm,identifier,,x86 / gas,,,,,,,,स्थानीय,,,,,,,,,,,,,,,,,,,
ASM__MODEL,.MODEL,asm,header,,x86 / gas,,,,,,,,\.स्वरूप,,,,,,,,,,,,,,,,,,,
ASM_MACRO,MACRO,asm,identifier,,x86 / gas,,,,,,,,सक्रिया,,,,,,,,,,,,,,,,,,,
ASM_NAME,NAME,asm,identifier,,x86 / gas,,,,,,,,नाम,,,,,,,,,,,,,,,,,,,
ASM_ORG,ORG,asm,identifier,,x86 / gas,,,,,,,,शुरू,,,,,,,,,,,,,,,,,,,
ASM_PAGE,PAGE,asm,identifier,,x86 / gas,,,,,,,,पृष्ठ,,,,,,,,,,,,,,,,,,,
ASM_PROC,PROC,asm,identifier,,x86 / gas,,,,,,,,क्रिया,,,,,,,,,,,,,,,,,,,
ASM_PUBLIC,PUBLIC,asm,identifier,,x86 / gas,,,,,,,,सार्व,,,,,,,,,,,,,,,,,,,
ASM_PURGE,PURGE,asm,identifier,,x86 / gas,,,,,,,,सीमित,,,,,,,,,,,,,,,,,,,
ASM__RADIX,.RADIX,asm,header,,x86 / gas,,,,,,,,\.आधार,,,,,,,,,,,,,,,,,,,
ASM_RECORD,RECORD,asm,identifier,,x86 / gas,,,,,,,,अभिलेख,,,,,,,,,,,,,,,,,,,
ASM_REPT,REPT,asm,identifier,,x86 / gas,,,,,,,,दोहराओ,,,,,,,,,,,,,,,,,,,
ASM__SALL,.SALL,asm,header,,x86 / gas,,,,,,,,\.मत_यंत्र,,,,,,,,,,,,,,,,,,,
ASM_SEGMENT,SEGMENT,asm,identifier,,x86 / gas,,,,,,,,अखंड,,,,,,,,,,,,,,,,,,,
ASM__SEQ,.SEQ,asm,header,,x86 / gas,,,,,,,,\.मूल,,,,,,,,,,,,,,,,,,,
ASM__SFCOND,.SFCOND,asm,header,,x86 / gas,,,,,,,,,,,,,,,,,,,,,,,,,,,
ASM__STACK,.STACK,asm,header,,x86 / gas,,,,,,,,\.ढेर,,,,,,,,,,,,,,,,,,,
ASM_STRUC,STRUC,asm,identifier,,x86 / gas,,,,,,,,ढाँचा,,,,,,,,,,,,,,,,,,,
ASM_SUBTTL,SUBTTL,asm,identifier,,x86 / gas,,,,,,,,उपशीर्षक,,,,,,,,,,,,,,,,,,,
ASM__TFCOND,.TFCOND,asm,header,,x86 / gas,,,,,,,,,,,,,,,,,,,,,,,,,,,
ASM_TITLE,TITLE,asm,identifier,,x86 / gas,,,,,,,,शीर्षक,,,,,,,,,,,,,,,,,,,
ASM_UNI0N,UNI0N,asm,identifier,,x86 / gas,,,,,,,,जोड़,,,,,,,,,,,,,,,,,,,
ASM__XALL,.XALL,asm,header,,x86 / gas,,,,,,,,\.मत_कोई,,,,,,,,,,,,,,,,,,,
ASM__XCREF,.XCREF,asm,header,,x86 / gas,,,,,,,,\.असंदर्भ,,,,,,,,,,,,,,,,,,,
ASM__XLIST,.XLIST,asm,header,,x86 / gas,,,,,,,,\.मत_दिखाओ,,,,,,,,,,,,,,,,,,,
ASM_ENTRY,ENTRY,asm,identifier,,x86 / gas,,,,,,,,प्रथम,,,,,,,,,,,,,,,,,,,
ASM_FORMAT,FORMAT,asm,identifier,,x86 / gas,,,,,,,,विधि,,,,,,,,,,,,,,,,,,,
ASM_EXECUTABLE,EXECUTABLE,asm,identifier,,x86 / gas,,,,,,,,प्रयोग,,,,,,,,,,,,,,,,,,,
ASM_READABLE,READABLE,asm,identifier,,x86 / gas,,,,,,,,पाठक,,,,,,,,,,,,,,,,,,,
ASM_WRITEABLE,WRITEABLE,asm,identifier,,x86 / gas,,,,,,,,लेखक,,,,,,,,,,,,,,,,,,,
ASM_AAA,AAA,asm,identifier,,x86 / gas,,,,,,,,जठ,,,,,,,,,,,,,,,,,,,
ASM_AAD,AAD,asm,identifier,,x86 / gas,,,,,,,,भाठ,,,,,,,,,,,,,,,,,,,
ASM_AAM,AAM,asm,identifier,,x86 / gas,,,,,,,,गठ,,,,,,,,,,,,,,,,,,,
ASM_AAS,AAS,asm,identifier,,x86 / gas,,,,,,,,घठ,,,,,,,,,,,,,,,,,,,
ASM_ADC,ADC,asm,identifier,,x86 / gas,,,,,,,,जढ,,,,,,,,,,,,,,,,,,,
ASM_ADD,ADD,asm,identifier,,x86 / gas,,,,,,,,जमा,,,,,,,,,,,,,,,,,,,
ASM_ARPL,ARPL,asm,identifier,,x86 / gas,,,,,,,,छसठ,,,,,,,,,,,,,,,,,,,
ASM_BOUND,BOUND,asm,identifier,,x86 / gas,,,,,,,,सीमा,,,,,,,,,,,,,,,,,,,
ASM_BSF,BSF,asm,identifier,,x86 / gas,,,,,,,,अब,,,,,,,,,,,,,,,,,,,
ASM_BSR,BSR,asm,identifier,,x86 / gas,,,,,,,,पब,,,,,,,,,,,,,,,,,,,
ASM_BT,BT,asm,identifier,,x86 / gas,,,,,,,,बिटज,,,,,,,,,,,,,,,,,,,
ASM_BTC,BTC,asm,identifier,,x86 / gas,,,,,,,,बजविप,,,,,,,,,,,,,,,,,,,
ASM_BTR,BTR,asm,identifier,,x86 / gas,,,,,,,,बजप,,,,,,,,,,,,,,,,,,,
ASM_BTS,BTS,asm,identifier,,x86 / gas,,,,,,,,बजव,,,,,,,,,,,,,,,,,,,
ASM_CALL,CALL,asm,identifier,,x86 / gas,,,,,,,,आरम्भ,,,,,,,,,,,,,,,,,,,بلاؤ
ASM_CBW,CBW,asm,identifier,,x86 / gas,,,,,,,,बसश,,,,,,,,,,,,,,,,,,,
ASM_CDQ,CDQ,asm,identifier,,x86 / gas,,,,,,,,दसच,,,,,,,,,,,,,,,,,,,
ASM_CLC,CLC,asm,identifier,,x86 / gas,,,,,,,,सढझ,,,,,,,,,,,,,,,,,,,
ASM_CLD,CLD,asm,identifier,,x86 / gas,,,,,,,,सदझ,,,,,,,,,,,,,,,,,,,
ASM_CLI,CLI,asm,identifier,,x86 / gas,,,,,,,,वब,,,,,,,,,,,,,,,,,,,
ASM_CLTS,CLTS,asm,identifier,,x86 / gas,,,,,,,,सकब,,,,,,,,,,,,,,,,,,,
ASM_CMC,CMC,asm,identifier,,x86 / gas,,,,,,,,वढ,,,,,,,,,,,,,,,,,,,
ASM_CMP,CMP,asm,identifier,,x86 / gas,,,,,,,,भेद,,,,,,,,,,,,,,,,,,,
ASM_CMPSB,CMPSB,asm,identifier,,x86 / gas,,,,,,,,भमाब,,,,,,,,,,,,,,,,,,,
ASM_CMPSW,CMPSW,asm,identifier,,x86 / gas,,,,,,,,भमाश,,,,,,,,,,,,,,,,,,,
ASM_CMPXCHG,CMPXCHG,asm,identifier,,x86 / gas,,,,,,,,भेद_बदल,,,,,,,,,,,,,,,,,,,
ASM_CMPXCHG8B,CMPXCHG8B,asm,identifier,,x86 / gas,,,,,,,,भेद_बदल_8ब,,,,,,,,,,,,,,,,,,,
ASM_CWD,CWD,asm,identifier,,x86 / gas,,,,,,,,शसद,,,,,,,,,,,,,,,,,,,
ASM_DAA,DAA,asm,identifier,,x86 / gas,,,,,,,,दजठ,,,,,,,,,,,,,,,,,,,
ASM_DAS,DAS,asm,identifier,,x86 / gas,,,,,,,,दघठ,,,,,,,,,,,,,,,,,,,
ASM_DEC,DEC,asm,identifier,,x86 / gas,,,,,,,,नफा,,,,,,,,,,,,,,,,,,,
ASM_DIV,DIV,asm,identifier,,x86 / gas,,,,,,,,भाग,,,,,,,,,,,,,,,,,,,
ASM_ENTER,ENTER,asm,identifier,,x86 / gas,,,,,,,,प्रवेश,,,,,,,,,,,,,,,,,,,
ASM_ESC,ESC,asm,identifier,,x86 / gas,,,,,,,,,,,,,,,,,,,,,,,,,,,
ASM_HLT,HLT,asm,identifier,,x86 / gas,,,,,,,,रुको,,,,,,,,,,,,,,,,,,,
ASM_IDIV,IDIV,asm,identifier,,x86 / gas,,,,,,,,पभ,,,,,,,,,,,,,,,,,,,
ASM_IMUL,IMUL,asm,identifier,,x86 / gas,,,,,,,,पग,,,,,,,,,,,,,,,,,,,
ASM_IN,IN,asm,identifier,,x86 / gas,,,,,,,,अंदर,,,,,,,,,,,,,,,,,,,
ASM_INC,INC,asm,identifier,,x86 / gas,,,,,,,,लाभ,,,,,,,,,,,,,,,,,,,
ASM_INSB,INSB,asm,identifier,,x86 / gas,,,,,,,,अमब,,,,,,,,,,,,,,,,,,,
ASM_INSW,INSW,asm,identifier,,x86 / gas,,,,,,,,अमश,,,,,,,,,,,,,,,,,,,
ASM_INT,INT,asm,identifier,,x86 / gas,,,,,,,,विघ्न,,,,,,,,,,,,,,,,,,,
ASM_INT3,INT3,asm,identifier,,x86 / gas,,,,,,,,विघ्न3,,,,,,,,,,,,,,,,,,,
ASM_INTO,INTO,asm,identifier,,x86 / gas,,,,,,,,विघ्नअ,,,,,,,,,,,,,,,,,,,
ASM_IRET,IRET,asm,identifier,,x86 / gas,,,,,,,,ववाप,,,,,,,,,,,,,,,,,,,
ASM_JA,JA,asm,identifier,,x86 / gas,,,,,,,,लऊ,,,,,,,,,,,,,,,,,,,
ASM_JAE,JAE,asm,identifier,,x86 / gas,,,,,,,,लऊब,,,,,,,,,,,,,,,,,,,
ASM_JB,JB,asm,identifier,,x86 / gas,,,,,,,,लन,,,,,,,,,,,,,,,,,,,
ASM_JBE,JBE,asm,identifier,,x86 / gas,,,,,,,,लनीब,,,,,,,,,,,,,,,,,,,
ASM_JCXZ,JCXZ,asm,identifier,,x86 / gas,,,,,,,,लगश,,,,,,,,,,,,,,,,,,,
ASM_JE,JE,asm,identifier,,x86 / gas,,,,,,,,लब,,,,,,,,,,,,,,,,,,,
ASM_JECXZ,JECXZ,asm,identifier,,x86 / gas,,,,,,,,लबगश,,,,,,,,,,,,,,,,,,,
ASM_JG,JG,asm,identifier,,x86 / gas,,,,,,,,लज,,,,,,,,,,,,,,,,,,,
ASM_JGE,JGE,asm,identifier,,x86 / gas,,,,,,,,लजब,,,,,,,,,,,,,,,,,,,
ASM_JL,JL,asm,identifier,,x86 / gas,,,,,,,,लक,,,,,,,,,,,,,,,,,,,
ASM_JLE,JLE,asm,identifier,,x86 / gas,,,,,,,,लकब,,,,,,,,,,,,,,,,,,,
ASM_JMP,JMP,asm,identifier,,x86 / gas,,,,,,,,लाँघ,,,,,,,,,,,,,,,,,,,
ASM_JNA,JNA,asm,identifier,,x86 / gas,,,,,,,,लनऊ,,,,,,,,,,,,,,,,,,,
ASM_JNAE,JNAE,asm,identifier,,x86 / gas,,,,,,,,लनऊब,,,,,,,,,,,,,,,,,,,
ASM_JNB,JNB,asm,identifier,,x86 / gas,,,,,,,,लनन,,,,,,,,,,,,,,,,,,,
ASM_JNBE,JNBE,asm,identifier,,x86 / gas,,,,,,,,लननब,,,,,,,,,,,,,,,,,,,
ASM_JNE,JNE,asm,identifier,,x86 / gas,,,,,,,,लनब,,,,,,,,,,,,,,,,,,,
ASM_JNG,JNG,asm,identifier,,x86 / gas,,,,,,,,लनज,,,,,,,,,,,,,,,,,,,
ASM_JNGE,JNGE,asm,identifier,,x86 / gas,,,,,,,,लनजब,,,,,,,,,,,,,,,,,,,
ASM_JNL,JNL,asm,identifier,,x86 / gas,,,,,,,,लनक,,,,,,,,,,,,,,,,,,,
ASM_JNLE,JNLE,asm,identifier,,x86 / gas,,,,,,,,लनकब,,,,,,,,,,,,,,,,,,,
ASM_JNO,JNO,asm,identifier,,x86 / gas,,,,,,,,लनअ,,,,,,,,,,,,,,,,,,,
ASM_JNP,JNP,asm,identifier,,x86 / gas,,,,,,,,लनम,,,,,,,,,,,,,,,,,,,
ASM_JNS,JNS,asm,identifier,,x86 / gas,,,,,,,,लनच,,,,,,,,,,,,,,,,,,,
ASM_JNZ,JNZ,asm,identifier,,x86 / gas,,,,,,,,लनश,,,,,,,,,,,,,,,,,,,
ASM_JO,JO,asm,identifier,,x86 / gas,,,,,,,,लअ,,,,,,,,,,,,,,,,,,,
ASM_JP,JP,asm,identifier,,x86 / gas,,,,,,,,लम,,,,,,,,,,,,,,,,,,,
ASM_JPE,JPE,asm,identifier,,x86 / gas,,,,,,,,लमब,,,,,,,,,,,,,,,,,,,
ASM_JPO,JPO,asm,identifier,,x86 / gas,,,,,,,,लमअ,,,,,,,,,,,,,,,,,,,
ASM_JS,JS,asm,identifier,,x86 / gas,,,,,,,,लच,,,,,,,,,,,,,,,,,,,
ASM_JZ,JZ,asm,identifier,,x86 / gas,,,,,,,,लश,,,,,,,,,,,,,,,,,,,
ASM_LAHF,LAHF,asm,identifier,,x86 / gas,,,,,,,,भकझ,,,,,,,,,,,,,,,,,,,
ASM_LAR,LAR,asm,identifier,,x86 / gas,,,,,,,,भअ,,,,,,,,,,,,,,,,,,,
ASM_LDS,LDS,asm,identifier,,x86 / gas,,,,,,,,भतख,,,,,,,,,,,,,,,,,,,
ASM_LEA,LEA,asm,identifier,,x86 / gas,,,,,,,,भठ,,,,,,,,,,,,,,,,,,,
ASM_LEAVE,LEAVE,asm,identifier,,x86 / gas,,,,,,,,निकलो,,,,,,,,,,,,,,,,,,,
ASM_LES,LES,asm,identifier,,x86 / gas,,,,,,,,भबख,,,,,,,,,,,,,,,,,,,
ASM_LFS,LFS,asm,identifier,,x86 / gas,,,,,,,,भदख,,,,,,,,,,,,,,,,,,,
ASM_LGDT,LGDT,asm,identifier,,x86 / gas,,,,,,,,भव्या,,,,,,,,,,,,,,,,,,,
ASM_LGS,LGS,asm,identifier,,x86 / gas,,,,,,,,भगख,,,,,,,,,,,,,,,,,,,
ASM_LIDT,LIDT,asm,identifier,,x86 / gas,,,,,,,,भविघ्न,,,,,,,,,,,,,,,,,,,
ASM_LLDT,LLDT,asm,identifier,,x86 / gas,,,,,,,,भस्था,,,,,,,,,,,,,,,,,,,
ASM_LMSW,LMSW,asm,identifier,,x86 / gas,,,,,,,,भयअ,,,,,,,,,,,,,,,,,,,
ASM_LOCK,LOCK,asm,identifier,,x86 / gas,,,,,,,,ताला,,,,,,,,,,,,,,,,,,,
ASM_LODSB,LODSB,asm,identifier,,x86 / gas,,,,,,,,भमब,,,,,,,,,,,,,,,,,,,
ASM_LODSW,LODSW,asm,identifier,,x86 / gas,,,,,,,,भमश,,,,,,,,,,,,,,,,,,,
ASM_LOOP,LOOP,asm,identifier,,x86 / gas,,,,,,,,फिर,,,,,,,,,,,,,,,,,,,دہراؤ
ASM_LOOPE,LOOPE,asm,identifier,,x86 / gas,,,,,,,,फिरबर,,,,,,,,,,,,,,,,,,,
ASM_LOOPNE,LOOPNE,asm,identifier,,x86 / gas,,,,,,,,फिरनब,,,,,,,,,,,,,,,,,,,
ASM_LOOPNZ,LOOPNZ,asm,identifier,,x86 / gas,,,,,,,,फिरनश,,,,,,,,,,,,,,,,,,,
ASM_LOOPZ,LOOPZ,asm,identifier,,x86 / gas,,,,,,,,फिरश,,,,,,,,,,,,,,,,,,,
ASM_LSL,LSL,asm,identifier,,x86 / gas,,,,,,,,भखस,,,,,,,,,,,,,,,,,,,
ASM_LSS,LSS,asm,identifier,,x86 / gas,,,,,,,,भढख,,,,,,,,,,,,,,,,,,,
ASM_LTR,LTR,asm,identifier,,x86 / gas,,,,,,,,भखर,,,,,,,,,,,,,,,,,,,
ASM_MOV,MOV,asm,identifier,,x86 / gas,,,,,,,,डालो,,,,,,,,,,,,,,,,,,,
ASM_MOVSB,MOVSB,asm,identifier,,x86 / gas,,,,,,,,डालोमब,,,,,,,,,,,,,,,,,,,
ASM_MOVSW,MOVSW,asm,identifier,,x86 / gas,,,,,,,,डालोमश,,,,,,,,,,,,,,,,,,,
ASM_MOVSX,MOVSX,asm,identifier,,x86 / gas,,,,,,,,डचअ,,,,,,,,,,,,,,,,,,,
ASM_MOVZX,MOVZX,asm,identifier,,x86 / gas,,,,,,,,डशअ,,,,,,,,,,,,,,,,,,,
ASM_MUL,MUL,asm,identifier,,x86 / gas,,,,,,,,गुणा,,,,,,,,,,,,,,,,,,,
ASM_NEG,NEG,asm,identifier,,x86 / gas,,,,,,,,नकार,,,,,,,,,,,,,,,,,,,
ASM_NOP,NOP,asm,identifier,,x86 / gas,,,,,,,,वक्रि,,,,,,,,,,,,,,,,,,,
ASM_OUT,OUT,asm,identifier,,x86 / gas,,,,,,,,बाहर,,,,,,,,,,,,,,,,,,,
ASM_OUTSB,OUTSB,asm,identifier,,x86 / gas,,,,,,,,बमब,,,,,,,,,,,,,,,,,,,
ASM_OUTSW,OUTSW,asm,identifier,,x86 / gas,,,,,,,,बमश,,,,,,,,,,,,,,,,,,,
ASM_POP,POP,asm,identifier,,x86 / gas,,,,,,,,लो,,,,,,,,,,,,,,,,,,,
ASM_POPA,POPA,asm,identifier,,x86 / gas,,,,,,,,लोस,,,,,,,,,,,,,,,,,,,
ASM_POPAD,POPAD,asm,identifier,,x86 / gas,,,,,,,,लोसद,,,,,,,,,,,,,,,,,,,
ASM_POPF,POPF,asm,identifier,,x86 / gas,,,,,,,,लोझ,,,,,,,,,,,,,,,,,,,
ASM_POPFD,POPFD,asm,identifier,,x86 / gas,,,,,,,,लोझद,,,,,,,,,,,,,,,,,,,
ASM_PUSH,PUSH,asm,identifier,,x86 / gas,,,,,,,,दो,,,,,,,,,,,,,,,,,,,
ASM_PUSHA,PUSHA,asm,identifier,,x86 / gas,,,,,,,,दोस,,,,,,,,,,,,,,,,,,,
ASM_PUSHAD,PUSHAD,asm,identifier,,x86 / gas,,,,,,,,दोसद,,,,,,,,,,,,,,,,,,,
ASM_PUSHF,PUSHF,asm,identifier,,x86 / gas,,,,,,,,दोझ,,,,,,,,,,,,,,,,,,,
ASM_PUSHFD,PUSHFD,asm,identifier,,x86 / gas,,,,,,,,दोझद,,,,,,,,,,,,,,,,,,,
ASM_RCL,RCL,asm,identifier,,x86 / gas,,,,,,,,घढब,,,,,,,,,,,,,,,,,,,
ASM_RCR,RCR,asm,identifier,,x86 / gas,,,,,,,,घढद,,,,,,,,,,,,,,,,,,,
ASM_REP,REP,asm,identifier,,x86 / gas,,,,,,,,पुनः,,,,,,,,,,,,,,,,,,,
ASM_REPE,REPE,asm,identifier,,x86 / gas,,,,,,,,पुनःब,,,,,,,,,,,,,,,,,,,
ASM_REPNE,REPNE,asm,identifier,,x86 / gas,,,,,,,,पुनःनब,,,,,,,,,,,,,,,,,,,
ASM_REPNZ,REPNZ,asm,identifier,,x86 / gas,,,,,,,,पुनःनश,,,,,,,,,,,,,,,,,,,
ASM_REPZ,REPZ,asm,identifier,,x86 / gas,,,,,,,,पुनःश,,,,,,,,,,,,,,,,,,,
ASM_RET,RET,asm,identifier,,x86 / gas,,,,,,,,वापस,,,,,,,,,,,,,,,,,,,
ASM_RETF,RETF,asm,identifier,,x86 / gas,,,,,,,,वापद,,,,,,,,,,,,,,,,,,,
ASM_ROL,ROL,asm,identifier,,x86 / gas,,,,,,,,घब,,,,,,,,,,,,,,,,,,,
ASM_ROR,ROR,asm,identifier,,x86 / gas,,,,,,,,घद,,,,,,,,,,,,,,,,,,,
ASM_SAHF,SAHF,asm,identifier,,x86 / gas,,,,,,,,रकझ,,,,,,,,,,,,,,,,,,,
ASM_SAL,SAL,asm,identifier,,x86 / gas,,,,,,,,हगब,,,,,,,,,,,,,,,,,,,
ASM_SAR,SAR,asm,identifier,,x86 / gas,,,,,,,,हगद,,,,,,,,,,,,,,,,,,,
ASM_SHL,SHL,asm,identifier,,x86 / gas,,,,,,,,हब,,,,,,,,,,,,,,,,,,,
ASM_SHR,SHR,asm,identifier,,x86 / gas,,,,,,,,हद,,,,,,,,,,,,,,,,,,,
ASM_SHLD,SHLD,asm,identifier,,x86 / gas,,,,,,,,हबद,,,,,,,,,,,,,,,,,,,
ASM_SHRD,SHRD,asm,identifier,,x86 / gas,,,,,,,,हदद,,,,,,,,,,,,,,,,,,,
ASM_SBB,SBB,asm,identifier,,x86 / gas,,,,,,,,घउध,,,,,,,,,,,,,,,,,,,
ASM_SCASB,SCASB,asm,identifier,,x86 / gas,,,,,,,,पमब,,,,,,,,,,,,,,,,,,,
ASM_SCASW,SCASW,asm,identifier,,x86 / gas,,,,,,,,पमश,,,,,,,,,,,,,,,,,,,
ASM_SETA,SETA,asm,identifier,,x86 / gas,,,,,,,,रऊ,,,,,,,,,,,,,,,,,,,
ASM_SETAE,SETAE,asm,identifier,,x86 / gas,,,,,,,,रऊब,,,,,,,,,,,,,,,,,,,
ASM_SETB,SETB,asm,identifier,,x86 / gas,,,,,,,,रन,,,,,,,,,,,,,,,,,,,
ASM_SETBE,SETBE,asm,identifier,,x86 / gas,,,,,,,,रनब,,,,,,,,,,,,,,,,,,,
ASM_SETE,SETE,asm,identifier,,x86 / gas,,,,,,,,रब,,,,,,,,,,,,,,,,,,,
ASM_SETG,SETG,asm,identifier,,x86 / gas,,,,,,,,रज,,,,,,,,,,,,,,,,,,,
ASM_SETGE,SETGE,asm,identifier,,x86 / gas,,,,,,,,रजब,,,,,,,,,,,,,,,,,,,
ASM_SETL,SETL,asm,identifier,,x86 / gas,,,,,,,,रक,,,,,,,,,,,,,,,,,,,
ASM_SETLE,SETLE,asm,identifier,,x86 / gas,,,,,,,,रकब,,,,,,,,,,,,,,,,,,,
ASM_SETNA,SETNA,asm,identifier,,x86 / gas,,,,,,,,रनऊ,,,,,,,,,,,,,,,,,,,
ASM_SETNAE,SETNAE,asm,identifier,,x86 / gas,,,,,,,,रनऊब,,,,,,,,,,,,,,,,,,,
ASM_SETNB,SETNB,asm,identifier,,x86 / gas,,,,,,,,रनन,,,,,,,,,,,,,,,,,,,
ASM_SETNBE,SETNBE,asm,identifier,,x86 / gas,,,,,,,,रननब,,,,,,,,,,,,,,,,,,,
ASM_SETNE,SETNE,asm,identifier,,x86 / gas,,,,,,,,रनाब,,,,,,,,,,,,,,,,,,,
ASM_SETNG,SETNG,asm,identifier,,x86 / gas,,,,,,,,रनज,,,,,,,,,,,,,,,,,,,
ASM_SETNGE,SETNGE,asm,identifier,,x86 / gas,,,,,,,,रनजब,,,,,,,,,,,,,,,,,,,
ASM_SETNL,SETNL,asm,identifier,,x86 / gas,,,,,,,,रनक,,,,,,,,,,,,,,,,,,,
ASM_SETNLE,SETNLE,asm,identifier,,x86 / gas,,,,,,,,रनकब,,,,,,,,,,,,,,,,,,,
ASM_SETNO,SETNO,asm,identifier,,x86 / gas,,,,,,,,रनअ,,,,,,,,,,,,,,,,,,,
ASM_SETNP,SETNP,asm,identifier,,x86 / gas,,,,,,,,रनम,,,,,,,,,,,,,,,,,,,
ASM_SETNS,SETNS,asm,identifier,,x86 / gas,,,,,,,,रनच,,,,,,,,,,,,,,,,,,,
ASM_SETNZ,SETNZ,asm,identifier,,x86 / gas,,,,,,,,रनश,,,,,,,,,,,,,,,,,,,
ASM_SETO,SETO,asm,identifier,,x86 / gas,,,,,,,,रअ,,,,,,,,,,,,,,,,,,,
ASM_SETP,SETP,asm,identifier,,x86 / gas,,,,,,,,रम,,,,,,,,,,,,,,,,,,,
ASM_SETPE,SETPE,asm,identifier,,x86 / gas,,,,,,,,रमब,,,,,,,,,,,,,,,,,,,
ASM_SETPO,SETPO,asm,identifier,,x86 / gas,,,,,,,,रमअ,,,,,,,,,,,,,,,,,,,
ASM_SETS,SETS,asm,identifier,,x86 / gas,,,,,,,,रच,,,,,,,,,,,,,,,,,,,
ASM_SETZ,SETZ,asm,identifier,,x86 / gas,,,,,,,,रश,,,,,,,,,,,,,,,,,,,
ASM_SGDT,SGDT,asm,identifier,,x86 / gas,,,,,,,,रखो_व्याख्या,,,,,,,,,,,,,,,,,,,
ASM_SIDT,SIDT,asm,identifier,,x86 / gas,,,,,,,,रखो_विघ्न,,,,,,,,,,,,,,,,,,,
ASM_SLDT,SLDT,asm,identifier,,x86 / gas,,,,,,,,रखो_स्थानीय,,,,,,,,,,,,,,,,,,,
ASM_SMSW,SMSW,asm,identifier,,x86 / gas,,,,,,,,रयअ,,,,,,,,,,,,,,,,,,,
ASM_STC,STC,asm,identifier,,x86 / gas,,,,,,,,रढझ,,,,,,,,,,,,,,,,,,,
ASM_STD,STD,asm,identifier,,x86 / gas,,,,,,,,रदझ,,,,,,,,,,,,,,,,,,,
ASM_STI,STI,asm,identifier,,x86 / gas,,,,,,,,वश,,,,,,,,,,,,,,,,,,,
ASM_STOSB,STOSB,asm,identifier,,x86 / gas,,,,,,,,रखमब,,,,,,,,,,,,,,,,,,,
ASM_STOSW,STOSW,asm,identifier,,x86 / gas,,,,,,,,रखमश,,,,,,,,,,,,,,,,,,,
ASM_STR,STR,asm,identifier,,x86 / gas,,,,,,,,रक्रिर,,,,,,,,,,,,,,,,,,,
ASM_SUB,SUB,asm,identifier,,x86 / gas,,,,,,,,घटा,,,,,,,,,,,,,,,,,,,ذیلیعمل
ASM_TEST,TEST,asm,identifier,,x86 / gas,,,,,,,,जाँच,,,,,,,,,,,,,,,,,,,
ASM_VERR,VERR,asm,identifier,,x86 / gas,,,,,,,,सल,,,,,,,,,,,,,,,,,,,
ASM_VERRW,VERRW,asm,identifier,,x86 / gas,,,,,,,,सप,,,,,,,,,,,,,,,,,,,
ASM_WAIT,WAIT,asm,identifier,,x86 / gas,,,,,,,,विलंब,,,,,,,,,,,,,,,,,,,
ASM_XADD,XADD,asm,identifier,,x86 / gas,,,,,,,,बज,,,,,,,,,,,,,,,,,,,
ASM_XCHG,XCHG,asm,identifier,,x86 / gas,,,,,,,,बदलो,,,,,,,,,,,,,,,,,,,
ASM_XLAT,XLAT,asm,identifier,,x86 / gas,,,,,,,,अनु,,,,,,,,,,,,,,,,,,,
ASM_TINY,TINY,asm,identifier,,x86 / gas,,,,,,,,ढाँचा_क्षुद्र,,,,,,,,,,,,,,,,,,,
ASM_SMALL,SMALL,asm,identifier,,x86 / gas,,,,,,,,ढाँचा_छोटा,,,,,,,,,,,,,,,,,,,
ASM_COMPACT,COMPACT,asm,identifier,,x86 / gas,,,,,,,,ढाँचा_कठोर,,,,,,,,,,,,,,,,,,,
ASM_LARGE,LARGE,asm,identifier,,x86 / gas,,,,,,,,ढाँचा_बड़ा,,,,,,,,,,,,,,,,,,,
ASM_HUGE,HUGE,asm,identifier,,x86 / gas,,,,,,,,ढाँचा_बृहत,,,,,,,,,,,,,,,,,,,
